0B2.DE	BAWAG Group AG	173.60			1.27%
1FC.DE	FACC AG	16.34			0.61%
1GBS.DE	GBS Software AG	4.44			0%
1SXP.DE	SCHOTT Pharma AG & Co KgaA	22.75			0.78%
1U1.DE	1&1 AG	21.05			0.23%
22UA.DE	Biontech SE	94.65			0%
2HRA.DE	H&R GmbH & Co KgaA	6.10			0%
2INV.DE	2Invest AG	7.94			0%
2M6.DE	Medtronic PLC	79.18			3.09%
3SQ1.DE	AHT Syngas Technology NV	1.91			0%
4DS.DE	Daldrup & Soehne AG	22.30			0.66%
690D.DE	Haier Smart Home Co Ltd	1.88			0%
8TRA.DE	TRATON SE	37.08			0%
93M1.DE	MPH Health Care AG	23.60			20.92%
A1OS.DE	All for One Group SE	68.00			1.76%
A4Y0.DE	Accentro Real Estate AG	40.00			0%
A6T.DE	Artec Technologies AG	2.09			0%
A7A.DE	Heliad AG	14.50			0%
AAD.DE	AMADEUS FIRE AG	21.70			0%
AAG.DE	AUMANN AG	13.60			0%
AAPL.EUR	Apple	267.85			0%
AAQ1.DE	Aap Implantate AG	1.41			0%
ABO.DE	Clearvise AG	1.03			0%
ABS2.DE	Porr AG	38.00			2.73%
ABX.DE	Advanced Blockchain AG	1.00			0%
ACT.DE	Alzchem Group AG	158.90			1.31%
ACWN.DE	AS Creation Tapeten AG	6.80			2.14%
ACX.DE	bet at home com AG	3.23			0%
ADE.DE	Bitcoin Group SE	27.70			0.36%
ADJ.DE	ADO Properties SA	0.12			0%
ADN1.DE	ADESSO SE	59.30			1.30%
ADS.DE	Adidas AG	151.40			1.81%
ADV.DE	Adtran Networks SE	22.90			2.26%
AEIN.DE	Allgeier SE	15.80			6.25%
AFX.DE	Carl Zeiss Meditec AG	31.86			1.69%
AG1.DE	AUTO1 GROUP SE	20.10			0%
AGB2.DE	Agrana Beteiligungs AG	11.00			0%
AIXA.DE	AIXTRON	37.66			0.40%
AJ91.DE	DocCheck AG	10.70			9.17%
ALG.DE	Albis Leasing AG	3.14			3.12%
ALI1.DE	Almonty Industries Inc	15.13			0%
ALV.DE	Allianz SE	436.80			3.88%
AMD.EUR	Advanced Micro Devices Inc	400.30			0%
AMI.DE	Medondo Holding AG	0.15			0%
AMM.DE	Grounds Real Estate Development AG	0.25			0%
AMV0.DE	Aumovio SE	35.85			0%
AMZN.EUR	Amazon.com Inc	223.50			0%
AOF.DE	ATOSS SOFTWARE AG	96.00			2.33%
APM.DE	Ad Pepper Media International NV	2.52			0%
AT1.DE	Aroundtown SA	2.05			3.90%
AUS.DE	AT & S Austria Technologie & Systemtechnik AG	144.40			0%
AVGO.EUR	Broadcom Inc	312.60			0%
AZ2.DE	Andritz AG	79.60			3.34%
B7E.DE	Blue Cap AG	15.75			4.08%
B8A.DE	BAVARIA Industries Group AG	88.87			0%
BAS.DE	BASF SE	51.20			4.35%
BAYN.DE	Bayer AG	48.32			0.23%
BC8.DE	Bechtle AG	35.30			1.97%
BDT.DE	Bertrandt AG	8.72			0%
BEI.DE	Beiersdorf AG	78.22			1.26%
BEZ.DE	Berentzen Gruppe AG	3.12			0%
BFSA.DE	Befesa S.A.	35.10			2.77%
BIJ.DE	Bijou Brigitte modische Accessoires AG	46.60			7.53%
BIKE.DE	Bike24 Holding AG	2.47			0%
BIO0.DE	Biotest AG	30.00			0%
BKHT.DE	Brockhaus Technologies AG	20.70			0%
BMW.DE	Bayerische Motoren Werke Aktiengesellschaft	58.08			7.47%
BNN.DE	BRAIN Biotech AG	2.77			0%
BNR.DE	Brenntag	59.82			3.14%
BOSS.DE	HUGO BOSS	37.79			0.10%
BRNK.DE	Branicks Group AG	0.76			0%
BSL.DE	Basler AG	22.55			0.47%
BST.DE	Bastei Luebbe AG	6.58			5.29%
BVB.DE	Borussia Dortmund GmbH & Co. Kommanditgesellschaft auf Aktien	3.16			0%
BWB.DE	Baader Bank AG	6.64			2.99%
BXT.DE	BioNxt Solutions Inc	0.19			0%
BYW.DE	BayWa AG	8.46			0%
BYW6.DE	BayWa Aktiengesellschaft	2.60			0%
C1V0.DE	mVISE AG	7.75			0%
C3R.DE	Cherry SE	1.18			0%
CA1.DE	Circus SE	2.20			0%
CAP.DE	SCP Standard Capital Partners AG	2.42			0%
CBK.DE	Commerzbank AG	38.41			2.82%
CCAP.DE	Corestate Capital Holding SA	0.22			0%
CDZ0.DE	MHP Hotel AG	1.31			0%
CEA.DE	Friwo AG	4.26			0%
CEC.DE	Ceconomy St	3.83			0%
CEK.DE	CeoTronics Audio Video Data Communication AG	10.28			1.88%
CFC.DE	UET United Electronic Technology AG	0.45			0%
CHG.DE	CHAPTERS Group AG	44.30			0%
CLIQ.DE	CLIQ Digital AG	3.70			1.02%
CON.DE	Continental AG	67.78			3.93%
COP.DE	CompuGroup Medical SE	24.56			0%
COR.DE	Coreo AG	0.56			0%
CPX.DE	Capsensixx AG	21.00			1.62%
CRZK.DE	CR Energy AG	0.05			0%
CSH.DE	CENIT AG	7.06			0%
CWC.DE	Cewe Stiftung & Co KGaA	99.40			2.97%
CY1K.DE	Sbf AG	3.04			0%
CYR.DE	Cyan AG	1.92			0%
D6H0.DE	Datagroup SE	77.00			0.05%
DAM.DE	DATA MODUL Produktion und Vertrieb von elektronischen Systemen AG	27.40			0.43%
DAR.DE	Datron AG	7.95			1.23%
DB1.DE	Deutsche Boerse AG	279.00			1.48%
DBAN.DE	Deutsche Beteiligungs AG	20.65			4.74%
DBK.DE	Deutsche Bank Aktiengesellschaft	32.20			3.09%
DEF.DE	Defama Deutsche Fachmarkt AG	20.20			3.10%
DEQ.DE	Deutsche EuroShop SE	18.36			0%
DEX.DE	Delticom AG	2.08			5.36%
DEZ.DE	DEUTZ Aktiengesellschaft	10.07			1.73%
DFTK.DE	DF Deutsche Forfait AG	1.51			4.36%
DFV.DE	DFV Deutsche Familienversicherung AG	6.04			0%
DHER.DE	Delivery Hero SE	36.97			0%
DHL.DE	Deutsche Post AG	55.52			3.39%
DIE.DE	Dierig Holding AG	8.25			2.99%
DKG.DE	Deutsche Konsum REIT-AG	1.31			0%
DLX.DE	Delignit AG	2.44			3.23%
DMP.DE	DERMAPHARM HOLDING SE	40.05			0%
DMRE.DE	Demire Deutsche Mittelstand Real Estate AG	0.38			0%
DOU.DE	Douglas AG	7.92			0%
DP4A.DE	AP Moeller - Maersk A/S	2.66K			2.32%
DR0.DE	Deutsche Rohstoff AG	97.70			2.45%
DRW8.DE	Draegerwerk AG & Co KGaA	80.80			2.69%
DTD2.DE	B+S Banksysteme AG	1.92			0%
DTE.DE	Deutsche Telekom AG	28.70			0%
DTG.DE	Daimler Truck Holding AG	45.34			4.18%
DUE.DE	Duerr AG	17.20			4.62%
DWNI.DE	Deutsche Wohnen	17.78			0.22%
DWS.DE	DWS Group GmbH & Co KGaA	73.45			4.05%
E4C.DE	Ecotel Communication AG	6.65			0%
E8X.DE	Elexxion AG	0.03			0%
EAD.DE	Erlebnis Akademie AG	3.80			0%
EBK.DE	EnBW Energie Baden Wuerttemberg AG	67.40			2.47%
EBO.DE	Erste Group Bank AG	120.10			0.62%
ECF.DE	Mountain Alliance AG	2.70			0%
ECK.DE	LUDWIG BECK am Rathauseck Textilhaus Feldmeier AG	21.40			0%
ED4.DE	EDAG Engineering Group AG	3.05			0%
EDL.DE	Edel SE & Co KgaA	4.60			0%
EFF0.DE	Deutsche Effecten und Wechsel Beteiligungsgesellschaft AG	1.89			0%
EIN.DE	Einhell Germany AG	72.70			0%
EKT.DE	ENERGIEKONTOR AG	25.60			3.85%
ELB.DE	elumeo SE	2.14			0%
ELG.DE	ELMOS SEMICONDUCTOR SE	137.20			1.09%
EMH.DE	Pferdewetten de AG	2.02			0%
ENR.DE	Siemens Energy AG	152.58			0.46%
EOAN.DE	E.ON SE	17.50			3.27%
ERAG.DE	Ernst Russ AG	7.70			3.14%
ETG.DE	Envitec Biogas AG	17.90			0%
EVD.DE	CTS Eventim	56.25			2.41%
EVK.DE	Evonik	18.27			5.44%
EVT.DE	EVOTEC	3.40			0%
EXL.DE	Exasol AG	1.91			0%
FAA.DE	Fabasoft AG	15.60			3.16%
FC9.DE	FCR Immobilien AG	10.40			3.33%
FEV.DE	Fortec Elektronik AG	11.25			3.49%
FF24.DE	Fast Finance 24 Holding AG	0.02			0%
FIE.DE	Fielmann AG	39.20			3.59%
FME.DE	Fresenius Medical Care AG & Co. KGAA	40.86			3.71%
FNTN.DE	freenet	24.14			8.50%
FPE.DE	Fuchs SE	33.95			3.51%
FPH.DE	Francotyp Postalia Holding AG	3.07			0%
FRA.DE	Fraport AG Frankfurt Airport S	63.70			1.59%
FRE.DE	Fresenius SE & Co KGaA	46.09			2.25%
FRS.DE	Foris AG	2.94			0%
FTK.DE	flatexDEGIRO SE	34.94			0.84%
FYB.DE	FORMYCON AG	18.52			0%
G1A.DE	GEA	64.75			1.98%
G24.DE	Scout24 AG	76.95			1.94%
GBF.DE	Bilfinger	74.75			3.72%
GFG.DE	Global Fashion Group SA	0.45			0%
GFT.DE	GFT TECHNOLOGIES SE	23.10			2.18%
GLJ.DE	GRENKE AG	11.04			3.78%
GME.DE	Geratherm Medical AG	2.46			3.86%
GMM.DE	Grammer AG	11.10			0%
GOOG.EUR	Alphabet	289.50			0%
GSC1.DE	Gesco SE	14.10			1.40%
GTK.DE	Tonkens Agrar AG	6.80			0%
GXI.DE	Gerresheimer	27.46			0%
GYC.DE	Grand City Properties	9.18			3.27%
H2O.DE	Enapter AG	1.00			0%
H9W.DE	HWA AG	3.39			0%
HABA.DE	HAMBORNER REIT AG	4.32			0%
HAG.DE	HENSOLDT AG	89.50			0%
HAW.DE	Hawesko Holding SE	17.15			5.92%
HBH.DE	HORNBACH Holding AG & Co. KGaA	80.00			2.97%
HDD.DE	Heidelberger Druckmaschinen AG	1.42			0%
HEI.DE	Heidelberg Materials AG	160.15			2.26%
HEN.DE	Henkel AG & Co. KGaA	69.50			2.92%
HEN3.DE	Henkel AG & Co. KGaA	74.96			0%
HFG.DE	HelloFresh SE	2.89			0%
HGEA.DE	hGears AG	0.76			0%
HIGH.DE	Cantourage Group SE	5.58			0%
HLAG.DE	Hapag-Lloyd	133.00			2.19%
HLE.DE	Hella	70.20			0.31%
HLG.DE	Highlight Communications AG	0.65			0%
HMU.DE	HMS Bergbau AG	40.50			2.63%
HNL.DE	Hoenle AG	8.12			0%
HNR1.DE	Hannover Rueck SE	249.20			4.98%
HOT.DE	HOCHTIEF AG	424.40			1.54%
HP3A.DE	Ringmetall SE	2.58			3.70%
HPHA.DE	Heidelberg Pharma AG	2.51			0%
HRPK.DE	7C Solarparken AG	1.75			0%
HTG.DE	HomeToGo SE	0.95			0%
HYQ.DE	HYPOPORT SE	82.95			0%
IBU.DE	IBU-tec advanced materials AG	14.50			0.82%
IC8.DE	InCity Immobilien AG	0.32			0%
IFX.DE	Infineon Technologies AG	55.52			0.63%
ILM1.DE	Medios AG	10.90			0%
INH.DE	Indus Holding AG	33.90			3.82%
INS.DE	Instone Real Estate Group SE	7.50			5.58%
IOS.DE	IONOS Group SE	33.26			0%
IPOK.DE	Heidelberger Beteiligungsholding AG	119.00			0%
IS7.DE	InTiCa Systems SE	1.58			0%
ISHA.DE	Intershop Communications AG	1.51			0%
ITN.DE	Intertainment AG	0.32			0%
IUR.DE	Kap AG	1.76			0%
IVU.DE	IVU Traffic Technologies AG	24.00			1.24%
IXX.DE	init innovation in traffic systems SE	46.85			1.73%
JDC.DE	JDC Group AG	21.40			0%
JEN.DE	Jenoptik	38.88			0%
JST.DE	JOST WERKE SE	59.50			0%
JUN3.DE	Jungheinrich Aktie	24.04			0%
JY0.DE	ParTec AG	15.35			0%
KA8.DE	Klassik Radio AG	2.98			5.31%
KBX.DE	Knorr-Bremse AG	98.30			1.85%
KCO.DE	Klockner & Co SE	12.28			1.64%
KGX.DE	KION GROUP	39.17			1.51%
KRN.DE	Krones AG	113.20			2.42%
KSB.DE	KSB SE & Co KGaA	934.00			2.87%
KSB3.DE	KSB SE & Co KGaA	816.00			0%
KSC.DE	KPS AG	0.28			0%
KTA.DE	Knaus Tabbert AG	12.04			0%
KTN.DE	Kontron AG	22.06			0%
KWG.DE	KHD Humboldt Wedag International AG	2.06			0%
KWS.DE	KWS SAAT SE & Co. KGaA	72.70			1.69%
LEG.DE	LEG Immobilien AG	50.40			5.83%
LEI.DE	Leifheit AG	13.20			3.77%
LEN.DE	Lenzing AG	23.00			0%
LHA.DE	Deutsche Lufthansa Aktiengesellschaft	7.67			4.34%
LIK.DE	Limes Schlosskliniken AG	555.00			1.74%
LIN.DE	Linde PLC	412.00			1.27%
LPK.DE	LPKF LASER & ELECTRONICS SE	13.55			0%
LQAG.DE	Laiqon AG	4.41			0%
LSX.DE	Ls Telcom AG	3.82			0%
LUS1.DE	Lang & Schwarz AG	19.60			0%
LXS.DE	LANXESS	13.89			0.72%
M12.DE	M1 Kliniken AG	18.00			6.59%
M3B0.DE	Pyramid AG	1.35			0%
M3V.DE	Mevis Medical Solutions AG	23.60			0%
M5S.DE	H2 CORE AG	0.02			0%
M5Z.DE	Manz AG	0.04			0%
M7U.DE	Nynomic AG	20.40			0%
MA10.DE	Binect AG	1.73			0%
MAK.DE	MATERNUS-Kliniken-AG	0.86			0%
MBB.DE	MBB SE	176.40			0.67%
MBG.DE	Mercedes-Benz Group AG	44.77			7.74%
MBK.DE	Merkur Privatbank KGaA	12.80			0%
MBQ.DE	Mobotix AG	1.04			0%
MDG1.DE	Medigene AG	0.02			0%
MED.DE	Mediclin AG	4.86			0.79%
META.EUR	Meta Platforms Inc	467.80			0%
MLL.DE	Mueller Die lila Logistik SE	4.22			3.47%
MLP.DE	MLP SE	8.69			3.00%
MPCK.DE	MPC Muenchmeyer Petersen Capital AG	5.18			0%
MRK.DE	MERCK KGAA	137.50			1.59%
MRX.DE	Mister Spex SE	1.08			0%
MSAG.DE	MS Industrie AG	1.20			0%
MSFT.EUR	Microsoft	412.50			0%
MTX.DE	MTU Aero Engines AG	360.10			1.02%
MUB.DE	Muehlbauer Holding AG	44.80			3.32%
MUM.DE	Mensch und Maschine Software SE	36.75			5.38%
MUV2.DE	Muenchener Rueck AG	512.00			4.65%
MUX.DE	Mutares SE & Co. KGaA	26.65			7.46%
MVV1.DE	MVV Energie AG	30.20			4.28%
MWB0.DE	mwb Fairtrade Wertpapierhandelsbank AG	10.70			7.41%
MXHN.DE	MAX Automation SE	3.57			0%
MYM.DE	Mayr-Melnhof Karton AG	80.00			2.50%
MZX.DE	Masterflex SE	13.90			2.10%
N4G0.DE	Naga Group AG	3.09			0%
NA9.DE	NAGARRO SE	77.65			1.28%
NBG6.DE	Nuernberger Beteiligungs AG	123.00			1.60%
NC5A.DE	NorCom Information Technology GmbH & Co KgaA	1.35			0%
NCH2.DE	Thyssenkrupp Nucera	7.80			0%
NDA.DE	Aurubis AG	171.70			0.89%
NDX1.DE	Nordex	38.36			0%
NEM.DE	Nemetschek SE	65.25			1.03%
NF4.DE	Netfonds AG	82.00			0%
NFN.DE	Nfon AG	3.57			0%
NN6.DE	NanoRepro AG	1.82			0%
NP5.DE	Newron Pharmaceuticals SpA	14.10			0%
NTG.DE	Nabaltec AG	12.80			2.27%
NUVA.DE	Noratis AG	0.10			0%
NVDA.EUR	NVIDIA Corporation	185.66			0%
NVM.DE	Novem Group SA	2.40			0%
O4B.DE	OVB Holding AG	19.10			3.87%
O5G.DE	CPI Property Group SA	0.70			0%
OBS.DE	Orbis Se	4.54			2.16%
OEWA.DE	Verbund AG	58.00			3.41%
OHB.DE	OHB SE	228.00			0.27%
P4N.DE	Polytec Holding AG	4.85			4.14%
P4O.DE	Plan Optik AG	8.06			0%
P911.DE	Porsche AG	44.91			0%
PAH3.DE	Porsche Automobil Holding SE	27.75			0%
PAT.DE	PATRIZIA AG	7.38			4.79%
PCZ.DE	ProCredit Holding AG	8.24			5.62%
PDA0.DE	Pro DV AG	2.06			0%
PFV.DE	Pfeiffer Vacuum Technology AG	162.80			4.49%
PGN.DE	Paragon GmbH & Co KGaA	1.64			0%
PLTR.EUR	Palantir Technologies Inc.	149.60			0%
PNE3.DE	PNE AG	7.22			0.57%
PSAN.DE	PSI Software SE	44.80			0%
PSH0.DE	Sernova Biotherapeutics Inc	0.07			0%
PSM.DE	ProSiebenSat.1 Media SE	3.72			1.33%
PUM.DE	PUMA AG	24.70			0%
PWO.DE	PWO AG	22.20			7.24%
PYR.DE	Pyrum Innovations AG	27.10			0%
PZS.DE	Scherzer & Co AG	2.60			1.89%
QB7.DE	Quirin Privatbank AG	3.00			4.19%
QBY0.DE	Q Beyond Ag Konv Namens Aktien	3.52			0%
QIA.DE	QIAGEN	38.70			0.82%
R1B.DE	Rubean AG	4.62			0%
R3NK.DE	RENK Group AG	48.27			1.21%
RAA.DE	Rational AG	618.50			2.55%
RAW.DE	Raiffeisen Bank International AG	61.50			2.62%
RCMN.DE	RCM Beteiligungs AG	1.14			0%
RHK.DE	Rhoen Klinikum AG	14.70			1.36%
RHM.DE	Rheinmetall AG	1.16K			1.00%
RRTL.DE	RTL Group	31.35			2.42%
RSL2.DE	R Stahl AG	13.50			0%
RTC.DE	Realtech AG	1.02			0%
RWE.DE	RWE AG	57.16			2.09%
RY4C.DE	Ryanair Holdings PLC	23.10			0%
S188.DE	SMT Scharf AG	5.75			0%
S6P.DE	Spielvereinigung Unterhaching Fussball GmbH & Co KgaA	0.86			0%
S92.DE	SMA Solar Technology AG	57.00			0%
SAP.DE	SAP SE	185.20			1.33%
SAV.DE	Savannah Resources Plc	0.06			0%
SAX.DE	Stroeer SE & Co KGaA	39.20			4.76%
SB1.DE	Smartbroker Holding AG	8.30			0%
SBS.DE	STRATEC SE	21.00			2.77%
SBX.DE	SynBiotic SE	0.79			0%
SCE.DE	Schweizer Electronic AG	4.94			0%
SDF.DE	K+S Aktiengesellschaft	15.43			0.43%
SF3.DE	STS Group AG	3.89			1.21%
SFQ.DE	Saf-Holland Se	22.40			2.85%
SGL.DE	SGL Carbon	4.05			0%
SHA0.DE	Schaeffler AG	7.49			3.93%
SHL.DE	Siemens Healthineers AG	39.97			2.49%
SIE.DE	Siemens Aktiengesellschaft	275.50			1.91%
SIS.DE	First Sensor AG	53.00			0.87%
SIX2.DE	SIXT SE	72.25			4.37%
SIX3.DE	Sixt SE	60.30			0%
SJJ.DE	Serviceware SE	14.10			0%
SKB.DE	Koenig & Bauer AG	8.76			0%
SLL.DE	Schoeller-Bleckmann Oilfield Equipment AG	30.05			2.48%
SLYG.DE	Shelly Group AD	62.60			0.21%
SMHN.DE	SUSS MicroTec SE	72.50			0.05%
SMWN.DE	SM Wirtschaftsberatungs AG	4.38			0%
SNG.DE	Singulus Technologies AG	7.26			0%
SPM.DE	Splendid Medien AG	1.22			0%
SRAG.DE	Samara Asset Group PLC	2.04			0%
SRT.DE	Sartorius AG	191.60			0.37%
ST5.DE	STEICO SE	18.16			1.10%
STM.DE	STABILUS SE	16.26			2.11%
STO3.DE	Sto SE & Co KgaA	95.40			0%
SUR.DE	Surteco Group SE	7.40			0%
SVE.DE	Shareholder Value Beteiligungen AG	72.50			0%
SWA.DE	Schloss Wachenheim AG	14.60			3.88%
SY1.DE	Symrise	88.56			1.39%
SYT.DE	Softing AG	2.39			0%
SYZ.DE	Syzygy AG	1.20			0%
SZG.DE	Salzgitter	48.02			0.38%
SZU.DE	Suedzucker	12.36			0%
T3T1.DE	Seven Principles AG	4.80			0%
T9Z.DE	Zumtobel Group AG	3.97			3.78%
TA1.DE	Telekom Austria AG	10.06			4.17%
TEG.DE	TAG Immobilien	12.90			3.10%
TGHN.DE	Logwin AG SA	270.00			4.71%
TGTA.DE	11 88 0 Solutions AG	2.32			0%
TIMA.DE	ZEAL Network SE	43.30			3.23%
TKA.DE	ThyssenKrupp AG	12.63			1.12%
TKMS.DE	Tkms AG& Co KGaA	93.50			0%
TLIK.DE	Teles AG	0.20			0%
TLX.DE	Talanx AG	119.80			2.98%
TMV.DE	TeamViewer AG	6.88			0%
TNIE.DE	tonies SE	11.64			0%
TPE.DE	PVA TePla AG	29.66			0%
TPG0.DE	Platform Group AG	1.22			0%
TSLA.EUR	Tesla Motors, Inc.	293.10			0%
TTK.DE	Takkt AG	2.67			0%
TTO.DE	TTL Beteiligungs und Grundbesitz AG	0.02			0%
TTR1.DE	technotrans SE	28.65			2.90%
TUI1.DE	TUI AG	6.92			1.45%
UBK.DE	Umweltbank AG	3.87			1.30%
ULC.DE	United Labels AG	0.92			0%
UMD.DE	UMT United Mobility Technology AG	1.03			0%
UN0.DE	Uniper SE	44.55			0%
UN9.DE	Uniqa Insurance Group AG	17.26			4.12%
UTDI.DE	United Internet	24.00			2.04%
UZU.DE	Uzin Utz SE	63.00			2.99%
V3S.DE	Vectron Systems AG	11.98			0%
V3V.DE	Vita 34 AG	2.79			0%
V6C.DE	Viscom AG	5.60			0%
VBK.DE	VERBIO Vereinigte BioEnergie AG	33.08			0%
VEZ.DE	Planethic Group AG	1.41			0%
VG80.DE	Varengold Bank AG	2.34			0%
VH2.DE	FRIEDRICH VORWERK GROUP SE	67.35			1.02%
VIB3.DE	Villeroy & Boch AG	15.05			5.67%
VIH1.DE	VIB Vermögen AG	6.62			0%
VNA.DE	Vonovia SE	20.01			0%
VOE.DE	Voestalpine AG	43.00			1.71%
VOS.DE	Vossloh AG	56.65			2.02%
VOW.DE	VOLKSWAGEN AG	76.30			6.82%
VOW3.DE	Volkswagen AG	74.86			0%
VRL.DE	Net Digital AG	16.50			0%
VROS.DE	Verianos Se	0.01			0%
VRV.DE	Verve Group Media SE	1.31			0%
VVV3.DE	OEKOWORLD AG	26.10			0%
VXT.DE	Tmc Content Group AG	0.07			0%
WAC.DE	WACKER NEUSON SE	20.70			3.33%
WAF.DE	Siltronic	81.35			0%
WAH.DE	Wolftank Adisa Holding AG	3.52			0%
WCH.DE	Wacker Chemie AG	91.75			0%
WDI.DE	Wirecard	0.01			0%
WEW.DE	Westwing Group SE	12.35			0%
WFA.DE	Weng Fine Art AG	3.50			4.05%
WIB.DE	Wienerberger AG	19.47			4.92%
WIG1.DE	Sporttotal AG	0.00			0%
WSU.DE	Washtec AG	39.60			6.46%
WUW.DE	Wuestenrot & Wuerttembergische AG	14.10			4.58%
XD4.DE	STRABAG SE	83.00			3.50%
XTP.DE	sino AG	104.00			1.38%
YOC.DE	Yoc AG	5.48			0%
YSN.DE	Secunet Security Networks Aktiengesellschaft	180.40			1.43%
ZAL.DE	Zalando	22.57			0%
ZIL2.DE	ElringKlinger	5.20			2.79%
