ABNB	2	1	0	3
AAPL	1	1	1	3
ABCL	1	1	0	2
AAOI	0	3	0	3
AAL	2	0	0	2
ABTC	0	1	1	2
ACAD	1	1	0	2
ACDC	0	1	1	2
ABVX	2	0	0	2
ACET	0	1	0	1
ABOS	0	0	1	1
ACHC	1	1	1	3
ACMR	1	2	0	3
ACGL	1	1	1	3
ACIC	0	2	0	2
ACIW	1	1	1	3
ACLS	0	3	0	3
ACRS	2	0	1	3
ACT	1	1	1	3
ACTG	0	0	3	3
ADI.US	0	3	0	3
ADEA	0	2	1	3
ADP	1	2	0	3
ADAM	0	0	1	1
ADBE	2	1	0	3
ADPT	1	1	1	3
ADSK	2	1	0	3
ADTN	0	2	1	3
ADUS	0	0	2	2
ADV	0	0	1	1
AEIS	2	1	0	3
AEHR	0	2	0	2
AEP	0	2	0	2
AFRM	2	1	0	3
AFYA	0	0	1	1
AGEN	0	1	0	1
AGIO	1	0	1	2
AGMB	0	0	1	1
AGNC	2	1	0	3
AGYS	1	0	0	1
AGNT	0	0	1	1
AHCO	0	0	2	2
AKBA	0	1	0	1
AIOT	1	1	1	3
AIRS	1	0	1	2
AKAM	1	1	0	2
ALEC	0	0	3	3
ALCO	0	1	0	1
ALAB	1	1	0	2
ALGT	0	2	0	2
AKTS	0	1	2	3
ALDX	1	1	0	2
ALGN	3	0	0	3
ALGM	0	2	0	2
ALHC	2	1	0	3
ALKT	1	0	1	2
ALKS	1	1	1	3
ALLO	2	0	1	3
ALNT	0	2	1	3
ALMS	1	0	1	2
ALLT.US	1	0	0	1
ALNY	2	1	0	3
ALRS	1	0	2	3
ALRM	1	0	1	2
ALVO	1	0	0	1
ALXO	2	0	1	3
AMAL	0	0	1	1
AMAT	0	2	0	2
AMBA	1	1	1	3
AMD	0	2	1	3
AMKR	1	1	1	3
AMGN	2	1	0	3
AMCX	1	2	0	3
AMLX	3	0	0	3
AMPH	0	1	2	3
AMPL	1	0	0	1
AMSC	1	1	1	3
AMZN	2	1	0	3
ANAB	1	0	1	2
AMSF	1	0	0	1
ANDE	0	1	1	2
ANGI	1	1	1	3
ANIK	0	0	1	1
ANGO	2	0	0	2
ANTX	0	1	0	1
ANIP	2	1	0	3
ANNX	1	0	1	2
AOSL	0	1	1	2
APA	0	2	0	2
APC	0	0	1	1
APEI	2	1	0	3
APGE	0	2	0	2
APLD	1	0	0	1
APOG	2	0	1	3
APP	0	2	1	3
APPF	1	1	0	2
APPN	0	1	0	1
APPS	0	1	0	1
ARBE	0	0	1	1
ARCB	1	1	1	3
ARCT	1	0	0	1
ARCC	2	1	0	3
ARDX	0	0	1	1
ARGX	0	2	0	2
ARHS	2	1	0	3
ARKO	1	1	1	3
ARM	1	1	0	2
AROW	1	0	0	1
ARQT	0	2	1	3
ARRY	0	2	1	3
ARVN	1	0	1	2
ARWR	1	1	1	3
ASLE	2	0	1	3
ASND	0	1	2	3
ASML	1	2	0	3
ASO	1	2	0	3
ASST	1	0	0	1
ASTH	1	2	0	3
ASTS	0	1	2	3
ASUR	2	0	1	3
ATAI	0	0	2	2
ATEC	2	0	1	3
ATEX	0	1	1	2
ATRC	3	0	0	3
ATRO	2	1	0	3
AUDC.US	0	1	0	1
AUGO	1	1	0	2
AUR	0	1	1	2
AURA	0	0	1	1
AUTL	0	0	1	1
AVAH	1	1	1	3
AVAV	3	0	0	3
AVGO	3	0	0	3
AVNW	1	2	0	3
AVO	0	1	0	1
AVPT	0	1	1	2
AVT.US	0	3	0	3
AXGN	1	2	0	3
AXSM	1	1	1	3
AXON	1	1	0	2
AZTA	1	0	1	2
CCEP.NV	1	2	0	3
MICC.NV	3	0	0	3
BAND.US	0	1	0	1
BANR	3	0	0	3
BBCP	2	1	0	3
BBIO	1	2	0	3
BBNX	0	1	2	3
BBSI	2	1	0	3
BCPC	2	1	0	3
BCML	2	0	0	2
BCYC	1	0	2	3
BCRX	2	0	1	3
BDTX	0	1	0	1
BEAM	1	1	0	2
BELFB	0	2	1	3
BFC	1	0	0	1
BFST	2	0	1	3
BGC	2	1	0	3
BHF	2	0	1	3
BHRB	1	1	1	3
BIDU	2	1	0	3
BIIB	2	1	0	3
BJRI	0	1	1	2
BKNG	1	1	0	2
BL	0	2	1	3
BLBD	2	1	0	3
BLFS	1	0	1	2
BLKB	1	0	1	2
BLLN	0	1	0	1
BLMN	0	2	0	2
BLTE	1	0	1	2
BMBL	1	1	1	3
BMEA	0	0	1	1
BMRC	2	0	0	2
BMRN	2	1	0	3
BNTX	2	1	0	3
BOKF	0	3	0	3
BOOM	0	1	0	1
BPOP	0	3	0	3
BRCB	0	0	1	1
BRKR	1	0	0	1
BRZE	2	0	0	2
BSY	1	2	0	3
BTBT	0	0	1	1
BTMD	0	0	1	1
BTDR	0	0	1	1
BTSG	1	0	1	2
BULL	0	0	2	2
BUSE	0	2	1	3
BVS	1	1	1	3
BWB	1	1	1	3
BWIN	1	0	0	1
BWMN	1	0	0	1
BYND	0	1	2	3
BZ	1	0	0	1
NYXH.BR	0	0	1	1
CABA	1	1	0	2
CAC	1	0	1	2
CACC	0	1	2	3
CAE	2	1	0	3
CAI	0	0	3	3
CAMT	1	1	0	2
CALM	2	0	0	2
CAKE.US	0	2	1	3
CAN	0	0	1	1
CAPR	1	0	1	2
CAR	0	1	0	1
CARE	0	3	0	3
CARG	1	1	1	3
CART	1	1	1	3
CASH	0	1	2	3
CASS	1	1	1	3
CASY	0	3	0	3
CBRL	0	1	2	3
CATY	0	2	1	3
CBSH	0	1	0	1
CCAP	2	1	0	3
CCB	1	2	0	3
CCBG	0	1	0	1
CCC.US	0	1	1	2
CCCC	0	0	3	3
CCNE	2	1	0	3
CCOI	0	2	1	3
CCSI	0	1	1	2
CDNA	1	2	0	3
CDNS	0	1	1	2
CDW	2	1	0	3
CDXS	0	0	2	2
CDZI	2	0	0	2
CECO	2	0	0	2
CEG	1	0	2	3
CELC	1	1	1	3
CELH	1	0	1	2
CENX	1	1	0	2
CERT	1	1	0	2
CERS	0	3	0	3
CFFN	0	1	2	3
CG	1	1	1	3
CGBD	1	0	1	2
CGNT	1	1	0	2
CGEM	1	0	0	1
CGNX	1	2	0	3
CGON	0	2	1	3
CHCO	1	1	0	2
CHDN	1	2	0	3
CHEF	1	1	0	2
CHRD	2	0	0	2
CHKP	0	2	0	2
CHRW	1	2	0	3
CHTR	3	0	0	3
CHYM	0	2	1	3
CIGI	1	2	0	3
CIFR	0	1	0	1
CLAR	0	0	1	1
CINF	1	1	1	3
CLBT	2	1	0	3
CLDX	1	1	0	2
CLFD	1	1	1	3
CLMB	1	0	0	1
CLNE	0	0	2	2
CLOV	0	1	2	3
CLSK	0	0	1	1
CMCO	3	0	0	3
CMCSA	3	0	0	3
CME	1	2	0	3
CMPR	0	2	1	3
CMPS	2	0	1	3
CMPX	1	2	0	3
CMRC	0	1	1	2
CNDT	2	1	0	3
CNOB	0	2	0	2
CNTY	0	0	3	3
CNXC	2	0	1	3
COCO	0	2	1	3
COGT	1	1	1	3
COHU	2	1	0	3
COIN	1	0	1	2
COLB	3	0	0	3
COLL	2	0	0	2
COLM	2	0	1	3
COO	2	1	0	3
CORT	2	1	0	3
CORZ	0	1	1	2
COST	2	1	0	3
CPB	2	1	0	3
CPRT	0	2	0	2
CRAI	0	1	0	1
CRBU	1	0	2	3
CRCT	0	1	2	3
CRDF	1	0	0	1
CRDO	1	1	0	2
CRIS	0	0	1	1
CRMD	1	0	0	1
CRML	0	1	0	1
CRNC	0	0	1	1
CRNT	0	1	0	1
CRNX	2	0	1	3
CROX	0	2	0	2
CRSP	1	1	1	3
CRSR	0	1	0	1
CRTO	0	1	0	1
CRWD	0	2	1	3
CRUS	1	1	0	2
CRWV	3	0	0	3
CSCO	1	1	0	2
CSGP	2	0	0	2
CSX	1	1	0	2
CTAS	1	1	1	3
CTBI	2	0	0	2
CTKB	1	0	0	1
CTMX	2	0	1	3
CTRN	0	0	1	1
CTSH	3	0	0	3
CVBF	1	1	1	3
CVCO	1	1	0	2
CVGI	0	1	0	1
CVLT	1	0	1	2
CWST	1	0	1	2
CYRX	1	0	1	2
CYTK	2	1	0	3
CZR	0	1	2	3
CBOE	1	0	2	3
DEMANT.CO	0	0	1	1
DAKT	1	1	0	2
DASH.US	1	2	0	3
DAVE	1	1	0	2
DBX	0	0	2	2
DCGO	0	0	2	2
DCTH	1	0	0	1
DDOG	0	2	0	2
DFTX	2	0	0	2
DGICA	1	0	0	1
DGII	1	2	0	3
DH	0	0	1	1
DHC	0	0	2	2
DIOD	1	0	0	1
DKNG	0	2	1	3
DLO	1	1	0	2
DLTR	3	0	0	3
DMRA	1	0	2	3
DNLI	1	1	1	3
DNTH	1	0	2	3
DNUT	0	1	1	2
DOCU	0	1	2	3
DORM	3	0	0	3
DOX	1	2	0	3
DPZ	0	3	0	3
DRH	0	2	0	2
DRS	2	0	0	2
DRVN	0	0	2	2
DSGN	2	1	0	3
DSGR	0	2	0	2
DSGX	1	1	0	2
DSP	1	0	0	1
DUOL	0	1	0	1
DXCM	1	1	1	3
DXPE	1	1	0	2
DYN	1	1	1	3
EBAY	0	3	0	3
ECHO	1	1	1	3
EBC	0	3	0	3
ECPG	0	2	0	2
EGBN	1	2	0	3
EEFT	2	1	0	3
EFSC	2	0	0	2
EIKN	0	0	1	1
ENGN	0	1	2	3
ELVN	1	0	2	3
ENPH	2	1	0	3
ENSG	3	0	0	3
ENTG	0	2	0	2
ENTA	0	1	0	1
ENVX	0	1	0	1
EOSE	0	1	0	1
EQIX	2	0	1	3
EQPT	0	0	2	2
ERAS	1	0	0	1
ESQ	2	0	0	2
ERII	2	0	0	2
ETOR	0	2	0	2
ETON	1	0	0	1
ESTA	2	0	0	2
EVCM	0	0	1	1
EVGO	0	1	1	2
EVLV	0	1	2	3
EWBC	2	1	0	3
EWTX	1	2	0	3
EXC	3	0	0	3
EXEL	2	0	1	3
EXLS	2	0	1	3
EXPE	1	1	1	3
EXPO	2	0	1	3
EXTR	2	1	0	3
EYE	2	0	0	2
EYPT	1	0	0	1
EZPW	2	1	0	3
FA	0	0	3	3
FANG	1	1	1	3
FAST	1	2	0	3
FATE	1	2	0	3
FBNC	0	1	2	3
FCEL	1	0	0	1
FCFS	2	1	0	3
FCNCA	2	0	1	3
FDMT	0	0	2	2
FELE	1	0	1	2
FFBC	1	2	0	3
FFIN	1	1	0	2
FFIV	0	2	1	3
FHB	2	0	1	3
FIBK	0	1	0	1
FIP	2	0	1	3
FIGR	0	2	1	3
FISI	1	1	1	3
FIVE	1	1	0	2
FISV	2	1	0	3
FIVN	1	1	0	2
FIZZ	0	1	1	2
FLEX	1	2	0	3
FLGT	2	0	1	3
FLL	0	0	1	1
FLNA	0	0	3	3
FLNC	0	1	1	2
FLYW	1	1	0	2
FMBH	1	0	1	2
FMNB	1	0	1	2
FNKO	0	1	2	3
FORM	0	2	0	2
FOSL	0	0	2	2
FOX.US	3	0	0	3
FOXA	2	0	0	2
FOXF	2	1	0	3
FRME	2	1	0	3
FRMI	1	1	0	2
FRMM	0	1	0	1
FROG	1	1	0	2
FRPT	0	2	0	2
FRSH	0	3	0	3
FRST	1	0	0	1
FSBW	1	1	0	2
FSLR	0	3	0	3
FSLY	2	0	1	3
FSV	3	0	0	3
FTDR	0	2	1	3
FTNT	1	0	1	2
FULC	1	1	0	2
FULT	2	1	0	3
FUTU	1	0	2	3
FWDI	1	1	0	2
FWONA	1	0	1	2
FWONK	0	2	1	3
FWRD	1	0	1	2
FWRG	1	0	0	1
22UA.DE	2	1	0	3
2M6.DE	3	0	0	3
AAPL.EUR	1	1	1	3
AMD.EUR	0	2	1	3
AMZN.EUR	2	1	0	3
AVGO.EUR	3	0	0	3
DBK.DE	2	0	0	2
GOOG.EUR	2	1	0	3
LIN.DE	0	1	1	2
META.EUR	3	0	0	3
MSFT.EUR	2	1	0	3
NVDA.EUR	1	2	0	3
PLTR.EUR	1	1	1	3
QIA.DE	1	1	1	3
TSLA.EUR	0	3	0	3
GABC	1	1	0	2
GASS	1	0	0	1
GBDC	2	1	0	3
GCMG	2	0	0	2
GDRX	0	1	2	3
GDS	1	0	1	2
GDYN	0	1	1	2
GEHC	3	0	0	3
GEMI	0	0	2	2
GEN	1	1	1	3
GENB	0	0	3	3
GERN	1	1	0	2
GFS	0	0	1	1
GGAL	2	1	0	3
GH	3	0	0	3
GHRS	0	1	0	1
GIII	2	0	1	3
GILD	1	1	1	3
GILT	1	2	0	3
GLBE	1	2	0	3
GLNG	2	0	0	2
GLPI	1	2	0	3
GLUE	0	0	3	3
GLXY	1	2	0	3
GMAB.US	2	0	0	2
GO	1	0	1	2
GNTX	2	1	0	3
GOGO	0	1	1	2
GOOG	2	1	0	3
GOOGL	2	1	0	3
GPCR	1	1	1	3
GPGI	0	0	2	2
GPRE	1	0	0	1
GPRO	0	0	1	1
GRAB	1	2	0	3
GRAL	2	0	1	3
GRMN	2	0	1	3
GRWG	0	0	1	1
GSBC	1	1	0	2
GSHD	0	0	1	1
GSM	1	1	0	2
GT	1	0	1	2
GTLB	1	1	0	2
GTX.US	1	2	0	3
GTM	0	1	1	2
GYRE	0	0	1	1
HAFC	1	2	0	3
HAIN	0	1	1	2
HALO	0	2	0	2
HAPN	0	1	1	2
HAS	2	1	0	3
HBAN	2	1	0	3
HBNC	0	2	0	2
HBT	0	0	1	1
HCKT	1	1	1	3
HCSG	2	1	0	3
HDSN	0	1	1	2
HELE	0	2	0	2
HFWA	0	3	0	3
HIMX	0	0	1	1
HLIT	2	0	1	3
HLNE	0	0	1	1
HNRG	0	1	0	1
HNST	0	0	2	2
HON	1	1	1	3
HOOD	1	1	1	3
HOPE	0	1	2	3
HQY	1	1	0	2
HRMY	1	1	1	3
HROW	2	1	0	3
HRZN	0	0	1	1
HSAI	1	1	1	3
HSIC	2	1	0	3
HST	1	0	2	3
HSTM	2	0	0	2
HTFL	0	1	0	1
HTHT	2	0	1	3
HTLD	1	0	2	3
HTO	2	1	0	3
HUBG	2	1	0	3
HUMA	1	1	0	2
HURN	1	1	1	3
HWC	3	0	0	3
HWKN	0	2	1	3
IBCP	1	0	0	1
IBKR	1	2	0	3
IBRX	1	1	0	2
ICFI	1	1	1	3
ICHR	1	2	0	3
ICLR	3	0	0	3
ICUI	0	1	2	3
IDCC	1	1	1	3
IDXX	2	1	0	3
IDYA	2	1	0	3
IGIC	2	1	0	3
IHRT	1	1	0	2
IIIV	3	0	0	3
ILMN	1	2	0	3
IMCR	1	1	1	3
IMNM	1	2	0	3
IMSR	0	0	1	1
IMTX	0	2	1	3
IMUX	1	0	0	1
IMVT	1	1	1	3
IMXI	2	0	1	3
INBK	0	1	1	2
INBX	1	2	0	3
INDB	0	2	1	3
INCY	1	2	0	3
INDI	2	0	0	2
INDV	2	1	0	3
INGN	1	0	0	1
INMD	0	2	0	2
INO	0	0	1	1
INOD	0	0	2	2
INSE	0	0	1	1
INSM	2	0	0	2
INTA	0	0	2	2
INTC	1	1	0	2
INTU	3	0	0	3
INVA	1	1	1	3
INVE	0	1	1	2
IONS	1	0	2	3
IOSP	3	0	0	3
IOVA	1	0	1	2
IPAR	2	1	0	3
IPGP	2	1	0	3
IPX	1	0	0	1
IQ.US	0	1	0	1
IRD	1	0	0	1
IRDM	1	1	1	3
IREN	1	2	0	3
IRON	0	0	3	3
IRTC	1	0	0	1
ISRG	1	2	0	3
ITRI	2	0	0	2
ITRN	0	2	1	3
IVVD	0	2	1	3
JACK	1	1	1	3
JAKK	1	2	0	3
JANX	0	1	2	3
JAZZ	0	3	0	3
JBHT	0	0	2	2
JBIO	0	1	2	3
JBLU	0	3	0	3
JBSS	1	2	0	3
JD.US	0	2	1	3
JJSF	0	1	1	2
JKHY	0	0	2	2
JOYY	1	2	0	3
JRVR	2	0	1	3
JYNT	0	0	1	1
KDP	1	1	0	2
KMB	0	1	2	3
KHC	1	1	1	3
KLAC	0	2	0	2
KTOS	2	1	0	3
KLRS	0	0	1	1
KRNT	1	1	0	2
KNSL	0	2	0	2
KLIC	1	2	0	3
KLTR	1	0	0	1
KRYS	1	1	1	3
KEEL	1	0	0	1
KRUS	1	0	0	1
KYMR	1	1	1	3
KNSA	2	1	0	3
KURA	0	1	1	2
KROS	0	0	1	1
KALU	2	1	0	3
KELYA.US	1	0	1	2
KE	0	2	0	2
KRNY	2	0	1	3
KOPN	1	1	0	2
KOD	0	0	2	2
KRRO	0	0	1	1
KSPI	2	1	0	3
LAMR	1	1	1	3
LAND	0	0	1	1
LASR	2	1	0	3
LAUR	1	2	0	3
LBTYA	2	0	0	2
LBTYK	2	1	0	3
LCID	1	0	2	3
LE	1	1	1	3
LECO	0	3	0	3
LEGN	2	0	0	2
LENZ	0	0	3	3
LFCR	0	1	2	3
LFMD	0	1	0	1
LFST	1	1	0	2
LFUS	0	2	0	2
LGN	1	2	0	3
LGND	1	2	0	3
LI	0	0	1	1
LIFE	0	0	1	1
LILA	0	1	0	1
LILAK	0	1	1	2
LIN	0	1	1	2
LINC	2	1	0	3
LIND	1	2	0	3
LINE	0	1	1	2
LITE	1	2	0	3
LIVN	1	1	1	3
LKFN	2	0	0	2
LKFT	0	1	1	2
LKQ	2	0	1	3
LMAT	1	0	1	2
LMB	2	0	1	3
LMNR.US	1	0	1	2
LMRI	1	0	0	1
LNT	1	1	1	3
LNTH	0	2	1	3
LNWO	0	0	1	1
LOB	1	2	0	3
LOCO	1	1	0	2
LOGI	2	0	1	3
LOPE	3	0	0	3
LOVE	0	0	1	1
LPLA.US	2	1	0	3
LQDA	1	1	0	2
LQDT	1	0	0	1
LSCC	1	1	0	2
LRCX	1	2	0	3
LSTR	1	1	1	3
LTRX	1	0	0	1
LULU	1	0	2	3
LUNG	0	1	0	1
LUNR	2	0	0	2
LWAY	0	1	0	1
LXRX	0	1	1	2
LYFT	0	3	0	3
LYTS	3	0	0	3
MICC.L	3	0	0	3
SUNB.L	2	1	0	3
MAMA	3	0	0	3
MAR	1	1	1	3
MARA	1	0	1	2
MASS	2	0	1	3
MAT	2	1	0	3
MATW	1	2	0	3
MAZE	3	0	0	3
MBIN	0	2	1	3
MBLY	2	1	0	3
MBUU	1	0	0	1
MBWM	1	0	0	1
MBX	2	0	0	2
MCFT	1	1	0	2
MCHB	0	1	1	2
MCHP	1	1	1	3
MCRB	0	0	1	1
MCRI	1	1	0	2
MDB	2	1	0	3
MDGL	1	1	1	3
MDLN	2	1	0	3
MDLZ	3	0	0	3
MDXG	1	1	0	2
MEDP	1	2	0	3
MELI	2	1	0	3
MEOH	0	1	1	2
META	3	0	0	3
METC	0	2	0	2
MFIC	0	0	1	1
MFIN	0	0	2	2
MGEE	1	0	0	1
MGNI	3	0	0	3
MGNX	1	0	1	2
MGPI	0	2	1	3
MGRC	2	0	1	3
MGTX	3	0	0	3
MIDD.US	1	1	0	2
MIRM	0	0	3	3
MITK	1	0	0	1
MKSI	0	2	0	2
MKTX	2	1	0	3
MLAB	2	1	0	3
MLCO	0	1	1	2
MLTX	1	0	0	1
MLYS	0	0	2	2
MMED	1	0	0	1
MMSI	2	0	1	3
MMYT	0	1	0	1
MNDY	2	0	1	3
MNKD	0	0	3	3
MNRO	1	0	2	3
MNST	1	1	1	3
MORN	1	1	0	2
MPAA	1	1	0	2
MPB	2	0	0	2
MPWR	0	1	1	2
MQ	0	2	1	3
MRCY	2	1	0	3
MRNA	2	0	1	3
MRTN	2	0	0	2
MRVI	1	0	2	3
MRVL	0	3	0	3
MRX	0	1	0	1
MSBI	0	2	0	2
MSFT	2	1	0	3
MSTR	1	0	1	2
MTCH	2	1	0	3
MTRX	2	1	0	3
MTSI	0	2	0	2
MU	2	1	0	3
MVBF	3	0	0	3
MVST	1	0	0	1
MWH	2	0	0	2
MYGN	0	2	0	2
MYRG	0	3	0	3
MZTI	2	1	0	3
RACE.MI	0	1	0	1
STLAM.MI	0	1	2	3
NAGE	0	1	0	1
NAMS	0	0	3	3
NATR	1	1	1	3
NAVI	2	0	1	3
NAVN	0	1	1	2
NBIS	0	1	0	1
NBIX	2	1	0	3
NBN	0	3	0	3
NBP	0	1	0	1
NBTB	0	0	1	1
NCNO	0	1	1	2
NDAQ	1	1	1	3
NDSN	1	0	2	3
NECB	1	1	1	3
NEO.US	1	0	0	1
NEOG	1	1	0	2
NEWT.US	0	0	1	1
NEXT	1	1	1	3
NFLX	2	1	0	3
NICE	2	1	0	3
NKTR	2	1	0	3
NKTX	1	0	1	2
NMFC	0	0	1	1
NMIH	3	0	0	3
NMRK	2	0	1	3
NN	2	0	0	2
NNE	0	0	1	1
NNOX	1	0	1	2
NOVT	0	1	0	1
NPCE	1	1	0	2
NRC	0	2	0	2
NRDS	0	0	1	1
NRIM	0	1	0	1
NRIX	2	0	1	3
NSIT.US	0	3	0	3
NSLR	0	1	0	1
NSSC	0	0	3	3
NTAP	1	1	1	3
NTCT	1	2	0	3
NTES	2	1	0	3
NTGR	2	1	0	3
NTLA	2	0	0	2
NTNX	1	1	0	2
NTRA	1	2	0	3
NTRS	0	3	0	3
NTSK	1	0	0	1
NVAX	0	1	1	2
NVCR	0	0	1	1
NVDA	1	2	0	3
NVMI	0	3	0	3
NVTS	0	1	0	1
NWBI	0	1	1	2
NWE	2	1	0	3
NWL	1	2	0	3
NWPX.US	0	1	1	2
NWSA	3	0	0	3
NXH	1	0	0	1
NXPI	1	2	0	3
NXST	2	1	0	3
NXT.US	1	2	0	3
A.US	0	2	0	2
AA	1	1	0	2
AAMI	1	2	0	3
AAP	3	0	0	3
AAT	0	2	0	2
ABBV	2	0	1	3
ABCB	1	1	1	3
ABEV	1	2	0	3
ABG	1	1	1	3
ABR	0	1	2	3
ABT.US	1	1	0	2
ABX	1	0	0	1
ACA.US	0	2	0	2
ACEL	1	2	0	3
ACH.US	0	1	0	1
ACHR	0	3	0	3
ACI	2	0	1	3
ACM	1	1	1	3
ACN	1	1	0	2
ACRE	2	0	1	3
AD	0	1	1	2
ADC	2	0	1	3
ADM	1	2	0	3
ADNT	2	1	0	3
AEE	3	0	0	3
AEO	1	2	0	3
AER	0	3	0	3
AERO.US	2	0	1	3
AES	1	1	0	2
AESI	0	0	2	2
AFG	2	0	1	3
AFL	0	1	1	2
AG	0	1	0	1
AGBK	0	1	1	2
AGCO	1	2	0	3
AGM	0	1	1	2
AGO	2	0	1	3
AGRO	1	1	0	2
AGX	0	1	1	2
AHR	0	0	1	1
AI	0	0	3	3
AIG	2	1	0	3
AIN	2	0	0	2
AIT	2	1	0	3
AIZ	2	0	1	3
AJG	3	0	0	3
AKR	1	0	1	2
ALB	1	1	0	2
ALG	2	1	0	3
ALH	1	0	0	1
ALIT	1	0	2	3
ALK	2	1	0	3
ALL	0	3	0	3
ALLE	0	0	2	2
ALLY	0	3	0	3
ALSN	1	2	0	3
ALTG	1	1	0	2
ALV	0	1	0	1
ALX	0	0	1	1
AM	1	2	0	3
AMBP	1	1	1	3
AMC	0	0	2	2
AMCR	1	0	1	2
AME	0	1	2	3
AMG	0	3	0	3
AMH	1	1	1	3
AMN	2	0	0	2
AMP.US	2	1	0	3
AMPX	0	3	0	3
AMPY	0	1	1	2
AMR	1	1	1	3
AMRC	1	1	1	3
AMRX	0	0	2	2
AMRZ	1	1	0	2
AMT	1	1	1	3
AMTB	1	0	1	2
AMTM	3	0	0	3
AMX	2	1	0	3
AN	0	2	1	3
ANDG	2	1	0	3
ANET	1	2	0	3
ANF	2	1	0	3
ANGX	0	1	0	1
ANVS	0	0	1	1
AON	2	1	0	3
AORT	3	0	0	3
AOS	1	1	1	3
APAM	1	1	1	3
APD	3	0	0	3
APG	0	3	0	3
APLE	1	0	1	2
APH	1	2	0	3
APO	1	1	1	3
APTV	1	0	0	1
AQN	1	1	1	3
AR.US	3	0	0	3
ARCO	1	1	0	2
ARE	1	2	0	3
ARES	3	0	0	3
ARI	1	1	1	3
ARLO	2	1	0	3
ARMK	0	2	0	2
AROC	2	0	0	2
ARW	0	3	0	3
ARX	0	2	1	3
AS	1	1	1	3
ASAN	0	1	0	1
ASB	2	1	0	3
ASC	1	1	1	3
ASH	0	1	1	2
ASIX	0	2	1	3
ASPN	1	2	0	3
ASR	1	0	0	1
ASX	0	2	0	2
ATEN	0	2	0	2
ATI	0	3	0	3
ATKR	0	3	0	3
ATMU	3	0	0	3
ATO	1	1	0	2
ATR	1	1	1	3
AU	1	1	1	3
AUB	0	1	2	3
AVA	3	0	0	3
AVNT.US	1	1	1	3
AVTR	3	0	0	3
AVY	1	0	1	2
AWI	3	0	0	3
AWK	2	1	0	3
AWR	1	1	1	3
AX	2	0	0	2
AXP	1	1	1	3
AXS.US	3	0	0	3
AXTA	0	1	0	1
AYI	0	1	2	3
AZO	2	1	0	3
AZZ	0	3	0	3
BABA	1	2	0	3
BA	3	0	0	3
BAC	1	2	0	3
B	1	2	0	3
BAH	1	1	0	2
BALL	1	1	1	3
BAP	1	2	0	3
BANC	2	1	0	3
BAX	2	1	0	3
BBAI	0	1	1	2
BBAR	2	0	0	2
BBDC	2	0	1	3
BBVA.US	1	1	1	3
BBT	1	2	0	3
BBW	2	0	1	3
BBWI	2	1	0	3
BBY	1	1	1	3
BCC	3	0	0	3
BC	1	2	0	3
BCO	2	1	0	3
BCS	2	1	0	3
BCH.US	1	0	0	1
BDC	1	1	0	2
BCSF	2	0	0	2
BDX	2	0	0	2
BDN	0	1	2	3
BE	1	2	0	3
BEN	0	1	1	2
BEKE	0	1	1	2
BEPC	1	1	1	3
BETA	0	2	0	2
BFAM	1	1	1	3
BFH	0	2	1	3
BFLY	1	1	1	3
BG	1	1	1	3
BGS	1	0	1	2
BHB	2	0	0	2
BHC	1	0	2	3
BHE	1	1	1	3
BHP	1	1	1	3
BHVN	1	0	2	3
BILL	1	2	0	3
BIO.US	2	1	0	3
BIP	1	1	1	3
BIPC	0	0	1	1
BIRK	1	1	0	2
BJ	0	2	0	2
BKD	1	1	1	3
BKE	2	1	0	3
BKH	2	1	0	3
BKR	1	2	0	3
BKU	1	2	0	3
BKV	0	0	1	1
BLCO	0	0	3	3
BLDR	0	2	0	2
BLK	1	2	0	3
BLND.US	0	0	2	2
BLSH	2	0	0	2
BMA	0	0	1	1
BMI	0	2	0	2
BMNR	0	1	0	1
BMY	1	2	0	3
BN.US	1	1	1	3
BNL	3	0	0	3
BNY	1	2	0	3
BOBS	0	0	1	1
BOH	2	0	1	3
BOOT	0	3	0	3
BORR	0	0	3	3
BOX	2	0	0	2
BP.US	1	1	1	3
BR	0	1	1	2
BRBR	3	0	0	3
BRC	2	1	0	3
BRCC	1	0	1	2
BRO	3	0	0	3
BROS	0	1	1	2
BRSL	1	2	0	3
BRSP	1	1	0	2
BRX	1	2	0	3
BSBR	1	0	0	1
BSM	1	2	0	3
BSX.US	3	0	0	3
BTG.US	0	1	2	3
BTGO	1	0	0	1
BTU	0	0	1	1
BUD	1	1	1	3
BURL	2	0	0	2
BV.US	2	1	0	3
BVN	1	0	0	1
BW	2	1	0	3
BWA	0	2	0	2
BWXT	0	3	0	3
BX	2	1	0	3
BXC	1	0	1	2
BXMT	0	0	2	2
BXP	1	2	0	3
BXSL	2	0	1	3
BY	0	0	1	1
BYD	0	2	1	3
BZH	0	1	0	1
C	1	2	0	3
CAAP	2	0	1	3
CABO	1	1	0	2
CACI	2	0	0	2
CAG	3	0	0	3
CAH	2	1	0	3
CALX.US	0	2	0	2
CALY	0	0	3	3
CARR	3	0	0	3
CARS	0	1	2	3
CAT	1	1	1	3
CAVA	1	2	0	3
CB	1	1	1	3
CBL.US	1	1	0	2
CBRE	1	2	0	3
CBT	3	0	0	3
CBZ	2	1	0	3
CC.US	0	1	1	2
CCEP	1	2	0	3
CCI	2	1	0	3
CCJ	0	3	0	3
CCK	1	0	1	2
CCL	2	0	1	3
CCU	0	1	0	1
CDE	0	2	1	3
CDP	1	1	1	3
CE	1	2	0	3
CF	1	1	1	3
CFG	1	2	0	3
CFR	1	1	1	3
CHCT	1	1	0	2
CHD	1	1	0	2
CHE	2	0	0	2
CHH	0	0	2	2
CHPT	0	0	2	2
CI	3	0	0	3
CIB	1	0	0	1
CIEN	1	1	1	3
CIM	0	0	1	1
CINT	0	2	1	3
CL	1	2	0	3
CLB	2	1	0	3
CLF.US	2	0	1	3
CLH	0	2	1	3
CLS	0	0	3	3
CLW	1	1	0	2
CLX	1	0	2	3
CM	1	0	1	2
CMC	2	0	0	2
CMG	0	3	0	3
CMI	1	2	0	3
CMP	0	1	1	2
CMS	1	2	0	3
CMT	2	0	1	3
CMTG	1	1	0	2
CNA	1	0	2	3
CNC	0	3	0	3
CNH.US	2	1	0	3
CNI	0	2	1	3
CNK	1	0	2	3
CNM	1	1	1	3
CNMD	2	0	1	3
CNNE	1	1	1	3
CNO	0	3	0	3
CNP	1	1	1	3
CNQ	1	2	0	3
CNR	0	2	1	3
CNS	1	1	0	2
CNX	1	1	0	2
CODI	0	2	0	2
COF	1	2	0	3
COHR	1	2	0	3
COLD	1	2	0	3
COMP.US	2	0	0	2
CON.US	3	0	0	3
COP	1	2	0	3
COR	1	1	1	3
COTY	0	1	1	2
COUR	1	0	0	1
CP	0	0	3	3
CPA	2	1	0	3
CPAY	1	1	1	3
CPF	1	2	0	3
CPK	0	0	2	2
CPNG	2	0	1	3
CPRI	1	2	0	3
CPT	1	2	0	3
CQP	0	0	2	2
CR	1	2	0	3
CRBG	2	0	1	3
CRC	2	0	0	2
CRCL	1	0	0	1
CRGY	3	0	0	3
CRH	1	1	1	3
CRI	2	1	0	3
CRK	1	0	1	2
CRL	1	1	1	3
CRM	2	1	0	3
CRS	0	3	0	3
CSL	2	1	0	3
CSR	1	0	0	1
CSTM	1	2	0	3
CSV	1	0	0	1
CSW	2	0	0	2
CTEV	0	1	2	3
CTGO	1	0	0	1
CTO	0	0	1	1
CTOS	1	2	0	3
CTRE	1	1	0	2
CTRI	1	0	2	3
CTS	1	2	0	3
CTVA	1	2	0	3
CUBE	1	2	0	3
CUBI	2	0	0	2
CURB	2	1	0	3
CUZ	1	2	0	3
CVE	0	0	1	1
CVI.US	0	1	2	3
CVLG	2	1	0	3
CVNA	1	1	1	3
CVS	0	3	0	3
CVSA	1	2	0	3
CVX.US	0	2	1	3
CW	1	2	0	3
CWEN	1	0	2	3
CWH	0	0	1	1
CWK.US	0	1	2	3
CX	1	2	0	3
CXM	0	1	0	1
CXT	3	0	0	3
CXW	0	0	1	1
CYD	0	0	2	2
CYH	1	0	2	3
D	1	2	0	3
DAC	0	0	1	1
DAL	1	2	0	3
DAN	1	1	1	3
DAR	3	0	0	3
DAVA	1	2	0	3
DB	2	0	0	2
DBD	0	3	0	3
DBI	0	1	1	2
DCH.US	2	1	0	3
DCI	0	1	2	3
DCO	1	1	0	2
DCOM	1	2	0	3
DD	0	2	1	3
DDS	1	1	1	3
DE	1	1	1	3
DEA	1	0	0	1
DECK	1	1	1	3
DEI	2	1	0	3
DELL	2	0	1	3
DEO	3	0	0	3
DFIN	0	2	1	3
DG.US	3	0	0	3
DGX	1	2	0	3
DHI	2	1	0	3
DHR	1	2	0	3
DHT	0	1	2	3
DIN	0	0	1	1
DINO	1	2	0	3
DIS	2	1	0	3
DK	2	1	0	3
DKL	0	1	0	1
DKS	2	1	0	3
DLB	1	1	0	2
DLR	1	0	0	1
DNA	0	0	3	3
DNN	2	1	0	3
DOC	0	1	2	3
DNOW	1	1	0	2
DOCN	1	2	0	3
DOCS	1	1	1	3
DOLE	0	1	1	2
DOV	0	3	0	3
DOW	0	2	1	3
DQ	0	0	1	1
DRI	1	1	1	3
DTE	1	1	1	3
DTM	0	2	1	3
DUK	2	0	0	2
DV	1	1	1	3
DVA	0	2	1	3
DVN	1	0	0	1
DX	1	1	1	3
DXC	0	1	1	2
E	0	2	1	3
DY	1	2	0	3
EAF	1	1	1	3
EAT	0	3	0	3
EBS	0	0	1	1
EC	1	2	0	3
ECG	0	3	0	3
ECL	1	1	1	3
ECVT	1	1	1	3
ED	1	1	0	2
EDU	0	1	1	2
EE	1	1	0	2
EFC	0	0	2	2
EFOR	1	0	1	2
EFX	1	0	1	2
EG	1	2	0	3
EGHT	1	0	1	2
EGO	1	0	0	1
EGP.US	0	2	1	3
EGY	3	0	0	3
EHC	0	1	2	3
EIG	2	1	0	3
EIX	2	0	1	3
EL	2	1	0	3
ELAN	1	2	0	3
ELF	1	1	0	2
ELS	2	0	1	3
ELV	1	2	0	3
EMBJ	2	1	0	3
EME	0	1	1	2
EMN	0	2	1	3
EMR	1	1	1	3
ENB	0	2	1	3
ENIC	1	0	0	1
ENOV	2	0	1	3
ENR	1	1	1	3
ENS.US	1	2	0	3
ENVA	0	2	0	2
EOG	2	1	0	3
EPAM	0	1	0	1
EPAC	1	1	1	3
EPC	3	0	0	3
EPM	0	1	0	1
EPD	2	0	1	3
EPR	0	1	1	2
EPRT	2	1	0	3
EQH	1	1	0	2
EQNR	0	2	1	3
EQT	2	1	0	3
EQX	1	2	0	3
ERO	0	2	1	3
ES	1	1	0	2
ESAB	2	0	0	2
ESE	1	1	0	2
ESI	0	3	0	3
ESNT	1	0	0	1
ESRT	2	0	0	2
ESS	2	0	1	3
ESTC	2	1	0	3
ET	2	0	1	3
ETD	1	1	1	3
ETN	3	0	0	3
ETR	1	2	0	3
ETSY	1	1	1	3
EVH	0	2	1	3
EVR	2	1	0	3
EVRG	0	3	0	3
EVTC	2	0	0	2
EW	0	3	0	3
EXE	1	1	0	2
EXK	1	0	0	1
EXP	1	1	1	3
EXPD	1	2	0	3
EXR	2	1	0	3
F	1	0	2	3
FAF	0	2	1	3
FBIN	2	1	0	3
FBK	0	1	1	2
FBP	2	0	1	3
FBRT	1	1	0	2
FC	0	1	0	1
FCN	2	1	0	3
FCPT	1	1	1	3
FCX	2	0	1	3
FDS	2	1	0	3
FDX	0	2	1	3
FE	1	0	1	2
FG	1	2	0	3
FHI	2	0	1	3
FHN	1	0	1	2
FICO	1	2	0	3
FIG	0	1	1	2
FIGS	1	0	1	2
FINV	0	1	1	2
FIS.US	2	1	0	3
FITB	1	2	0	3
FIX	0	2	0	2
FLG	0	2	1	3
FLO	1	1	1	3
FLR.US	2	1	0	3
FLS	0	2	0	2
FMC	2	1	0	3
FMS	1	1	1	3
FMX	2	1	0	3
FN	1	2	0	3
FNB	1	2	0	3
FND	1	2	0	3
FNF	1	1	1	3
FNV	0	3	0	3
FOUR	0	0	1	1
FPI	0	0	1	1
FPS	2	0	0	2
FR.US	2	1	0	3
FRO	1	0	0	1
FRT	1	1	1	3
FSK	2	0	0	2
FSM	0	0	1	1
FSS	1	2	0	3
FTAI	0	3	0	3
FTI	1	1	1	3
FTRE	1	1	1	3
FTV	1	2	0	3
FUBO	0	0	1	1
FUL	2	1	0	3
FUN.US	1	0	2	3
FVRR	1	0	0	1
G.US	1	2	0	3
GAP	0	2	0	2
GATX	0	1	2	3
GBCI	1	2	0	3
GBX.US	1	1	0	2
GCO	1	0	2	3
GD	1	2	0	3
GDDY	0	1	0	1
GE	1	1	1	3
GEF	1	1	0	2
GEF.B	1	1	0	2
GEL	0	0	3	3
GENI	1	2	0	3
GEO	0	2	0	2
GEV	1	2	0	3
GFF	0	2	0	2
GFI.US	2	0	1	3
GFL	2	0	0	2
GFR	0	0	1	1
GGB	1	1	1	3
GGG	1	2	0	3
GHM	0	3	0	3
GIB	0	0	1	1
GIL	0	2	0	2
GIS	0	2	1	3
GKOS	1	2	0	3
GL	2	0	1	3
GLOB	3	0	0	3
GLW	0	3	0	3
GM	0	3	0	3
GMED	3	0	0	3
GNE	0	0	2	2
GNK.US	0	1	2	3
GNRC	0	2	1	3
GNW	0	2	1	3
GOLD.US	0	0	1	1
GOLF	1	1	0	2
GPC	3	0	0	3
GPI	1	2	0	3
GPK	0	1	1	2
GPMT	1	0	0	1
GPN	2	1	0	3
GPOR	2	0	1	3
GRDN	1	1	1	3
GRND	1	0	1	2
GRNT	0	0	1	1
GROY	0	0	1	1
GS	1	2	0	3
GSBD	1	0	1	2
GSK	1	2	0	3
GSL	0	1	1	2
GTES	1	1	1	3
GTN	1	1	0	2
GTY	1	0	2	3
GVA	1	1	1	3
GWRE	1	1	1	3
GWW	1	1	1	3
GXO	3	0	0	3
H.US	1	0	2	3
HAE	1	0	1	2
HAL	1	2	0	3
HASI	1	0	1	2
HAYW	1	0	2	3
HBM	0	3	0	3
HCA	2	0	0	2
HCC	0	1	0	1
HCI	2	0	1	3
HD	1	0	0	1
HE	1	1	1	3
HEI	2	0	1	3
HEI.A	2	0	1	3
HESM	1	2	0	3
HG	0	2	1	3
HGTY	0	2	1	3
HGV	0	1	0	1
HHH	0	1	2	3
HIG	0	2	1	3
HII	1	1	1	3
HIMS	1	0	0	1
HIW	1	1	1	3
HL	1	2	0	3
HLF	2	0	1	3
HLI	0	2	0	2
HLIO	1	2	0	3
HLLY	0	1	0	1
HLN	3	0	0	3
HLT	0	0	3	3
HMN	1	0	0	1
HNGE	2	1	0	3
HOG	1	2	0	3
HOMB	1	1	1	3
HP	1	1	1	3
HPE	1	2	0	3
HPP	0	2	1	3
HPQ	3	0	0	3
HR	0	1	2	3
HRB	1	2	0	3
HRI	3	0	0	3
HRL	0	2	1	3
HRTG	0	1	0	1
HSY	1	2	0	3
HTB	2	0	1	3
HTGC	0	0	2	2
HTH	2	0	1	3
HTZ	0	0	2	2
HUBB	1	1	1	3
HUBS	2	0	1	3
HUM	1	2	0	3
HUN	1	2	0	3
HUYA.US	0	0	2	2
HWM	0	1	1	2
HXL	1	2	0	3
HY	0	2	0	2
HZO	2	0	1	3
IAG.US	1	2	0	3
IBM	1	1	1	3
IBP	2	1	0	3
IBTA	0	2	1	3
ICE	1	2	0	3
IDA	2	1	0	3
IDR.US	0	1	0	1
IE	2	1	0	3
IEX	1	2	0	3
IFF	3	0	0	3
IFS	0	1	1	2
IHG	1	0	1	2
IIPR	0	0	1	1
IMAX	2	1	0	3
IMO	0	1	1	2
INFY	1	1	0	2
INGM	0	3	0	3
INGR	3	0	0	3
INN	1	1	0	2
INSP	0	1	0	1
INSW	1	1	1	3
INTT	1	1	0	2
INVH	0	1	0	1
INVX	1	2	0	3
IONQ	1	0	2	3
IOT	1	1	0	2
IP.US	1	0	1	2
IPI	2	1	0	3
IQV	1	1	0	2
IR	1	2	0	3
IRM	1	0	2	3
IRT	2	0	1	3
IT	3	0	0	3
ITGR	1	0	0	1
ITT	2	1	0	3
ITUB	1	2	0	3
ITW	1	1	1	3
IVR	1	0	1	2
IVT	0	1	2	3
IVZ.US	0	3	0	3
J	2	0	1	3
JBGS	0	0	1	1
JBI	3	0	0	3
JBL	0	2	1	3
JBS	3	0	0	3
JBTM	1	1	1	3
JCI	0	3	0	3
JEF	2	0	1	3
JELD	0	1	1	2
JHX	1	1	1	3
JILL	1	0	0	1
JKS	0	0	1	1
JLL	2	1	0	3
JMIA	0	0	1	1
JNJ	3	0	0	3
JOBY	1	1	1	3
JPM	2	1	0	3
JXN	0	2	1	3
KAI	2	1	0	3
KB	0	2	1	3
KBH	2	0	1	3
KBR	1	2	0	3
KD	0	1	2	3
KDK	1	0	1	2
KEX	1	2	0	3
KEY	0	2	1	3
KEYS	0	3	0	3
KFRC	1	1	1	3
KFY	1	2	0	3
KGC	2	1	0	3
KGS.US	0	1	0	1
KIM	2	0	1	3
KKR	0	2	0	2
KLAR	0	1	2	3
KLC	1	0	0	1
KMI	1	1	1	3
KMPR	1	0	1	2
KMT	0	3	0	3
KMX	2	1	0	3
KN	0	3	0	3
KNF	0	2	1	3
KNTK	2	0	1	3
KNX	0	2	0	2
KO	1	0	1	2
KOF	0	1	2	3
KOP	0	2	1	3
KOS	0	1	1	2
KR	1	1	1	3
KRC	2	1	0	3
KREF	1	1	1	3
KRG	0	0	1	1
KRMN	2	0	0	2
KSS	2	0	0	2
KTB	2	1	0	3
KVUE	2	0	1	3
KVYO	2	1	0	3
KWR	2	0	0	2
LAC	0	0	1	1
LAD	1	1	1	3
LADR	0	1	1	2
LAR	1	0	0	1
LAZ	0	3	0	3
LB	0	1	0	1
LBRT	1	2	0	3
LCII	1	0	1	2
LCTX	0	1	0	1
LDOS	1	1	0	2
LEA	0	2	0	2
LEG	1	0	0	1
LEN	2	1	0	3
LEN.B	2	1	0	3
LEU	2	0	1	3
LEVI	3	0	0	3
LH	1	2	0	3
LHX	2	1	0	3
LII	3	0	0	3
LION	1	1	0	2
LLY	1	1	1	3
LMND	1	1	1	3
LMT	1	1	0	2
LNC	1	2	0	3
LNG	1	1	1	3
LNN	3	0	0	3
LOAR	0	1	1	2
LOMA	0	1	0	1
LOW	1	2	0	3
LPG	2	0	1	3
LPX	2	0	1	3
LRN	2	0	0	2
LTC.US	1	0	1	2
LTH	2	1	0	3
LTM	1	2	0	3
LU	0	0	1	1
LUCK	0	0	1	1
LUMN	0	1	1	2
LUV	2	1	0	3
LUXE	0	0	1	1
LVS	1	0	2	3
LW	2	1	0	3
LXP	1	1	0	2
LXU	1	0	2	3
LYB	1	2	0	3
LYV	1	2	0	3
LZB	1	0	2	3
LZM	0	0	1	1
M.US	1	1	0	2
MA	1	2	0	3
MAA	2	1	0	3
MAC	1	1	0	2
MAGN	1	0	1	2
MAIN	0	0	2	2
MAN	1	1	1	3
MANE	1	1	0	2
MAS	2	0	1	3
MATX	1	2	0	3
MAX	1	1	0	2
MBC	2	0	1	3
MBI	0	0	2	2
MC	3	0	0	3
MCB	0	2	1	3
MCD	0	2	1	3
MCK	0	2	1	3
MCO	1	0	2	3
MCS.US	0	1	2	3
MD	1	1	1	3
MDT.US	3	0	0	3
MDU	1	1	1	3
MEC	1	1	0	2
MEI	0	1	0	1
MET.US	0	3	0	3
MFA	1	1	1	3
MFC	1	1	0	2
MGA	0	3	0	3
MGM	0	2	1	3
MGY	1	1	1	3
MHK	2	1	0	3
MHO	0	3	0	3
MIAX	2	0	0	2
MICC.US	3	0	0	3
MIR.US	2	1	0	3
MKC	1	0	2	3
MKC/V	1	0	2	3
MKL	3	0	0	3
MLM	1	1	0	2
MLR	1	2	0	3
MMM	1	1	1	3
MMS	3	0	0	3
MNTN	0	1	1	2
MO	2	1	0	3
MOD	1	2	0	3
MOH	2	0	1	3
MOS	1	0	0	1
MOV	1	1	1	3
MP	2	0	1	3
MPC	1	2	0	3
MPLX.US	0	2	1	3
MPT	1	1	1	3
MRK	1	1	1	3
MRP	1	2	0	3
MRSH	2	0	0	2
MS	1	1	0	2
MSA	2	1	0	3
MSCI	1	1	0	2
MSDL	1	0	1	2
MSGE	0	3	0	3
MSGS	0	1	2	3
MSI	2	1	0	3
MSM	0	2	1	3
MT.US	1	1	1	3
MTB	0	3	0	3
MTD	1	2	0	3
MTDR	1	2	0	3
MTG	0	1	2	3
MTH	1	1	0	2
MTN	2	1	0	3
MTW	1	1	1	3
MTX	1	1	1	3
MTZ	0	2	1	3
MUFG	1	1	1	3
MUR	2	1	0	3
MUSA	1	2	0	3
MUX	0	1	0	1
MWA	1	1	1	3
MXL	0	1	0	1
MYE	0	3	0	3
NABL	1	0	1	2
NAK	0	1	0	1
NAT	1	1	1	3
NATL	2	1	0	3
NBHC	0	1	0	1
NBR	0	1	2	3
NCLH	3	0	0	3
NE	2	0	0	2
NEE	1	2	0	3
NEM	1	1	0	2
NET	1	2	0	3
NFG	2	0	1	3
NG.US	1	1	1	3
NGS	2	0	0	2
NGVT	1	1	1	3
NHI	0	0	1	1
NI	1	0	0	1
NIC	0	1	0	1
NIO	0	1	0	1
NIQ	1	1	0	2
NJR	0	2	0	2
NKE	1	1	0	2
NLY	3	0	0	3
NMAX	0	0	1	1
NMR.US	2	1	0	3
NNI	0	1	2	3
NNN	1	1	1	3
NOAH	0	1	2	3
NOC	1	2	0	3
NOG	2	0	1	3
NOK	1	2	0	3
NOMD	2	1	0	3
NOV	0	3	0	3
NOW	1	1	1	3
NP	2	0	0	2
NPKI	3	0	0	3
NPO	0	3	0	3
NPWR	0	0	2	2
NRG	1	1	1	3
NRGV	1	1	0	2
NSC	2	1	0	3
NSP	0	2	0	2
NTB	1	2	0	3
NTR	2	1	0	3
NTST	2	0	0	2
NU	3	0	0	3
NUE	1	2	0	3
NUVB	0	0	3	3
NVGS	2	0	1	3
NVO	2	1	0	3
NVR	0	2	1	3
NVS	1	2	0	3
NVST	1	1	1	3
NVT	0	2	1	3
NWG	2	1	0	3
NWN	1	0	1	2
NX	1	1	1	3
NYT	1	1	1	3
O	1	2	0	3
OBDC	2	0	1	3
OBK	2	1	0	3
OC	0	3	0	3
OEC	1	1	1	3
OFG	2	1	0	3
OFRM	0	1	0	1
OGE	2	1	0	3
OGS	2	1	0	3
OHI	0	1	2	3
OI	2	0	0	2
OII	1	2	0	3
OIS	1	1	1	3
OKE	1	1	1	3
OKLO	2	0	1	3
OLN	2	1	0	3
OLP	0	1	0	1
OMC	3	0	0	3
OMF	1	2	0	3
ONON	2	0	0	2
ONT.US	1	1	0	2
ONTO	1	2	0	3
OPFI	1	0	0	1
OPLN	1	1	1	3
OPTU	0	2	1	3
OR.US	0	2	1	3
ORA.US	0	1	2	3
ORCL	2	1	0	3
ORI	2	0	1	3
ORN	1	1	1	3
OSCR	0	2	0	2
OSG	1	0	1	2
OSK	1	2	0	3
OTF	1	0	2	3
OTIS	2	1	0	3
OUT	1	2	0	3
OVV	3	0	0	3
OWL	1	2	0	3
OXM	0	1	0	1
OXY	0	1	2	3
P	0	2	0	2
PAG	0	2	1	3
PAGS	1	1	1	3
PAM	2	0	0	2
PANW	1	1	1	3
PAR	1	0	1	2
PARR	1	2	0	3
PATH	0	1	2	3
PAY.US	1	1	0	2
PAYC	0	2	1	3
PB	2	0	1	3
PBA	0	2	1	3
PBF	1	1	1	3
PBH	3	0	0	3
PBI	0	1	2	3
PBR	1	1	1	3
PBR.A	1	1	1	3
PCG	3	0	0	3
PCOR	0	0	2	2
PCRX	0	0	1	1
PD	1	0	0	1
PDM	0	2	0	2
PEB	1	1	0	2
PEG	1	0	2	3
PEN	1	1	1	3
PFE	2	1	0	3
PFGC	2	0	1	3
PFS	2	0	1	3
PFSI	1	2	0	3
PG	3	0	0	3
PGR	1	1	0	2
PH	3	0	0	3
PHIN	0	2	1	3
PHM	2	1	0	3
PHR	0	1	1	2
PII	1	2	0	3
PINE	0	0	1	1
PINS	1	0	2	3
PIPR	0	3	0	3
PJT	1	1	1	3
PKE	0	1	2	3
PKG	2	0	1	3
PL	0	2	0	2
PLD	2	1	0	3
PLGO	1	1	0	2
PLNT	0	0	1	1
PLOW	1	2	0	3
PM	2	1	0	3
PMT	0	0	1	1
PNC	2	1	0	3
PNFP	1	2	0	3
PNR	2	0	1	3
PNW	1	1	1	3
POR	2	1	0	3
POST	1	1	1	3
PPG	3	0	0	3
PPL	1	1	0	2
PRG	0	2	1	3
PRGO	0	2	0	2
PRI	0	3	0	3
PRIM	1	1	0	2
PRK	0	0	1	1
PRKS	0	2	1	3
PRLB	1	2	0	3
PRM	0	2	0	2
PRMB	0	0	3	3
PRU	0	1	2	3
PSA	2	1	0	3
PSFE	0	0	2	2
PSN.US	3	0	0	3
PSO	1	0	0	1
PSX	0	1	2	3
PUK	1	1	1	3
PUMP.US	1	2	0	3
PVH	2	1	0	3
PXED	1	0	0	1
PWR	2	1	0	3
Q	1	1	0	2
QSR	0	2	1	3
QTWO	2	0	1	3
QUAD.US	1	1	0	2
QXO	1	1	1	3
R	0	1	2	3
RACE	0	1	0	1
RAL	1	1	0	2
RAMP	0	1	0	1
RBA	0	0	3	3
RBLX	1	1	0	2
RBRK	1	1	0	2
RC	0	1	0	1
RCI	1	0	1	2
RCL	1	1	1	3
RCUS	0	2	1	3
RDDT	2	0	1	3
RDN	0	3	0	3
RDW.US	0	1	0	1
REI	1	0	1	2
REPX	2	1	0	3
RES	2	1	0	3
REXR	1	2	0	3
REZI	3	0	0	3
RF	2	0	1	3
RGA	2	0	1	3
RGR	2	1	0	3
RHI	3	0	0	3
RHP	0	3	0	3
RIG	2	0	1	3
RIO	2	1	0	3
RITM	2	0	1	3
RJF	1	2	0	3
RKT	3	0	0	3
RL	0	1	1	2
RLGT	2	0	0	2
RLI	2	0	1	3
RLJ	0	3	0	3
RM	1	1	1	3
RMD	1	1	1	3
RNG	0	1	2	3
RNGR	2	0	0	2
RNR	1	2	0	3
RNST	0	0	2	2
ROG	2	1	0	3
ROK	1	2	0	3
ROL	0	3	0	3
RPM	1	1	1	3
RRC	2	1	0	3
RRX	1	2	0	3
RS	1	2	0	3
RSG	0	2	1	3
RSI	1	0	1	2
RSKD	1	2	0	3
RTO.US	3	0	0	3
RTX	2	1	0	3
RVLV	0	1	0	1
RVTY	0	3	0	3
RWT	0	0	1	1
RXO	1	0	0	1
RY	1	1	1	3
RYAN	1	1	0	2
RYN	1	2	0	3
RDY	0	1	2	3
S.US	2	0	1	3
SAFE.US	1	0	0	1
SAH	0	1	1	2
SAM	2	0	1	3
SAP	3	0	0	3
SARO	0	3	0	3
SBH	1	2	0	3
SBS	0	1	0	1
SBSI	2	0	1	3
SBSW	1	0	1	2
SCCO	2	0	1	3
SCHW	2	1	0	3
SCI	1	1	1	3
SCL	0	0	2	2
SDHC	1	1	0	2
SDRL	0	2	1	3
SE	1	2	0	3
SEG	0	0	2	2
SEI.US	1	2	0	3
SES	0	0	1	1
SF.US	1	1	0	2
SFBS	1	0	2	3
SGHC	1	2	0	3
SGI	1	0	1	2
SHAK	0	2	0	2
SHEL	2	1	0	3
SHO	2	1	0	3
SHW	3	0	0	3
SIG	2	0	1	3
SITC	0	0	1	1
SITE	1	1	1	3
SJM	2	1	0	3
SKT	2	0	1	3
SKY.US	2	0	0	2
SLB	1	2	0	3
SLF	0	0	1	1
SLG	0	1	1	2
SLQT	1	0	2	3
SLVM	2	0	1	3
SM	3	0	0	3
SMA	1	1	0	2
SMBK	3	0	0	3
SMG	3	0	0	3
SMHI	0	1	1	2
SMP.US	1	1	0	2
SMR	0	1	2	3
SMRT	0	1	1	2
SMWB	2	0	0	2
SN	0	2	1	3
SNA	0	2	1	3
SNAP	0	2	1	3
SNDR	0	1	1	2
SNN.US	2	1	0	3
SNOW	0	0	1	1
SNX.US	0	3	0	3
SO	1	1	1	3
SOC	0	1	0	1
SOLV	1	1	1	3
SON	2	0	1	3
SONY	2	1	0	3
SPB	1	2	0	3
SPG	1	2	0	3
SPGI	3	0	0	3
SPHR	0	2	0	2
SPIR	1	0	0	1
SPOT	1	2	0	3
SPXC	0	2	0	2
SQM	0	2	0	2
SR	2	0	1	3
SRE	3	0	0	3
SSB	2	1	0	3
SSD	1	2	0	3
ST	0	2	0	2
STAG	2	1	0	3
STC	1	2	0	3
STE	0	1	2	3
STLA.US	0	1	2	3
STM.US	1	1	0	2
STN	0	0	1	1
STNG	1	2	0	3
STT	1	2	0	3
STUB	0	2	0	2
STVN	3	0	0	3
STWD	1	0	1	2
STZ	3	0	0	3
SU	0	3	0	3
SUI.US	1	2	0	3
SUN	0	1	1	2
SUPV.US	0	0	1	1
SUZ	0	3	0	3
SVV	1	0	1	2
SW	0	1	0	1
SWK	1	0	1	2
SWX	0	3	0	3
SXC	0	2	1	3
SXI	0	0	2	2
SXT.US	1	1	0	2
SYF	1	0	2	3
SYK	1	0	1	2
SYY	1	2	0	3
T.US	1	1	1	3
TAC	1	0	1	2
TAK	1	1	0	2
TAL	1	0	2	3
TALO	2	0	0	2
TAP	3	0	0	3
TBBB	1	2	0	3
TBI	2	1	0	3
TBN	1	1	0	2
TD	0	2	0	2
TDAY	0	1	1	2
TDC	0	0	1	1
TDG	0	2	1	3
TDOC	1	1	1	3
TDS	2	1	0	3
TDW	1	2	0	3
TDY	3	0	0	3
TE	1	1	0	2
TECK	1	1	1	3
TEL.US	2	1	0	3
TEO	0	2	0	2
TEVA	2	1	0	3
TEX	1	1	0	2
TFC	2	1	0	3
TFII	1	2	0	3
TFX	0	3	0	3
TGLS	0	1	1	2
TGT	2	1	0	3
THC	1	0	1	2
THG	1	1	1	3
THO	2	0	1	3
TIC	1	1	1	3
TIMB	0	1	0	1
TJX	1	2	0	3
TKO	1	2	0	3
TKR	1	2	0	3
TME	0	0	1	1
TMO	3	0	0	3
TMP	0	1	1	2
TNC	1	2	0	3
TNET	2	0	1	3
TNK	0	2	0	2
TNL	1	1	1	3
TOL	0	1	1	2
TOST	1	2	0	3
TPB	2	1	0	3
TPC	0	1	2	3
TPR	1	1	1	3
TREX	2	0	1	3
TRGP	1	2	0	3
TRIN	0	1	1	2
TRN.US	1	1	0	2
TRNO	0	1	2	3
TROX	0	2	0	2
TRP	1	2	0	3
TRTX	0	0	2	2
TRU.US	2	1	0	3
TRV	1	2	0	3
TS	2	1	0	3
TSLX	3	0	0	3
TSM	1	2	0	3
TSN	1	2	0	3
TT	0	2	1	3
TTAM	1	1	0	2
TTC	1	2	0	3
TTI	2	0	0	2
TU	1	0	2	3
TV	0	2	1	3
TWLO	0	3	0	3
TWO	0	0	1	1
TX	1	1	1	3
TXNM	0	2	1	3
TXT	0	3	0	3
TYL	0	2	1	3
U	1	1	1	3
UAA	1	0	1	2
UAMY	0	1	0	1
UBER	1	0	2	3
UBS	0	3	0	3
UCB	1	1	0	2
UDR	0	2	1	3
UE	1	0	1	2
UEC	0	1	2	3
UGI	1	2	0	3
UHS	3	0	0	3
UI	1	0	2	3
UIS	0	1	0	1
UL.US	2	1	0	3
ULS	1	2	0	3
UMH	1	0	1	2
UNFI	0	2	1	3
UNF	0	2	1	3
UNH	1	2	0	3
UNM	0	3	0	3
UNP	2	0	0	2
UPS	0	2	1	3
URG	0	0	2	2
URI	0	1	1	2
USAC	0	1	0	1
USB	1	2	0	3
USFD	3	0	0	3
USPH	1	1	1	3
UTI	3	0	0	3
UTL	1	0	1	2
UTZ	2	0	0	2
UUUU	0	1	0	1
UVE	1	1	0	2
V	3	0	0	3
VAC	0	3	0	3
VAL.US	1	1	0	2
VALE	2	1	0	3
VEEV	1	2	0	3
VET.US	2	0	1	3
VFC	1	2	0	3
VG	1	2	0	3
VGNT	1	0	0	1
VIA	1	1	0	2
VICI	3	0	0	3
VIK	0	2	0	2
VIPS	0	0	3	3
VIRT	1	1	0	2
VIST	2	0	1	3
VIV.US	1	0	0	1
VLN	1	0	0	1
VLO	1	1	1	3
VLRS	0	1	2	3
VLTO	0	2	0	2
VMC	1	0	0	1
VMI	0	2	1	3
VMRK	2	1	0	3
VNO	1	1	1	3
VNT	3	0	0	3
VOYA.US	1	1	0	2
VOYG	0	0	1	1
VPG	0	3	0	3
VRT	0	3	0	3
VRTS	2	0	1	3
VSH	0	2	0	2
VST	2	0	0	2
VSTS	0	1	1	2
VSXY	0	2	1	3
VTEX	0	0	1	1
VTMX	1	0	0	1
VTOL	0	1	2	3
VTR	2	1	0	3
VTS	1	0	0	1
VVV.US	1	2	0	3
VVX	0	2	0	2
VYX	1	0	2	3
VZ	2	1	0	3
W.US	2	1	0	3
WAB	0	3	0	3
WAL	2	0	1	3
WAT	2	1	0	3
WCC	0	3	0	3
WCN	1	1	1	3
WD	2	0	1	3
WDS	1	1	0	2
WEAV	2	0	1	3
WEC	1	1	1	3
WELL.US	3	0	0	3
WES	1	0	2	3
WEX	2	0	1	3
WFC	2	1	0	3
WGO	2	0	1	3
WH	1	1	1	3
WHD	2	1	0	3
WHR	1	2	0	3
WIT	1	2	0	3
WK	2	0	0	2
WKC	1	2	0	3
WLK	1	1	0	2
WM	0	3	0	3
WMB	2	1	0	3
WMS	0	1	2	3
WNC	2	0	0	2
WOLF	1	0	1	2
WOR	1	1	1	3
WPC	1	2	0	3
WPM	1	2	0	3
WRB.US	1	1	0	2
WRBY	2	0	0	2
WS	2	0	0	2
WSM	2	0	1	3
WSO	0	1	1	2
WST	0	2	1	3
WTI	0	2	0	2
WTRG	2	0	1	3
WTS	0	2	1	3
WTTR	0	2	0	2
WU	2	0	1	3
WWW	2	0	1	3
WY	2	1	0	3
XIFR	2	1	0	3
XHR	2	1	0	3
XOM	1	2	0	3
XPEV	0	1	0	1
XPO	2	0	1	3
XPOF	0	0	3	3
XPRO	0	2	1	3
XYL	1	2	0	3
XYZ	3	0	0	3
YELP	0	1	1	2
YETI	1	2	0	3
YEXT	0	0	3	3
YMM	0	2	1	3
YOU	0	3	0	3
YPF	1	1	0	2
YSS	0	1	1	2
YUM	2	0	1	3
YUMC	2	1	0	3
ZBH	1	2	0	3
ZETA.US	1	1	0	2
ZGN	0	0	1	1
ZH	1	0	0	1
ZIM	0	1	0	1
ZTO	0	2	1	3
ZTS	1	0	1	2
ZWS	2	1	0	3
OABI	1	0	0	1
OBIO	0	0	1	1
OBT	0	1	1	2
OCFC	3	0	0	3
OCGN	0	0	1	1
OCSL	1	2	0	3
OCUL	0	2	1	3
ODD	1	0	1	2
ODFL	0	2	1	3
OFIX	0	1	0	1
OKTA	1	2	0	3
OKUR	0	0	2	2
OLED	2	0	1	3
OLLI	1	0	0	1
OLMA	0	2	1	3
OM.US	1	0	1	2
OMCL	0	0	1	1
OMDA	0	1	1	2
ON	0	1	0	1
ONB	1	2	0	3
ONC	2	0	0	2
ONDS	2	0	0	2
OPAL	0	0	2	2
OPCH	1	1	0	2
OPEN	0	1	1	2
OPK	0	1	1	2
OPRA	0	0	1	1
OPRT	1	0	0	1
OPRX	1	0	0	1
ORIC	0	1	2	3
ORKA	0	1	1	2
ORLY	0	3	0	3
OSBC	1	0	1	2
OSIS	3	0	0	3
OSPN	1	0	2	3
OSW	1	1	0	2
OTEX	2	0	1	3
OTLY	0	0	1	1
OZK	2	0	1	3
ASAIY	0	0	1	1
PAA	1	1	1	3
PAAS	1	1	1	3
PACB	0	1	1	2
PAGP	1	2	0	3
PAHC	0	0	1	1
PANL	0	2	0	2
PATK	2	0	1	3
PAYO	1	0	0	1
PAYP	0	1	0	1
PAYS	0	2	0	2
PAYX	0	1	1	2
PBYI	0	1	0	1
PCAR	1	1	1	3
PCT.US	1	1	1	3
PCTY	2	1	0	3
PCVX	1	0	2	3
PDD	3	0	0	3
PDFS	0	1	0	1
PEBO	2	0	1	3
PECO	0	1	1	2
PEGA	0	2	1	3
PENG	0	2	0	2
PENN	2	1	0	3
PEP	2	0	1	3
PERI	2	1	0	3
PESI	1	0	0	1
PFBC	3	0	0	3
PFG	1	2	0	3
PGC	1	2	0	3
PGNY	2	0	0	2
PGY	1	0	0	1
PHAT	0	2	1	3
PHVS	1	0	1	2
PI	3	0	0	3
PKOH	0	2	0	2
PLAY	0	0	1	1
PLAB	1	2	0	3
PLCE	0	0	1	1
PLMR	0	1	1	2
PLPC	0	1	0	1
PLRX	0	1	1	2
PLSE	0	0	1	1
PLTK	0	1	1	2
PLTR	1	1	1	3
PLUG	0	1	2	3
PLXS	1	1	1	3
PMVP	0	0	1	1
PNTG	2	1	0	3
PODD	3	0	0	3
PONY	1	2	0	3
POOL	1	1	0	2
POWL	0	3	0	3
POWW	1	0	0	1
PPC	1	0	1	2
PPLI	2	1	0	3
PPTA	0	2	1	3
PR	1	1	0	2
PRAA	3	0	0	3
PRAX	0	0	3	3
PRCH	3	0	0	3
PRDO	1	2	0	3
PRGS	1	0	2	3
PRLD	1	0	1	2
PRME	2	0	1	3
PRQR	0	1	0	1
PRTA	1	0	0	1
PRVA	2	0	0	2
PSEC	0	0	2	2
PSKY	0	1	2	3
PSMT	2	0	0	2
PSNL	1	0	1	2
PSNY	0	0	1	1
PTC	1	1	0	2
PTCT	2	1	0	3
PTEN	0	2	1	3
PTGX	0	1	2	3
PTLO	1	0	1	2
PTON	0	1	1	2
PUBM	1	0	1	2
PVLA	2	0	1	3
PWP	2	0	1	3
PYPL	2	1	0	3
PZZA	1	1	0	2
COTY.PA	0	1	1	2
STLAP.PA	0	1	2	3
QBTS	0	1	0	1
QCOM	0	0	1	1
QCRH	0	1	2	3
QDEL	0	1	2	3
QFIN	0	0	1	1
QLYS	0	2	1	3
QNST	3	0	0	3
QRVO	1	1	0	2
QS	0	0	2	2
QSI	1	0	0	1
QTRX	1	0	1	2
QUBT	0	0	1	1
QURE	1	0	0	1
RAPP	1	0	1	2
RARE.US	0	2	1	3
RBB	2	0	0	2
RBBN	2	0	0	2
RBC	1	2	0	3
RCKT	1	0	1	2
RCKY	1	0	0	1
RDNT	2	1	0	3
REAL	1	2	0	3
REFI	0	0	1	1
REG	0	3	0	3
REGN	3	0	0	3
RELL	0	0	1	1
RELY	2	1	0	3
REPL	0	2	1	3
REYN	1	1	1	3
RGEN	2	0	1	3
RGLD	2	1	0	3
RGP	2	1	0	3
RGTI	1	0	0	1
RIGL	0	1	1	2
RIOT	1	1	0	2
RIVN	1	1	0	2
RKLB	0	2	1	3
RLAY	3	0	0	3
RLMD	0	2	1	3
RMBS	0	2	0	2
RNA	0	0	1	1
ROAD	2	1	0	3
ROKU	0	1	0	1
ROIV	1	2	0	3
ROOT	0	0	1	1
ROP	2	1	0	3
ROST	1	2	0	3
RPAY	0	1	1	2
RPD	0	0	1	1
RPRX	2	0	0	2
RRGB	0	0	1	1
RRR	1	1	1	3
RUM	0	0	2	2
RUN	2	0	1	3
RUSHA	2	1	0	3
RVMD	2	1	0	3
RWAY	1	0	0	1
RXRX	2	0	1	3
RXST	3	0	0	3
RYAAY	1	2	0	3
RYTM	0	1	2	3
RZLT	1	0	1	2
SABR	1	1	1	3
SAIA	1	1	1	3
SAIC	1	1	1	3
SAIL	0	0	1	1
SANA	0	0	2	2
SANM	2	1	0	3
SBAC	1	1	1	3
SBCF	1	2	0	3
SBET	1	0	0	1
SBGI	0	2	0	2
SBRA	1	1	1	3
SBUX	2	1	0	3
SCHL	0	1	0	1
SCSC	2	1	0	3
SDGR	1	1	1	3
SEDG	1	0	0	1
SEIC	1	2	0	3
SENEA	1	0	1	2
SEZL	0	1	1	2
SFD	0	1	0	1
SFIX	1	1	1	3
SFM	2	0	1	3
SFNC	0	3	0	3
SG	0	0	2	2
SGHT	1	0	0	1
SGML	0	0	1	1
SGMT	1	0	1	2
SGP	0	0	2	2
SGRY	0	1	1	2
SHAZ	1	0	0	1
SHBI	1	0	1	2
SHC	2	0	0	2
SHEN	1	1	1	3
SHLS	1	0	0	1
SHOE	0	1	1	2
SHOO	2	0	1	3
SHOP	0	3	0	3
SIBN	3	0	0	3
SIGI	0	1	0	1
SIMO	1	2	0	3
SION	1	0	2	3
SIRI	1	0	2	3
SITM	0	2	1	3
SKIN	0	1	1	2
SKWD	1	2	0	3
SKYW	0	1	2	3
SLAB	1	1	0	2
SLDB	2	0	1	3
SLDE	1	0	1	2
SLDP	1	0	0	1
SLGN	1	0	1	2
SLM	1	2	0	3
SLP	1	0	0	1
SMBC	1	1	1	3
SMCI	2	0	1	3
SMMT	0	1	2	3
SMPL	2	0	1	3
SMTC	1	1	0	2
SNDK	2	0	0	2
SNDL	0	0	1	1
SNDX	0	0	3	3
SNEX	1	2	0	3
SNPS	1	1	1	3
SNY	1	2	0	3
SOFI	1	2	0	3
SOLS	0	2	1	3
SONO	2	1	0	3
SOUN	0	0	1	1
SPFI	3	0	0	3
SPRY	1	0	2	3
SPSC	1	0	1	2
SPWH	0	1	0	1
SRAD	1	0	1	2
SRCE	0	1	1	2
SRPT	2	0	0	2
SRRK	1	1	1	3
SRTA	2	1	0	3
SSNC	3	0	0	3
SSP.US	0	1	0	1
SSRM	2	0	1	3
SSYS.US	1	1	0	2
STAA	0	2	0	2
STBA	1	1	0	2
STEP	2	0	1	3
STGW	0	1	1	2
STLD	1	2	0	3
STLN	1	0	2	3
STOK	1	0	2	3
STRA	1	2	0	3
STRL.US	0	2	0	2
STRO	2	0	1	3
STX.US	1	0	0	1
SUPN	2	0	1	3
SVC	1	0	0	1
SVRA	1	0	2	3
SWKS	0	1	1	2
SYBT	0	1	0	1
SYM	2	0	0	2
SYNA	1	0	0	1
SYRE	3	0	0	3
TARS	1	1	1	3
TASK	2	0	1	3
TBBK	1	0	0	1
TBLA	2	0	1	3
TBPH	0	0	1	1
TCBI	0	0	2	2
TCBK	0	1	2	3
TCMD	1	0	0	1
TCPC	2	0	1	3
TCRX	0	0	1	1
TDUP	2	0	1	3
TEAM	1	1	1	3
TECH	0	2	0	2
TECX	0	0	2	2
TEM.US	1	1	1	3
TENB	1	0	0	1
TFIN	1	1	0	2
TER	0	3	0	3
TGTX	1	0	1	2
THFF	1	1	0	2
THRM	2	0	0	2
THRY	0	0	2	2
TIGO	1	2	0	3
TILE	2	0	1	3
TITN	1	2	0	3
TLN	1	2	0	3
TLS	0	1	0	1
TMCI	0	0	1	1
TMDX	0	1	0	1
TMUS	2	1	0	3
TNDM	1	1	0	2
TNGX	2	1	0	3
TOWN	1	2	0	3
TPG	2	0	0	2
TRDA	0	1	2	3
TREE.US	1	1	0	2
TRI	0	0	1	1
TRIP	0	2	1	3
TRMB	1	2	0	3
TRMK	0	1	2	3
TRNS	2	1	0	3
TROW	1	1	1	3
TRS	2	1	0	3
TRUP	0	1	1	2
TRVG	1	0	1	2
TRVI	1	1	1	3
TSCO	1	1	1	3
TSEM	0	3	0	3
TSHA	0	0	2	2
TSLA	0	3	0	3
TTAN	1	1	0	2
TTD	0	1	2	3
TTEK	3	0	0	3
TTMI	1	1	0	2
TTWO	0	1	0	1
TVRD	0	0	1	1
TVTX	1	1	0	2
TW	0	2	0	2
TWST	1	2	0	3
TXG	0	1	0	1
TXRH	1	0	1	2
TXN	0	3	0	3
TYRA	2	0	1	3
UAL	3	0	0	3
UBSI	2	0	1	3
UCTT	1	2	0	3
UFCS	1	1	1	3
UFPI	1	2	0	3
UHAL	1	1	1	3
UHAL.B	1	1	1	3
ULCC	0	1	2	3
ULTA	2	1	0	3
UMBF	2	0	0	2
UNIT	0	0	2	2
UPB	1	0	1	2
UPBD	2	0	0	2
UPST	0	1	2	3
UPWK	0	0	2	2
URBN	1	1	1	3
URGN	0	1	2	3
USAR	3	0	0	3
UTHR	1	0	2	3
UVSP	0	3	0	3
VC	0	2	0	2
VCTR	0	2	1	3
VCEL	1	0	2	3
VCYT	0	1	1	2
VECO	1	2	0	3
VEON	1	0	2	3
VERA	1	0	2	3
VERX	0	0	1	1
VIAV	0	3	0	3
VICR	1	2	0	3
VIR	0	1	2	3
VISN	0	1	1	2
VITL	1	0	0	1
VKTX	1	0	1	2
VLY	1	1	1	3
VNDA	0	0	1	1
VNET	1	0	2	3
VNOM	2	0	0	2
VOD	0	3	0	3
VRDN	2	1	0	3
VRNS	1	0	0	1
VRSK	0	2	0	2
VRSN	0	1	1	2
VRTX	1	1	1	3
VSAT	1	0	1	2
VSEC	1	1	0	2
VSNT	1	2	0	3
VSTM	1	1	0	2
VTRS	1	1	1	3
VUZI	0	0	1	1
WABC	0	1	0	1
WAFD	1	1	0	2
WASH	1	1	0	2
WAY	2	0	1	3
WB	1	1	0	2
WBD	2	1	0	3
WDAY	3	0	0	3
WDC	0	2	1	3
WDFC	1	1	1	3
WEN	3	0	0	3
WERN	2	0	1	3
WFRD	1	1	1	3
WGS	2	0	1	3
WINA	0	1	2	3
WING	2	0	0	2
WIX	1	1	1	3
WLDN	1	0	0	1
WLTH	0	0	2	2
WMG	1	2	0	3
WMT	2	0	1	3
WOOF	0	1	1	2
WRD	2	0	0	2
WSBC	1	1	1	3
WSC	0	3	0	3
WSFS	3	0	0	3
WT	1	1	1	3
WTFC	1	2	0	3
WTW	2	0	1	3
WULF	2	0	0	2
WVE	2	0	1	3
WWD	2	0	0	2
WYFI	0	0	1	1
WYNN	1	1	1	3
XBP	0	0	1	1
XEL	2	1	0	3
XENE	0	1	2	3
XERS	1	0	0	1
XMTR	2	1	0	3
XNCR	1	1	1	3
XP	0	2	0	2
XPEL	0	0	1	1
XRAY	3	0	0	3
XRX	1	1	1	3
Z	1	0	1	2
ZBIO	1	0	1	2
ZBRA	3	0	0	3
ZD	1	1	0	2
ZG	2	0	1	3
ZION	1	2	0	3
ZLAB	1	0	0	1
ZM	2	1	0	3
ZNTL	0	1	1	2
ZS	0	1	0	1
ZVRA	1	2	0	3
ZYME	1	1	1	3
ALC.ZU	1	0	2	3
AMRZ.ZU	1	1	0	2
LOGN.ZU	2	0	1	3
NESN.ZU	0	0	1	1
UBSG.ZU	0	3	0	3
