AAOI	-3966996	0	3966996	0	2
ABAT	-88375	0	88375	0	2
AAON	74660	74660	0	1	0
ABEO	-296397	0	296397	0	5
ACMR	-10630010	0	10630010	0	9
ACIC	-100536	91500	192036	1	1
ACTG	-261242	0	261242	0	3
ABNB	-19137431	0	19137431	0	18
AEP	-250000	0	250000	0	1
ADBE	-31344876	0	31344876	0	12
ADPT	-3270269	0	3270269	0	3
AEIS	-258462	0	258462	0	2
AAPL	-2202971	0	2202971	0	4
AEVA	-506409	0	506409	0	1
AGNT	-31991307	0	31991307	0	1
ACT	-33953773	0	33953773	0	1
AGYS	-114869	0	114869	0	1
AFCG	1398524	1398524	0	17	0
AKTS	-258621	0	258621	0	2
ADP	-11357743	0	11357743	0	18
AFRM	-18537840	0	18537840	0	10
ALAB	-54700448	0	54700448	0	36
AIP	-4425226	0	4425226	0	5
AKAM	-1467221	0	1467221	0	3
ALEC	-296087	0	296087	0	5
ALKS	-520526	0	520526	0	2
ALMS	9712227	10726255	1014028	4	2
ALNT	-137	49799	49936	1	1
ALHC	-9236225	0	9236225	0	5
ALTO	39299	39299	0	1	0
AMAT	-465000	0	465000	0	1
ALRS	12671	32450	19779	1	1
AMD	-56828822	0	56828822	0	31
AMPL	-6173361	0	6173361	0	2
AMCX	-131545	0	131545	0	1
AMPH	-103475	0	103475	0	1
AMLX	-324868	0	324868	0	2
AMBA	-539808	0	539808	0	3
AMAL	-49482432	0	49482432	0	14
