AAPL	Apple	311.30	51.61%	Moderate Buy	0.34%
GOOG	Alphabet	338.20	91.67%	Strong Buy	0.25%
META	Meta Platforms Inc	545.83	88.10%	Strong Buy	0.38%
MSFT	Microsoft	481.15	97.06%	Strong Buy	0.93%
AMZN	Amazon.com Inc	260.11	97.44%	Strong Buy	0%
CSCO	Cisco Systems Inc	109.59	64.71%	Moderate Buy	1.49%
INTC	Intel	92.13	76.67%	Hold	0%
WMT	Walmart Inc.	103.84	90.63%	Strong Buy	0.94%
PEP	PepsiCo	142.08	66.67%	Moderate Buy	4.01%
VOD	Vodafone Group plc-ADR	16.01	100.00%	Moderate Buy	3.37%
EBAY	eBay	104.61	52.17%	Moderate Buy	1.15%
NBIS	Nebius Group NV	220.11	60.00%	Moderate Buy	0%
QIWI	Qiwi Plc-ADR	5.67			0%
LBRDA	Liberty Broadband Corporation	35.99			0%
FWONK	Liberty Media Corp-Liberty Formula One -C	104.16	87.50%	Strong Buy	0%
OPCH	Option Care Health, Inc	23.49	55.56%	Moderate Buy	0%
LNTH	Lantheus Holdings, Inc	100.24	80.00%	Hold	0%
NOVT	Novanta Inc	145.52	100.00%	Moderate Buy	0%
PRVA	Privia Health Group, Inc	21.20	90.00%	Strong Buy	0%
ZD	Ziff Davis, Inc	55.40	60.00%	Moderate Buy	0%
SMCI	Super Micro Computer, Inc	36.50	66.67%	Hold	0%
PTCT	PTC Therapeutics, Inc	70.52	81.82%	Moderate Buy	0%
ENVX	Enovix Corporation	3.27	55.56%	Moderate Buy	0%
CALM	Cal-Maine Foods, Inc	82.43	100.00%	Hold	2.97%
NEOG	Neogen Corporation	11.83	66.67%	Moderate Buy	0%
VERU	Veru Inc	2.58			0%
SIGA	SIGA Technologies, Inc	2.97			0%
TSLA	Tesla Motors, Inc.	345.13	53.57%	Hold	0%
FSLR	First Solar, Inc.	214.06	69.23%	Moderate Buy	0%
TRIP	TripAdvisor Inc	10.03	38.46%	Hold	0%
URBN	Urban Outfitters Inc.	72.65	66.67%	Moderate Buy	0%
ADBE	Adobe Systems Inc	272.22	55.17%	Hold	0%
NFLX	Netflix, Inc.	80.14	75.00%	Strong Buy	0%
WDC	Western Digital Corporation	469.05	75.00%	Strong Buy	0.11%
MU	Micron Technology, Inc.	974.33	96.77%	Strong Buy	0.05%
AGNC	AGNC Investment Corp	10.92	75.00%	Hold	13.22%
ADSK	Autodesk, Inc.	251.02	85.71%	Strong Buy	0%
NVDA	NVIDIA Corporation	216.85	100.00%	Strong Buy	0.13%
CAR	Avis Budget Group Inc	143.98	60.00%	Moderate Sell	0%
BIDU	Baidu, Inc.-ADR	91.97	71.43%	Moderate Buy	0%
SBUX	Starbucks Corp	103.99	60.00%	Moderate Buy	2.32%
AMGN	Amgen Inc	433.73	47.83%	Moderate Buy	2.80%
CHKP	Check Point Software Technologies	130.32	64.00%	Moderate Buy	0%
KDP	Keurig Dr Pepper Inc	31.66	76.92%	Strong Buy	2.87%
DBX	Dropbox Inc	34.00	50.00%	Hold	0%
WIX	Wix.com Ltd	82.39	58.82%	Moderate Buy	0%
RYAAY	Ryanair Holdings plc-ADR	54.51	100.00%	Moderate Buy	0%
ACB	Aurora Cannabis Inc	3.81	50.00%	Moderate Buy	0%
TVRD	Tvardi Therapeutics Inc	1.83	71.43%	Moderate Buy	0%
CRBP	Corbus Pharmaceuticals Holding	9.84	100.00%	Strong Buy	0%
CRON	Cronos Group Inc	3.22	50.00%	Moderate Buy	0%
NXH	Neighborhood Intelligence Inc	4.44	75.00%	Hold	0%
TLRY	Tilray Brands Inc	4.67	75.00%	Hold	0%
LYFT	LYFT Inc	17.40	66.67%	Moderate Buy	0%
BYND	Beyond Meat Inc.	14.48	100.00%	Moderate Sell	0%
ARBE	ARBE Robotics LTD	0.75	50.00%	Moderate Buy	0%
ODD	Oddity Tech Ltd	12.51	70.00%	Moderate Sell	0%
VFS	VinFast Auto Ltd	3.12	75.00%	Strong Buy	0%
ARM	ARM Holdings PLC	250.72	75.00%	Strong Buy	0%
NTES	NetEase Inc.-ADR	119.81	83.33%	Strong Buy	2.36%
JD.US	JD.com-ADR	29.41			3.40%
TCOM.CH	Trip.com Group Ltd-ADR	46.43			0%
XOS	XOS Inc	3.72	100.00%	Hold	0%
MOMO	Hello Group Inc-ADR	5.70			0%
TTWO	Take Two Interactive Software Inc	240.15	100.00%	Strong Buy	0%
MRX	Marex Group plc	69.59	100.00%	Strong Buy	0.84%
AAL	American Airlines Group Inc	13.52	53.33%	Moderate Buy	0%
BIIB	Biogen Inc	214.35	62.96%	Moderate Buy	0%
PSKY	Paramount Skydance Corp	10.29	50.00%	Hold	1.93%
CMCSA	Comcast Corp	26.42	64.71%	Hold	4.84%
COST	Costco Wholesale Corp	933.51	61.90%	Moderate Buy	0.58%
GILD	Gilead Sciences Inc	143.44	80.95%	Strong Buy	2.20%
GPRO	GoPro Inc	0.61	100.00%	Moderate Sell	0%
HON	Honeywell International Inc	218.32	73.33%	Moderate Buy	2.06%
BKNG	Booking Holdings Inc	209.87	77.78%	Strong Buy	0.77%
PYPL	PayPal Holdings	62.30	78.57%	Hold	0.68%
QCOM	Qualcomm Inc	160.74	58.33%	Hold	2.23%
PAGP	Plains GP Holdings LP	26.80	42.86%	Moderate Buy	0%
UAL	United Airlines Holdings Inc	111.71	100.00%	Strong Buy	0%
MDLZ	Mondelez International Inc	64.14	81.25%	Strong Buy	3.10%
SNEX	StoneX Group Inc	66.19	66.67%	Moderate Buy	0%
AVT.US	Avnet Inc	86.89			1.58%
EXC	Exelon Corp	45.06	75.00%	Hold	2.83%
KMB	Kimberly-Clark Corp	108.69	54.55%	Moderate Buy	4.65%
XRX	Xerox Corp	2.84	50.00%	Moderate Buy	3.45%
IEP	Icahn Enterprises LP	6.65			0%
PCAR	Paccar Inc	128.94	66.67%	Moderate Buy	1.03%
GT	Goodyear Tire & Rubber Co	5.84	75.00%	Moderate Buy	0%
AEP	American Electric Power Inc	125.70	50.00%	Moderate Buy	3.14%
APA	APA Corporation	44.39	52.94%	Hold	2.30%
CHRW	C.H.Robinson Worldwide Inc	143.83	72.73%	Moderate Buy	1.77%
TXN	Texas Instruments Inc	265.60	56.00%	Moderate Buy	2.15%
CSX	CSX Corp	50.97	66.67%	Moderate Buy	1.05%
ADP	Automatic Data Processing Inc	279.21	69.23%	Hold	2.36%
CDW	CDW Corp	133.54	66.67%	Moderate Buy	1.83%
XEL	Xcel Energy Inc	78.71	92.31%	Strong Buy	3.05%
ROST	Ross Stores Inc	228.99	68.75%	Moderate Buy	0.71%
PFG	Principal Financial Group Inc	110.54	60.00%	Hold	2.88%
HSIC	Henry Schein Inc	88.46	64.29%	Moderate Buy	0%
CTSH	Cognizant Technology Solutions Corp	60.92	55.00%	Moderate Buy	2.10%
CHTR	Charter Communications Inc	147.76	53.85%	Hold	0%
AMAT	Applied Materials Inc	496.21	89.29%	Strong Buy	0.50%
STLD	Steel Dynamics Inc	219.00	55.56%	Moderate Buy	0.90%
DLTR	Dollar Tree Inc	128.45	47.37%	Moderate Buy	0%
NWSA	News Corp	29.65	100.00%	Moderate Buy	0.66%
CPB	Campbell Soup Co	23.77	66.67%	Moderate Sell	6.51%
VC	Visteon Corp	105.34	72.73%	Moderate Buy	0.97%
ORLY	O'Reilly Automotive Inc	89.08	90.00%	Strong Buy	0%
CASY	Casey's General Stores Inc	828.38	66.67%	Moderate Buy	0.28%
LKQ	LKQ Corp	25.98	85.71%	Strong Buy	4.66%
GEN	Gen Digital Inc	28.18	57.14%	Moderate Buy	1.73%
NTAP	NetApp Inc	192.81	66.67%	Moderate Buy	1.08%
SANM	Sanmina Corp	190.72	100.00%	Hold	0%
JBHT	J.B.Hunt Transport Services Inc	274.47	55.00%	Moderate Buy	0.65%
MAT	Mattel Inc	14.72	55.56%	Moderate Buy	0%
JBLU	JetBlue Airways Corp	4.74	58.33%	Moderate Sell	0%
NWL	Newell Brands Inc.	5.79	50.00%	Hold	4.60%
CLMT	Calumet Inc	48.29	50.00%	Moderate Buy	0%
EXPE	Expedia Group Inc	324.17	60.71%	Moderate Buy	0.55%
NAVI	Navient Corp	9.10	60.00%	Moderate Sell	6.77%
AMD	Advanced Micro Devices Inc	469.45	81.82%	Strong Buy	0%
WYNN	Wynn Resorts Ltd	99.60	100.00%	Strong Buy	1.00%
HST	Host Hotels & Resorts Inc	23.09	57.14%	Moderate Buy	3.36%
FISV	Fiserv Inc	51.38	79.17%	Hold	0%
CINF	Cincinnati Financial Corp	168.19	60.00%	Moderate Buy	2.15%
Z	Zillow Group Inc	35.72	75.00%	Hold	0%
LRCX	Lam Research Corp	310.53	86.96%	Strong Buy	0.33%
CTAS	Cintas Corp	203.52	69.23%	Moderate Buy	0.92%
ANDE	Andersons Inc	67.32	100.00%	Strong Buy	1.17%
NTRS	Northern Trust Corp	182.51	66.67%	Hold	1.74%
INTU	Intuit Inc	361.87	60.00%	Moderate Buy	1.31%
FWONA	Liberty Media Formula One Corp Series A	95.60	100.00%	Strong Buy	0%
BLMN	Bloomin Brands Inc	10.48	83.33%	Hold	0%
HAS	Hasbro Inc	93.56	81.82%	Strong Buy	2.99%
TROW	T Rowe Price Group Inc	112.19	63.64%	Moderate Sell	4.61%
SLGN	Silgan Holdings Inc	41.12	87.50%	Strong Buy	1.93%
MAR	Marriott International Inc	356.60	52.94%	Moderate Buy	0.97%
MTCH	Match Group, Inc	40.35	66.67%	Moderate Buy	1.91%
SEDG	SolarEdge Technologies	30.90	68.75%	Hold	0%
REGN	Regeneron Pharmaceuticals Inc	826.64	63.16%	Moderate Buy	0.44%
NTLA	Intellia Therapeutics Inc	12.44	50.00%	Moderate Buy	0%
EDIT	Editas Medicine Inc	2.94	71.43%	Moderate Buy	0%
CLLS	Cellectis SA-ADR	3.47	100.00%	Moderate Buy	0%
FIBK	First Interstate BancSystem Inc	37.81	40.00%	Hold	5.01%
UMBF	UMB Financial Corp	145.86	83.33%	Strong Buy	1.16%
CBSH	Commerce Bancshares Inc	58.80	100.00%	Hold	1.86%
FFIN	First Financial Bankshares Inc	34.23	66.67%	Moderate Buy	2.31%
UBSI	United Bankshares Inc/WV	47.70	66.67%	Moderate Buy	3.16%
HWC	Hancock Whitney Corp	75.66	77.78%	Strong Buy	2.52%
TFIN	Triumph Financial Inc	73.93	100.00%	Hold	0%
BOKF	BOK Financial Corp	139.84	100.00%	Hold	1.79%
CVBF	CVB Financial Corp	22.52	100.00%	Strong Buy	3.54%
FULT	Fulton Financial Corp	23.62	75.00%	Hold	3.17%
CATY	Cathay General Bancorp	62.42	75.00%	Hold	2.31%
FHB	First Hawaiian Inc	26.61	63.64%	Moderate Sell	3.95%
EBC	Eastern Bankshares Inc	22.74	75.00%	Strong Buy	2.37%
SFNC	Simmons First National Corp	22.98	80.00%	Hold	3.72%
CASH	Meta Financial Group Inc	83.97	100.00%	Moderate Buy	0.24%
LKFN	Lakeland Financial Corp	60.44	100.00%	Hold	3.42%
PETS.US	PetMed Express	1.76			0%
TBBK	Bancorp Inc	66.91	100.00%	Strong Buy	0%
FBNC	First Bancorp/Southern Pines NC	64.24	50.00%	Moderate Buy	1.45%
BATRK	Atlanta Braves Holdings IN-C	52.98			0%
FIVN	Five9 Inc	32.30	76.47%	Strong Buy	0%
HIMX	Himax Technologies Inc-ADR	13.67	100.00%	Moderate Buy	1.83%
GMAB.US	Genmab A/S -ADR	33.41			0%
AEIS	Advanced Energy Industries Inc	292.62	90.91%	Strong Buy	0.14%
MSEX	Middlesex Water Company	58.76	100.00%	Moderate Buy	2.47%
CIFR	Cipher Digital Inc	17.21	100.00%	Strong Buy	0%
MBLY	Mobileye Global Inc	8.88	62.50%	Moderate Buy	0%
NXT.US	Nextpower Inc	87.86			0%
ENLT	Enlight Renewable Energy Ltd	79.59	57.14%	Moderate Buy	0%
ATAI	AtaiBeckley Inc	7.42	91.67%	Hold	0%
DAVE	Dave Inc.	335.01	84.62%	Strong Buy	0%
TOP.US	Top Financial Group LTD	13.28			0%
SFTGQ	Shift Technologies Inc Class A	0.00			0%
UHAL.B	U-Haul Holding Co	63.28			0.32%
GEHC	GE HealthCare Technologies Inc	74.06	64.29%	Moderate Buy	0.19%
SCLX	Scilex Holding Company	5.80			0%
TORO	Toro Corp	6.00			0%
LLYVA	Liberty Live Holdings Inc-A	101.90			0%
WBTN	WEBTOON Entertainment Inc	8.37	50.00%	Moderate Buy	0%
CXAI	CXApp Inc	3.94			0%
INKT	Mink Therapeutics Inc	11.62	100.00%	Moderate Buy	0%
OUST	Ouster Inc	37.95	80.00%	Strong Buy	0%
AKAM	Akamai Technologies	110.09	57.89%	Moderate Buy	0%
CHDN	Churchill Downs Inc.	93.12	100.00%	Strong Buy	0.47%
CME	CME Group	270.87	38.46%	Hold	1.84%
COO	The Cooper Companies Inc	76.16	50.00%	Moderate Buy	0%
UNIT	Uniti Group Inc	10.06	66.67%	Hold	0%
DPZ	Domino's Pizza Inc	334.37	56.25%	Moderate Buy	2.18%
GLPI	Gaming and Leisure	43.71	60.00%	Hold	7.26%
GRMN	Garmin Ltd.	293.09	80.00%	Hold	1.27%
GSAT	Globalstar	82.00	100.00%	Hold	0%
HAIN	Hain Celestial	0.62	100.00%	Hold	0%
IBKR	Interactive Brokers Group	89.85	87.50%	Strong Buy	0.35%
ILMN	Illumina	213.24	46.67%	Moderate Buy	0%
INCY	Incyte Corp.	127.22	52.38%	Moderate Buy	0%
IONS	Ionis Pharmaceuticals	58.76	80.00%	Strong Buy	0%
IPGP	Ipg Photonics Corp.	74.43	100.00%	Strong Buy	0%
JAZZ	Jazz Pharmaceuticals	248.70	94.12%	Strong Buy	0%
KHC	Kraft Heinz Co	25.57	78.57%	Hold	6.25%
LAMR	Lamar Advertising Company	151.01	80.00%	Hold	4.18%
LBTYA	Liberty Global A	10.64	80.00%	Hold	0%
LBTYK	Liberty Global C	10.30	100.00%	Moderate Buy	0%
LILA	Liberty Latin America Ltd.	8.17	33.33%	Hold	0%
MELI	MercadoLibre Inc	1922.73	72.73%	Moderate Buy	0%
MMYT	Makemytrip	60.79	100.00%	Strong Buy	0%
MNST	Monster Beverage Corp	47.49	61.11%	Moderate Buy	0%
NXPI	NXP Semiconductors	222.97	57.89%	Moderate Buy	1.80%
PBYI	Puma Biotechnology Inc	9.11	100.00%	Hold	0%
POWI	Power Integrations	54.84	100.00%	Strong Buy	1.54%
PPC	Pilgrim's Pride	31.24	80.00%	Hold	0%
ROP	Roper Technologies Inc	410.45	53.85%	Moderate Buy	0.86%
SBAC	SBA Communications Corporation	180.54	50.00%	Moderate Buy	3.27%
SEIC	SEI Investments Company	107.60	83.33%	Strong Buy	0.95%
SHOP	Shopify Inc.	147.18	87.10%	Strong Buy	0%
SWBI	Smith & Wesson Brands Inc	13.91	100.00%	Moderate Buy	3.69%
SWKS	Skyworks Solutions	67.94	80.00%	Hold	4.23%
SYNA	Synaptics Inc.	98.00	80.00%	Hold	0%
TRMB	Trimble Inc.	59.68	87.50%	Strong Buy	0%
VIAV	Viavi Solutions	38.56	87.50%	Strong Buy	0%
VRSK	Verisk Analytics	187.68	50.00%	Moderate Buy	1.01%
VRSN	Verisign	276.90	66.67%	Moderate Buy	1.14%
VRTX	Vertex Pharmaceuticals Incorporated	540.26	80.00%	Strong Buy	0%
WTW	Willis Towers Watson Public Limited Company	341.15	64.71%	Moderate Buy	1.10%
XRAY	Dentsply Sirona Inc.	10.78	75.00%	Hold	2.93%
WEN	Wendy's	8.81	72.73%	Moderate Sell	6.22%
CACC	Credit Acceptance	585.88	100.00%	Hold	0%
VISN	Vistance Networks Inc	11.31	50.00%	Moderate Buy	0%
FAST	Fastenal Company	50.66	42.86%	Hold	1.87%
AVGO	Broadcom Inc	364.03	85.71%	Strong Buy	0.69%
AZN	AstraZeneca PLC ADR	164.49	85.71%	Strong Buy	0%
LIN	Linde PLC	481.29	85.71%	Strong Buy	1.27%
ASML	ASML Holding NV	1763.76	100.00%	Strong Buy	0.51%
ISRG	Intuitive Surgical Inc	374.48	83.33%	Strong Buy	0%
TMUS	T-Mobile Us Inc	181.22	82.35%	Strong Buy	2.15%
WDAY	Workday Inc A	197.32	50.00%	Moderate Buy	0%
ADI.US	Analog Devices Inc	370.24			1.12%
EQIX	Equinix Inc	1065.39	83.33%	Strong Buy	1.89%
PAYX	Paychex Inc	122.91	69.23%	Hold	3.65%
SIRI	Sirius XM Holdings Inc	28.39	33.33%	Hold	3.76%
TEAM	Atlassian Corp PLC A	174.91	90.91%	Strong Buy	0%
ALGN	Align Technology Inc	158.94	66.67%	Moderate Buy	0%
LULU	Lululemon Athletica Inc	115.69	85.71%	Hold	0%
MCHP	Microchip Technology Inc	75.81	73.68%	Moderate Buy	2.39%
ULTA	Ulta Beauty Inc	515.14	77.27%	Moderate Buy	0%
KLAC	KLA Corp	185.86	71.43%	Moderate Buy	0.46%
IDXX	IDEXX Laboratories Inc	545.86	57.14%	Moderate Buy	0%
CDNS	Cadence Design Systems Inc	313.59	87.50%	Strong Buy	0%
PPLI	People Inc	37.62	83.33%	Strong Buy	0%
SNPS	Synopsys Inc	397.92	80.00%	Strong Buy	0%
FANG	Diamondback Energy Inc	211.02	85.71%	Strong Buy	2.02%
FTNT	Fortinet Inc	150.79	67.74%	Hold	0%
CGC	Canopy Growth Corp	1.05	66.67%	Moderate Buy	0%
VTRS	Viatris Inc	16.12	50.00%	Hold	3.68%
HBAN	Huntington Bancshares Inc	17.01	57.14%	Moderate Buy	3.64%
STX.US	Seagate Technology PLC	850.24			0.35%
MRVL	Marvell Technology Group Ltd	251.01	82.76%	Strong Buy	0.10%
TSCO	Tractor Supply Co	35.05	55.00%	Moderate Buy	2.69%
STNE	StoneCo Ltd A	9.16	40.00%	Hold	0%
DXCM	DexCom Inc	90.22	94.74%	Strong Buy	0%
OKTA	Okta Inc	134.16	86.11%	Strong Buy	0%
FFIV	F5 Networks Inc	377.79	60.00%	Hold	0%
ON	ON Semiconductor Corp	74.71	56.52%	Moderate Buy	0%
DOCU	DocuSign Inc	62.28	69.23%	Hold	0%
TTD	Trade Desk Inc	13.32	66.67%	Hold	0%
SRPT	Sarepta Therapeutics Inc	19.22	43.75%	Hold	0%
ZION	Zions Bancorp NA	67.89	56.25%	Hold	2.69%
ZS	Zscaler Inc	174.95	80.00%	Strong Buy	0%
MDB	MongoDB Inc	420.37	89.66%	Strong Buy	0%
OLED	Universal Display Corp	86.50	66.67%	Moderate Buy	2.21%
ROKU	Roku Inc	157.12	70.83%	Moderate Buy	0%
FIVE	Five Below Inc	236.31	73.68%	Moderate Buy	0%
NTNX	Nutanix Inc A	66.33	60.00%	Moderate Buy	0%
GH	Guardant Health Inc	167.88	100.00%	Strong Buy	0%
LITE	Lumentum Holdings Inc	879.28	75.00%	Strong Buy	0%
BHF	Brighthouse Financial Inc	53.22	66.67%	Moderate Sell	0%
TNDM	Tandem Diabetes Care Inc	22.57	56.25%	Moderate Buy	0%
LNT	Alliant Energy Corp	69.46	50.00%	Moderate Buy	3.11%
JKHY	Jack Henry & Associates Inc	165.08	75.00%	Strong Buy	1.43%
PDD	PDD Holdings Inc - ADR	89.52	54.55%	Moderate Buy	0%
WB	Weibo Corp-ADR	7.19	60.00%	Hold	8.68%
BILI	Bilibili-ADR	16.66	100.00%	Strong Buy	0%
NIU	Niu Technologies-ADR	2.00			0%
FSLY	Fastly Inc	22.71	50.00%	Moderate Buy	0%
GRWG	GrowGeneration	1.78	100.00%	Moderate Buy	0%
RPAY	Repay Holdings Corp	3.86	66.67%	Moderate Buy	0%
NNOX	Nano-X Imaging Ltd.	0.89	100.00%	Hold	0%
LLYVK	Liberty Live Holdings Inc-C	105.45			0%
DOX	Amdocs Ltd	60.90	50.00%	Moderate Buy	3.57%
API	Agora Inc-ADR	4.32	100.00%	Moderate Buy	0%
CRSR	Corsair Gaming Inc	10.91	50.00%	Hold	0%
ENTG	Entegris Inc	144.63	87.50%	Strong Buy	0.28%
KC	Kingsoft Cloud Holdings Ltd-ADR	11.42	100.00%	Strong Buy	0%
MGNI	Magnite Inc	23.35	92.31%	Strong Buy	0%
MANH	Manhattan Associates Inc	211.21	88.89%	Strong Buy	0%
MIDD.US	Middleby Corp	112.52			0%
CRWD	Crowdstrike Holdings	190.34	78.95%	Strong Buy	0%
KTOS	Kratos Defense & Security Solutions Inc	56.18	93.33%	Strong Buy	0%
AMBA	Ambarella Inc	72.45	63.64%	Moderate Buy	0%
AVAV	AeroVironment Inc.	159.79	88.24%	Strong Buy	0%
DOYU	Douyu -ADR	4.46	100.00%	Hold	0%
QFIN	Qifu Technology Inc	11.45	100.00%	Hold	13.30%
ALRM	Alarm.com Holdings Inc.	57.06	50.00%	Moderate Buy	0%
AXGN	Axogen Inc.	46.44	100.00%	Strong Buy	0%
BLDP	Ballard Power Systems Inc.	2.37	60.00%	Hold	0%
CSIQ	Canadian Solar Inc.	14.73	50.00%	Moderate Sell	0%
CEVA	Ceva Inc.	28.13	77.78%	Strong Buy	0%
ENPH	Enphase Energy Inc.	38.36	57.14%	Hold	0%
EEFT	Euronet Worldwide Inc.	69.38	57.14%	Moderate Buy	0%
FLEX	Flex Ltd	110.32	100.00%	Strong Buy	0%
FOSL	Fossil Group Inc.	5.58	100.00%	Moderate Buy	0%
GNTX	Gentex Corporation	23.59	75.00%	Hold	2.03%
PI	Impinj Inc.	159.73	87.50%	Strong Buy	0%
PODD	Insulet Corp.	146.87	56.52%	Moderate Buy	0%
IDCC	InterDigital Inc.	341.93	100.00%	Strong Buy	0.82%
IRTC	IRhythm Holdings Inc	127.98	100.00%	Strong Buy	0%
JOUT	Johnson Outdoors Inc.	47.12			2.78%
POOL	Pool Corp.	190.33	60.00%	Hold	2.71%
PTC	PTC Inc.	153.52	60.00%	Moderate Buy	0%
QRVO	Qorvo Inc.	96.31	100.00%	Hold	0%
SMTC	Semtech Corp.	124.88	85.71%	Strong Buy	0%
SLAB	Silicon Laboratories Inc.	218.10	100.00%	Hold	0%
RUN	Sunrun Inc.	9.36	70.59%	Moderate Buy	0%
UEIC	Universal Electronics Inc.	4.78	100.00%	Hold	0%
ZBRA	Zebra Technologies Corp.	360.52	63.64%	Moderate Buy	0%
XXII	22nd Century Group Inc.	78.57			0%
WW	Weight Watchers International Inc.	15.00			0%
FLWS	1 800 FLOWERS COM	4.02			0%
CBRL	Cracker Barrel Old Country Store Inc.	55.13	33.33%	Hold	1.73%
PZZA	Papa John's International Inc	23.32	75.00%	Hold	5.76%
SFM	Sprouts Farmers Market Inc.	78.38	54.55%	Moderate Buy	0%
PTON	Peloton Interactive	5.58	50.00%	Moderate Buy	0%
JFU	9F Inc-ADR	2.77			0%
CSGP	CoStar Group Inc	32.26	46.67%	Moderate Buy	0%
ZM	Zoom Video Communications Inc	106.30	72.73%	Moderate Buy	0%
MKTX	Marketaxess Holdings Inc	161.90	100.00%	Hold	1.91%
SSNC	SS&C Technologies Holdings Inc	82.12	75.00%	Strong Buy	1.30%
CPRT	Copart Inc	34.33	50.00%	Hold	0%
ODFL	Old Dominion Freight Line Inc	204.52	50.00%	Moderate Buy	0.55%
BMRN	BioMarin Pharmaceutical Inc	67.68	78.95%	Strong Buy	0%
ACAD	ACADIA Pharmaceuticals Inc	29.04	75.00%	Strong Buy	0%
OLLI	Ollie's Bargain Outlet Holdings Inc	74.75	76.92%	Strong Buy	0%
ARWR	Arrowhead Pharmaceuticals Inc	87.47	100.00%	Strong Buy	0%
NBIX	Neurocrine Biosciences Inc	152.93	88.46%	Strong Buy	0%
NVCR	Novocure Ltd	17.77	50.00%	Moderate Buy	0%
EHTH	eHealth Inc	1.22	100.00%	Hold	0%
SFIX	Stitch Fix Inc	3.34	60.00%	Moderate Buy	0%
TREE.US	LendingTree Inc	30.59			0%
BZUN	Baozun Inc-ADR	2.80			0%
HQY	HealthEquity Inc	104.27	90.00%	Strong Buy	0%
REG	Regency Centers Corp	76.51	57.14%	Moderate Buy	3.90%
CRUS	Cirrus Logic Inc	116.90	60.00%	Moderate Buy	0%
PENN	Penn National Gaming Inc	18.44	62.50%	Moderate Buy	0%
GOSS	Gossamer Bio Inc	0.16	40.00%	Hold	0%
CROX	Crocs Inc	123.09	46.15%	Moderate Buy	0%
AXON	Axon Enterprise Inc	614.26	90.91%	Strong Buy	0%
CHRS	Coherus Biosciences Inc	1.32	100.00%	Strong Buy	0%
FRPT	Freshpet Inc	74.13	70.00%	Moderate Buy	0%
EXEL	Exelixis Inc	53.69	66.67%	Hold	0%
NTRA	Natera Inc	324.84	90.48%	Strong Buy	0%
CZR	Caesars Entertainment Inc	29.64	100.00%	Hold	0%
HTHT	Huazhu Group Ltd-ADR	49.54	100.00%	Moderate Buy	4.29%
MRCY	Mercury Systems Inc	94.23	75.00%	Strong Buy	0%
BRKR	Bruker Corp	59.92	50.00%	Moderate Buy	0.34%
INGN	Inogen Inc	5.60	100.00%	Moderate Buy	0%
PLAY	Dave & Busters Entertainment Inc	9.85	83.33%	Hold	0%
LPSN	LivePerson Inc	2.74			0%
VCYT	Veracyte Inc	41.79	77.78%	Moderate Buy	0%
RGEN	Repligen Corp	180.29	92.31%	Strong Buy	0%
JACK	Jack in the Box Inc	16.60	70.00%	Moderate Buy	0%
TXRH	Texas Roadhouse Inc	201.19	58.82%	Moderate Buy	1.40%
SBRA	Sabra Health Care REIT Inc	20.53	58.33%	Moderate Buy	5.89%
TECH	Bio-Techne Corp	72.28	100.00%	Hold	0.33%
MRNA	Moderna Inc	133.32	80.00%	Hold	0%
NVAX	Novavax Inc	8.42	50.00%	Hold	0%
CODX	Co-Diagnostics Inc	1.15	100.00%	Moderate Buy	0%
COIN	Coinbase Global Inc	172.35	72.00%	Moderate Buy	0%
AIHS	Senmiao Technology Ltd	1.35			0%
ALDX	Aldeyra Therapeutics Inc	1.50	100.00%	Hold	0%
SHLS	Shoals Technologies Group Inc	7.38	66.67%	Moderate Buy	0%
TTEK	Tetra Tech Inc	36.57	60.00%	Moderate Buy	0.74%
APPS	Digital Turbine Inc	10.71	100.00%	Strong Buy	0%
AVXL	Anavex Life Sciences Corp	3.13			0%
CRTO	CRITEO SA-SPON ADR	17.48	50.00%	Moderate Buy	0%
FABC	FabricAI Inc	2.76			0%
AYTU	Aytu BioScience Inc	2.28	100.00%	Moderate Buy	0%
BKYI	Bio-key International Inc	3.10	100.00%	Moderate Buy	0%
BLFS	BioLife Solutions Inc	36.97	100.00%	Hold	0%
BLNK	Blink Charging Co	0.57	66.67%	Moderate Buy	0%
BNGO	BioNano Genomics Inc	1.21	100.00%	Moderate Buy	0%
BOXL	Boxlight Corp	5.97			0%
PR	Permian Resources Corp	23.87	94.44%	Strong Buy	2.61%
NUWE	Nuwellis Inc	1.12			0%
CLDX	Celldex Therapeutics Inc	39.94	92.86%	Strong Buy	0%
CLSK	Cleanspark Inc	12.60	100.00%	Strong Buy	0%
COCP	Cocrystal Pharma Inc	1.17	100.00%	Moderate Buy	0%
CTRM	Castor Maritime Inc	2.27			0%
KUST	Kustom Entertainment Inc	1.01			0%
PUBM	PUBMATIC INC-CLASS A	16.39	88.89%	Strong Buy	0%
EGAN	eGain Corp	7.26			0%
APP	Applovin Corp	308.77	78.26%	Strong Buy	0%
FRSX	Foresight Autonomous Holdings Ltd-ADR	1.15			0%
GEVO	Gevo Inc	1.51	100.00%	Moderate Buy	0%
GLBS	Globus Maritime Ltd	3.62	100.00%	Moderate Buy	0%
TOON	Kartoon Studios Inc	0.65			0%
ALGM	Allegro MicroSystems Inc	37.19	85.71%	Strong Buy	0%
XTIA	XTI Aerospace Inc	1.39			0%
IZEA	IZEA Worldwide Inc	3.04			0%
JAGX	Jaguar Health Inc	0.87			0%
NEGG	Newegg Commerce Inc	18.56			0%
MARA	Marathon Digital Holdings Inc.	11.15	55.56%	Moderate Buy	0%
VRDN	Viridian Therapeutics Inc	24.50	100.00%	Strong Buy	0%
MITK	Mitek Systems Inc	18.52	100.00%	Strong Buy	0%
CENN	Cenntro Inc	3.67			0%
NBEVQ	New Age Inc	0.00			0%
NNDM	Nano Dimension Ltd-ADR	1.52			0%
OCGN	Ocugen Inc	1.39	100.00%	Strong Buy	0%
PAYS	Paysign Inc	13.82	100.00%	Strong Buy	0%
PHUN	Phunware Inc	2.07			0%
PLUG	Plug Power Inc	2.20	57.14%	Hold	0%
AIXC	AIxCrypto Holdings Inc	1.18			0%
RIOT	Riot Platforms Inc	20.98	100.00%	Strong Buy	0%
LSTR	Landstar System Inc	182.42	57.14%	Hold	0.88%
SHIP	Seanergy Maritime Holdings Corp	16.92	100.00%	Strong Buy	3.31%
SINT	SiNtx Technologies Inc	1.51	100.00%	Moderate Buy	0%
NSLR	Neostellar Capital Corp	10.00	100.00%	Moderate Buy	2.50%
BTTC	Black Titan Corp	0.61			0%
UONE	Urban One Inc	5.00			0%
VKTX	Viking Therapeutics Inc	34.36	100.00%	Strong Buy	0%
VUZI	Vuzix Corp	2.99	100.00%	Moderate Buy	0%
VXRT	Vaxart Inc	0.52			0%
WATT	Energous Corp	12.32	100.00%	Moderate Buy	0%
WKHS	Workhorse Group Inc	3.15	100.00%	Hold	0%
ACMR	ACM Research Inc	78.52	80.00%	Strong Buy	0%
ADMA	ADMA Biologics Inc	9.76	75.00%	Strong Buy	0%
ALT.US	Altimmune Inc	2.95			0%
APPF	Appfolio Inc	218.85	100.00%	Strong Buy	0%
ARCT	Arcturus Therapeutics Holdings Inc	10.99	71.43%	Moderate Buy	0%
AXSM	Axsome Therapeutics Inc	208.03	92.31%	Strong Buy	0%
CAN	Canaan Inc	0.28	100.00%	Moderate Buy	0%
CDLX	Cardlytics Inc	4.30	100.00%	Hold	0%
CERS	Cerus Corp	2.79	100.00%	Moderate Buy	0%
CRIS	Curis Inc	1.61	100.00%	Moderate Buy	0%
CRSP	CRISPR Therapeutics AG	58.12	61.54%	Moderate Buy	0%
DOMO	Domo Inc	3.77	80.00%	Hold	0%
EH	EHang Holdings Ltd-ADR	5.50	40.00%	Hold	0%
AGNT	AGNT Inc	4.53	66.67%	Moderate Buy	4.38%
FATE	Fate Therapeutics Inc	2.45	57.14%	Moderate Buy	0%
FCEL	FuelCell Energy Inc	18.36	57.14%	Moderate Buy	0%
TBCH	Turtle Beach Corp	12.13	80.00%	Strong Buy	0%
MNKD	MannKind Corp	4.26	83.33%	Strong Buy	0%
MVIS	MicroVision Inc	1.75			0%
NMIH	NMI Holdings Inc	45.39	66.67%	Moderate Buy	0%
OCUL	Ocular Therapeutix Inc	11.09	100.00%	Strong Buy	0%
PRQR	ProQR Therapeutics NV	2.27	100.00%	Strong Buy	0%
PTGX	Protagonist Therapeutics Inc	150.69	100.00%	Strong Buy	0%
RPD	Rapid7 Inc	11.85	80.95%	Hold	0%
VSTM	Verastem Inc	6.82	100.00%	Strong Buy	0%
MFIC	MidCap Financial Investment Co	9.82	80.00%	Hold	14.14%
ALNY	Alnylam Pharmaceuticals Inc	229.30	85.00%	Strong Buy	0%
ANGI	ANGI Homeservices Inc	4.56	60.00%	Moderate Buy	0%
ARCC	Ares Capital Corp	19.78	83.33%	Strong Buy	9.64%
ATRA	Atara Biotherapeutics Inc	9.38	100.00%	Moderate Buy	0%
BBIO	Bridgebio Pharma Inc	82.94	94.12%	Strong Buy	0%
BCRX	BioCryst Pharmaceuticals Inc	9.66	88.89%	Strong Buy	0%
BGC	BGC Group Inc	10.88	100.00%	Moderate Buy	0.68%
BNTX	BioNTech SE-ADR	110.89	83.33%	Strong Buy	0%
AZTA	Azenta Inc	36.51	66.67%	Moderate Buy	0%
CAKE.US	The Cheesecake Factory Inc	106.53			1.03%
CARG	Cargurus Inc	36.89	72.73%	Moderate Buy	0%
CDXS	Codexis Inc	1.58	75.00%	Strong Buy	0%
CG	The Carlyle Group Inc	47.99	45.45%	Moderate Buy	2.84%
CGNX	Cognex Corp	59.73	61.54%	Moderate Buy	0.56%
CHEF	The Chefs' Warehouse Inc	108.84	85.71%	Strong Buy	0%
CLNE	Clean Energy Fuels Corp	1.61	50.00%	Moderate Buy	0%
CNDT	Conduent Inc	1.55	100.00%	Moderate Buy	0%
CRNT	Ceragon Networks Ltd	2.12	100.00%	Strong Buy	0%
CYTK	Cytokinetics Inc	77.18	94.12%	Strong Buy	0%
DDOG	Datadog Inc	232.55	91.89%	Strong Buy	0%
ERIC	Telefonaktiebolaget LM Ericsson ADR	10.11	100.00%	Hold	3.06%
FIZZ	National Beverage Corp	32.21	100.00%	Moderate Sell	0%
FOXA	Fox Corp	67.96	46.15%	Moderate Buy	0.82%
GERN	Geron Corp	1.55	75.00%	Strong Buy	0%
GIII	G-III Apparel Group Ltd	33.18	66.67%	Moderate Buy	0.89%
GLNG	Golar LNG Ltd	52.14	100.00%	Moderate Buy	1.92%
GO	Grocery Outlet Holding Corp	11.11	100.00%	Hold	0%
GOGO	Gogo Inc	2.63	50.00%	Moderate Buy	0%
GOOD	Gladstone Commercial Corp	12.98	100.00%	Moderate Buy	9.30%
GOOGL	Alphabet Inc Class A	340.67	82.76%	Strong Buy	0.25%
GPRE	Green Plains Inc	16.02	66.67%	Moderate Buy	0%
HALO	Halozyme Therapeutics Inc	106.12	71.43%	Moderate Buy	0%
HCAT	Health Catalyst Inc	1.63	83.33%	Hold	0%
HLIT	Harmonic Inc	12.37	66.67%	Moderate Buy	0%
IFRX	InflaRx NV	2.02	100.00%	Strong Buy	0%
IHRT	iHeartMedia Inc	2.90	66.67%	Moderate Sell	0%
INMD	Inmode Ltd	14.92	100.00%	Hold	0%
INO	Inovio Pharmaceuticals Inc	1.21	66.67%	Moderate Buy	0%
IRDM	Iridium Communications Inc	48.45	80.00%	Hold	1.22%
ITRI	Itron Inc	98.43	87.50%	Strong Buy	0%
KNDI	Kandi Technologies Group Inc	0.63			0%
LECO	Lincoln Electric Holdings Inc	276.88	71.43%	Moderate Buy	1.11%
LI	Li Auto Inc-ADR	12.92	87.50%	Hold	0%
LSCC	Lattice Semiconductor Corp	117.56	90.00%	Strong Buy	0%
LXRX	Lexicon Pharmaceuticals Inc	2.18	100.00%	Moderate Buy	0%
MCRB	Seres Therapeutics Inc	4.57	100.00%	Moderate Buy	0%
MKSI	MKS Instruments Inc	281.88	84.62%	Strong Buy	0.34%
MLCO	Melco Resorts & Entertainment Ltd-ADR	5.35	62.50%	Moderate Buy	0%
MPWR	Monolithic Power Systems Inc	1316.28	90.00%	Strong Buy	0.54%
MSTR	Strategy Inc	112.39	92.31%	Strong Buy	0%
NICE	Nice Ltd-ADR	100.37	50.00%	Moderate Buy	0%
IBRX	ImmunityBio Inc	7.84	100.00%	Strong Buy	0%
NKTR	Nektar Therapeutics	74.53	77.78%	Strong Buy	0%
NMRK	Newmark Group Inc	15.98	100.00%	Strong Buy	1.11%
NXST	Nexstar Media Group Inc	187.29	100.00%	Strong Buy	4.00%
ADAM	Adamas Trust Inc	9.93	60.00%	Moderate Buy	9.66%
OGI	Organigram Global Inc	1.20	100.00%	Moderate Buy	0%
OPK	OPKO Health Inc	1.46	66.67%	Moderate Buy	0%
PAAS	Pan American Silver Corp	51.92	66.67%	Moderate Buy	0.94%
PACB	Pacific Biosciences of California Inc	1.23	50.00%	Hold	0%
PFLT	PennantPark Floating Rate Capital Ltd	7.37	100.00%	Strong Buy	15.76%
PGNY	Progyny Inc	25.96	80.00%	Strong Buy	0%
PLCE	Children's Place Inc	2.43	100.00%	Hold	0%
PSEC	Prospect Capital Corp	2.28			21.89%
PTEN	Patterson-UTI Energy Inc	12.18	70.00%	Moderate Buy	2.92%
QDEL	Quidel Corp	14.85	50.00%	Moderate Sell	0%
QURE	uniQure NV	48.89	90.00%	Strong Buy	0%
REAL	RealReal Inc	11.65	62.50%	Moderate Buy	0%
RIGL	Rigel Pharmaceuticals Inc	45.25	50.00%	Moderate Buy	0%
RPRX	Royalty Pharma PLC	60.58	100.00%	Strong Buy	1.51%
RRGB	Red Robin Gourmet Burgers Inc	9.42	100.00%	Moderate Buy	0%
RRR	Red Rock Resorts Inc	61.09	85.71%	Strong Buy	1.67%
RVMD	REVOLUTION Medicines Inc	211.74	94.74%	Strong Buy	0%
SABR	Sabre Corp	2.08	75.00%	Hold	0%
SBGI	Sinclair Inc	14.35	50.00%	Moderate Sell	6.94%
SDGR	Schrodinger Inc/United States	19.58	71.43%	Moderate Buy	0%
LNWO	Light & Wonder Inc	91.08	100.00%	Strong Buy	0%
SKYW	SkyWest Inc	100.78	75.00%	Hold	0%
SLM	SLM Corp	25.85	50.00%	Moderate Buy	1.97%
SNDL	SNDL Inc	1.33	100.00%	Moderate Buy	0%
SNDX	Syndax Pharmaceuticals Inc	19.75	100.00%	Strong Buy	0%
SONO	Sonos Inc	16.05	50.00%	Moderate Buy	0%
SPWH	Sportsman's Warehouse Holdings Inc	1.17	100.00%	Moderate Buy	0%
SSRM	SSR Mining Inc	36.83	100.00%	Strong Buy	0.08%
BMBL	Bumble Inc.	2.80	90.00%	Hold	0%
SVC	Service Properties Trust	8.09	66.67%	Moderate Buy	2.48%
TER	Teradyne Inc	383.15	66.67%	Moderate Buy	0.13%
TRVG	Trivago NV-ADR	4.89	75.00%	Hold	0%
TSEM	Tower Semiconductor Ltd	223.78	66.67%	Moderate Buy	0%
TXG	10X Genomics Inc	63.87	53.85%	Moderate Buy	0%
UPWK	Upwork Inc	8.66	75.00%	Hold	0%
UTHR	United Therapeutics Corp	521.00	77.78%	Strong Buy	0%
VEON	VEON Ltd	56.43	100.00%	Moderate Buy	0%
VIR	Vir Biotechnology Inc	9.21	100.00%	Strong Buy	0%
WT	WisdomTree Investments Inc	22.65	60.00%	Moderate Buy	0.51%
WING	Wingstop Inc	113.63	76.47%	Strong Buy	1.07%
WMG	Warner Music Group Corp	27.10	72.73%	Moderate Buy	2.84%
XNET	Xunlei Ltd-ADR	5.04			0%
XP	XP Inc	15.99	75.00%	Strong Buy	2.26%
ZG	Zillow Group Inc	36.57	50.00%	Moderate Buy	0%
GTM	ZoomInfo Technologies Inc	3.88	45.45%	Moderate Sell	0%
RPTX.CVR	RPTX Merger CVR	0.00			0%
QS	QuantumScape Corporation	5.70	100.00%	Hold	0%
DRH	DiamondRock Hospitality Co	12.77	66.67%	Moderate Buy	2.96%
PAA	Plains All American Pipeline LP	24.59	50.00%	Moderate Buy	0%
TIGO	Millicom International Cellular SA	90.47	75.00%	Hold	3.18%
GDS	GDS Holdings Ltd-ADR	32.85	100.00%	Strong Buy	0%
UHAL	U-Haul Holding Co	71.55	100.00%	Moderate Buy	0%
LFUS	Littelfuse Inc	411.97	100.00%	Strong Buy	0.92%
FUTU	Futu Holdings Ltd-ADR	112.73	75.00%	Strong Buy	0%
OMAB	Grupo Aeroportuario del Centro Norte S.A.B. de C.V.	101.96	50.00%	Moderate Buy	5.24%
HTLD	Heartland Express Inc	12.36	50.00%	Moderate Sell	0.62%
ASTE	Astec Industries Inc	41.87			1.19%
GSM	Ferroglobe Plc	3.85	100.00%	Moderate Buy	1.42%
AMKR	Amkor Technology Inc	50.86	66.67%	Moderate Buy	0.66%
MTSI	Macom Technology Solutions	266.18	80.00%	Strong Buy	0%
LKFT	Lakefront Boitherapeutics	28.27	100.00%	Hold	0%
STGW	Stagwell Inc	8.51	100.00%	Strong Buy	0%
TITN	Titan Machinery Inc	18.09	100.00%	Moderate Buy	0%
DYN	Dyne Therapeutics Inc	25.98	92.31%	Strong Buy	0%
PRME	Prime Medicine Inc	3.24	85.71%	Strong Buy	0%
GCT	GigaCloud Technology Inc	49.86	50.00%	Moderate Buy	0%
HDSN	Hudson Technologies Inc	5.57	50.00%	Moderate Buy	0%
CRCT	Cricut Inc	5.40	100.00%	Strong Sell	3.58%
BOOM	Dmc Global Inc	7.00	100.00%	Hold	0%
EZPW	EZCORP Inc	28.76	75.00%	Strong Buy	0%
PFBC	Preferred Bank	103.58	100.00%	Hold	3.01%
WRLD	World Acceptance Corporation	183.94			0%
PRDO	Perdoceo Education Corporation	32.48	100.00%	Moderate Buy	1.82%
MCRI	Monarch Casino & Resort Inc	125.65	80.00%	Hold	0.95%
ICHR	Ichor Holdings Ltd	58.87	85.71%	Strong Buy	0%
ROOT	Root Inc	57.41	75.00%	Hold	0%
AMCX	AMC Global Media Inc	12.19	50.00%	Moderate Sell	0%
WSBC	Wesbanco Inc	40.88	50.00%	Moderate Buy	3.70%
ZYME	Zymeworks Inc	26.57	100.00%	Strong Buy	0%
TOWN	Towne Bank	37.49	100.00%	Hold	2.85%
VITL	Vital Farms Inc	10.62	55.56%	Moderate Buy	0%
MATW	Matthews International Corporation	21.66	100.00%	Hold	4.80%
FLD	Fold Holdings Inc	0.45	100.00%	Moderate Buy	0%
THRY	Thryv Holdings Inc	2.05	66.67%	Moderate Buy	0%
MLAB	Mesa Laboratories Inc	119.15	100.00%	Hold	0.51%
LQDA	Liquidia Corporation	71.05	71.43%	Moderate Buy	0%
CFFN	Capitol Federal Financial Inc	8.49	66.67%	Moderate Buy	3.98%
FA	First Advantage Corporation	21.23	75.00%	Strong Buy	0%
ENTA	Enanta Pharmaceuticals Inc	13.13	100.00%	Moderate Buy	0%
ANAB	Anaptysbio Inc	56.69	100.00%	Strong Buy	0%
NVEC	NVE Corporation	110.09			3.64%
AMSF	Amerisafe Inc	25.70	100.00%	Hold	6.11%
AMTX	Aemetis Inc	1.92	100.00%	Moderate Buy	0%
LWLG	Lightwave Logic Inc	6.10			0%
TBPH	Theravance Biopharma Inc	16.95	100.00%	Hold	0%
IMTX	Immatics NV	8.55	100.00%	Strong Buy	0%
ALHC	Alignment Healthcare Inc	12.93	77.78%	Strong Buy	0%
OCFC	OceanFirst Financial Corp	19.08	75.00%	Hold	4.20%
MCHB	Mechanics Bancorp	16.37	100.00%	Moderate Buy	8.09%
SLP	Simulations Plus Inc	18.38	100.00%	Hold	0%
NEWT.US	Newtekone Inc	12.50			6.07%
RCEL	AVITA Medical Inc	10.09	100.00%	Strong Buy	0%
SYBT	Stock Yards Bancorp Inc	82.05	100.00%	Hold	1.56%
OFIX	Orthofix Medical Inc	10.01	75.00%	Strong Buy	0%
ALKT	Alkami Technology Inc	19.91	83.33%	Strong Buy	0%
DXPE	DXP Enterprises Inc	187.58	100.00%	Moderate Buy	0%
VSEC	VSE Corporation	214.51	88.89%	Strong Buy	0.18%
NMFC	New Mountain Finance Corporation	7.55	100.00%	Hold	16.01%
FNGR	Fingermotion Inc	0.23			0%
ANGO	AngioDynamics Inc	15.82	100.00%	Strong Buy	0%
PHAT	Phathom Pharmaceuticals Inc	8.60	100.00%	Strong Buy	0%
HWKN	Hawkins Inc	119.39	50.00%	Moderate Buy	0.65%
RNW	ReNew Energy Global Plc	6.82	100.00%	Hold	0%
DKNG	Draftkings Inc	25.03	88.46%	Strong Buy	0%
PLTR	Palantir Technologies Inc.	173.96	72.73%	Moderate Buy	0%
FROG	Jfrog Ltd	89.72	90.48%	Strong Buy	0%
KLRS	Kalaris Therapeutics Inc	4.12	100.00%	Strong Buy	0%
AGEN	Agenus Inc	7.49	100.00%	Moderate Buy	0%
PCVX	Vaxcyte Inc	61.34	100.00%	Strong Buy	0%
ABNB	Airbnb Inc	185.00	58.06%	Moderate Buy	0%
DASH.US	DoorDash Inc	222.36			0%
SAIA	Saia Inc.	359.63	66.67%	Moderate Buy	0%
LESL	Leslie's Inc	0.61			0%
AFRM	Affirm	75.05	83.33%	Strong Buy	0%
GLBE	Global-E Online Ltd	40.79	88.89%	Strong Buy	0%
ARRY	Array Technologies Inc	4.71	63.16%	Moderate Buy	0%
GTLB	GitLab	42.08	59.09%	Hold	0%
PGY	Pagaya Technologies Ltd	20.24	100.00%	Strong Buy	0%
RENT	Rent the Runway	3.66			0%
BIRD	Smartbird Inc	2.16			0%
GFS	GlobalFoundries Inc	47.33	50.00%	Moderate Buy	0.25%
DJT	Trump Media & Technology Group	8.51			0%
CEG	Constellation Energy Corp	272.92	83.33%	Strong Buy	0.61%
TPG	TPG Inc.	51.57	83.33%	Strong Buy	4.27%
WBD	Warner Bros Discovery Inc	28.23	80.00%	Hold	0%
BGDE	Big Digital Energy Inc	7.22			0%
WRD	WeRide Inc	6.07	100.00%	Moderate Buy	0%
SRAD	Sportradar Group AG	12.61	63.16%	Moderate Buy	0%
UPST	Upstart Holdings Inc	28.86	58.33%	Moderate Buy	0%
DUOL	Duolingo	147.03	64.71%	Hold	0%
EVGO	EVgo Inc	1.46	50.00%	Moderate Buy	0%
PRGS	Progress Software Corporation	43.21	80.00%	Strong Buy	0%
CMRC	Commerce.com Inc	2.25	50.00%	Hold	0%
BPOP	Popular Inc	168.22	100.00%	Strong Buy	1.77%
TENB	Tenable Holdings Inc	34.11	55.00%	Moderate Buy	0%
VRNS	Varonis Systems Inc	40.85	77.27%	Strong Buy	0%
CTKB	Cytek Biosciences Inc	4.66	66.67%	Moderate Buy	0%
HUT	Hut 8 Mining Corp	88.65	100.00%	Strong Buy	0%
SNY	Sanofi-ADR	45.15	100.00%	Hold	5.28%
LOGI	Logitech International S.A.	95.34	40.00%	Hold	1.66%
OZON	Ozon Holdings PLC	11.60			0%
ONC	BeiGene Ltd-ADR	369.16	100.00%	Strong Buy	0%
CENTA	Central Garden & Pet Company	38.06			0%
BCPC	Balchem Corporation	179.63	100.00%	Moderate Buy	0.53%
THRM	Gentherm Incorporated	40.67	60.00%	Moderate Buy	0%
GILT	Gilat Satellite Networks Ltd	10.52	100.00%	Moderate Buy	0%
GDYN	Grid Dynamics Holdings Inc	7.91	83.33%	Strong Buy	0%
PEGA	Pegasystems Inc	33.61	60.00%	Moderate Buy	0.36%
IVVD	Invivyd Inc	0.95	100.00%	Strong Buy	0%
ASND	Ascendis Pharma-ADR	254.81	100.00%	Strong Buy	0%
ALGT	Allegiant Travel Company	76.41	66.67%	Moderate Buy	0%
GRPN	Groupon Inc	19.60	66.67%	Moderate Buy	0%
BSY	Bentley Systems, Incorporated	36.40	87.50%	Strong Buy	0.76%
CMPS	COMPASS Pathways plc	13.82	92.86%	Strong Buy	0%
LOVE	The Lovesac Company	16.27	100.00%	Strong Buy	0%
USEA	United Maritime Corp	2.71	100.00%	Moderate Buy	10.49%
CHRD	Chord Energy Corporation	148.81	90.00%	Strong Buy	4.40%
FIP	FTAI Infrastructure LLC	3.73	100.00%	Strong Buy	3.14%
INBX	Inhibrx Biosciences Inc	99.15	100.00%	Moderate Buy	0%
WAY	Waystar Holding Corp	24.84	94.12%	Strong Buy	0%
FUSN.CVR	Fusion Pharmaceuticals Inc CVR Payment (Acquired)	0.00			0%
INBX.CVR	Inhibrx Inc CVR Payment (Acquired)	0.00			0%
TEM.US	Tempus AI Inc	66.65			0%
GRAL	Grail Inc	77.97	57.14%	Moderate Buy	0%
TECX.CVR	Tectonic Therapeutic Inc Merger CVR	0.00			0%
SUNS	Sunrise Realty Trust Inc	7.62	50.00%	Moderate Buy	15.69%
PSTX.CVR	Poseida Therapeutics Inc Merger CVR	0.00			0%
VRM	Vroom Inc	9.86			0%
SFD	Smithfield Foods Inc	22.28	100.00%	Strong Buy	5.34%
SNDK	Sandisk Corp/DE	1596.08	87.50%	Strong Buy	0%
NDAQ	Nasdaq Inc.	97.55	92.86%	Strong Buy	1.14%
LBRDK	Liberty Broadband Corporation	36.02	100.00%	Moderate Buy	0%
ICLR	ICON Public Limited Company	174.26	66.67%	Moderate Buy	0%
FOX.US	Fox Corporation	60.45			0.92%
XELAP	Exela Technologies Pref	0.01			0%
ACGL	Arch Capital Group Ltd.	99.31	46.15%	Moderate Buy	0%
NDSN	Nordson Corporation	334.70	75.00%	Strong Buy	0.99%
PCTY	Paylocity Holding Corporation	152.36	87.50%	Strong Buy	0%
MORN	Morningstar Inc.	217.49	66.67%	Moderate Buy	0.91%
OPEN	Opendoor Technologies Inc	3.47	66.67%	Hold	0%
EWBC	East West Bancorp Inc.	129.89	69.23%	Moderate Buy	2.31%
CNXC	Concentrix Corporation	25.20	75.00%	Strong Buy	5.67%
ZLAB	Zai Lab Limited-ADR	26.02	100.00%	Moderate Buy	0%
MEDP	Medpace Holdings Inc.	612.64	81.82%	Hold	0%
LEGN	Legend Biotech Corporation-ADR	21.26	60.00%	Moderate Buy	0%
FCNCA	First Citizens BancShares Inc.	2183.54	87.50%	Hold	0.38%
FOXF	Fox Factory Holding Corp.	21.33	50.00%	Hold	0%
WWD	Woodward Inc.	342.20	88.89%	Strong Buy	0.44%
BL	BlackLine Inc.	31.92	77.78%	Hold	0%
VICR	Vicor Corporation	207.64	100.00%	Strong Buy	0%
SPT	Sprout Social Inc.	10.07	55.56%	Hold	0%
RGLD	Royal Gold Inc.	252.36	60.00%	Moderate Buy	0.72%
COLM	Columbia Sportswear Company	59.44	50.00%	Hold	2.49%
KRNT	Kornit Digital Ltd.	16.44	75.00%	Strong Buy	0%
ASTH	Astrana Health Inc	38.74	87.50%	Strong Buy	0%
EXPO	Exponent Inc.	69.38	75.00%	Strong Buy	1.74%
RBC	RBC Bearings Incorporated	504.61	100.00%	Strong Buy	0%
HLNE	Hamilton Lane Incorporated	104.06	85.71%	Strong Buy	2.11%
OZK	Bank OZK	49.28	71.43%	Hold	3.76%
HELE	Helen of Troy Limited	27.53	100.00%	Hold	0%
VLY	Valley National Bancorp	14.12	70.00%	Moderate Buy	3.11%
ACHC	Acadia Healthcare Company Inc.	26.97	60.00%	Moderate Buy	0%
IART	Integra LifeSciences Holdings Corporation	16.59	75.00%	Hold	0%
NFE	New Fortress Energy Inc.	0.30			0%
CELH	Celsius Holdings Inc.	32.54	88.89%	Strong Buy	0%
CERT	Certara Inc.	8.73	75.00%	Hold	0%
TWST	Twist Bioscience Corporation	136.33	88.89%	Strong Buy	0%
SITM	SiTime Corporation	598.81	100.00%	Strong Buy	0%
STAA	STAAR Surgical Company	23.07	62.50%	Hold	0%
SPSC	SPS Commerce Inc.	79.43	66.67%	Hold	0%
QLYS	Qualys Inc.	182.21	73.33%	Hold	0%
NBP	NovaBridge Biosciences	1.91	100.00%	Moderate Buy	0%
ICUI	ICU Medical Inc.	182.53	100.00%	Strong Buy	0%
NEO.US	NeoGenomics Inc.	16.53			0%
DIOD	Diodes Incorporated	90.74	100.00%	Moderate Buy	0%
KNSL	Kinsale Capital Group Inc.	381.15	75.00%	Hold	0.22%
LIVN	LivaNova PLC	78.21	83.33%	Strong Buy	0%
ENSG	The Ensign Group Inc.	179.85	75.00%	Strong Buy	0.14%
ASO	Academy Sports and Outdoors Inc.	45.65	69.23%	Moderate Buy	1.22%
JOYY	JOYY Inc.-ADR	73.77	100.00%	Moderate Buy	6.52%
HAPN	Happen Inc	17.97	100.00%	Strong Buy	0%
FRHC	Freedom Holding Corp.	163.69			0%
ABCL	AbCellera Biologics Inc.	11.57	100.00%	Strong Buy	0%
LOB	Live Oak Bancshares Inc.	40.73	75.00%	Strong Buy	0.29%
SHOO	Steven Madden Ltd.	45.71	75.00%	Moderate Buy	1.82%
INDB	Independent Bank Corp.	83.51	50.00%	Hold	2.94%
CRNC	Cerence Inc.	7.95	100.00%	Hold	0%
EYE	National Vision Holdings Inc.	18.39	75.00%	Strong Buy	0%
NVMI	Nova Ltd.	383.87	87.50%	Strong Buy	0%
ACIW	ACI Worldwide Inc.	51.57	66.67%	Moderate Buy	0%
VSAT	Viasat Inc.	74.03	85.71%	Strong Buy	0%
TGTX	TG Therapeutics Inc.	50.56	71.43%	Moderate Buy	0%
AUPH	Aurinia Pharmaceuticals Inc.	17.27	66.67%	Moderate Buy	0%
ALKS	Alkermes plc	48.02	75.00%	Moderate Buy	0%
NEXN	Nexxen International Ltd	9.74	100.00%	Strong Buy	0%
CLOV	Clover Health Investments Corp.	4.10	50.00%	Moderate Buy	0%
AMBR	Amber International Holding Lt	0.98			0%
CYRX	CryoPort Inc.	16.71	83.33%	Strong Buy	0%
TRUP	Trupanion Inc	30.68	60.00%	Moderate Buy	0%
TEAD	TEAD Holdings Co	0.63	50.00%	Moderate Buy	0%
PLTK	Playtika Holding Corp.	2.35	71.43%	Moderate Buy	8.44%
WOOF	Petco Health & Wellness Company Inc	2.85	71.43%	Hold	0%
DRVN	Driven Brands Holdings Inc	13.04	62.50%	Moderate Buy	0%
LGIH	LGI Homes Inc.	56.75			0%
LOPE	Grand Canyon Education Inc.	146.27	100.00%	Strong Buy	0%
AHCO	AdaptHealth Corp.	5.39	100.00%	Strong Buy	0%
WDFC	WD-40 Company	211.92	66.67%	Moderate Buy	1.84%
TCBI	Texas Capital Bancshares Inc.	98.04	66.67%	Hold	0.20%
IOVA	Iovance Biotherapeutics Inc.	8.99	71.43%	Moderate Buy	0%
FLGT	Fulgent Genetics Inc.	19.92	100.00%	Hold	0%
CVLT	Commvault Systems Inc.	131.63	69.23%	Moderate Buy	0%
NWE	NorthWestern Corporation	70.81	80.00%	Hold	4.79%
COLB	Columbia Banking System Inc.	30.84	55.56%	Moderate Buy	4.77%
UCTT	Ultra Clean Holdings Inc.	73.01	100.00%	Strong Buy	0%
PRCH	Porch Group Inc.	17.08	80.00%	Strong Buy	0%
NTCT	NetScout Systems Inc.	38.04	100.00%	Hold	0%
CDNA	CareDx Inc	46.99	60.00%	Moderate Buy	0%
TW	Tradeweb Markets Inc.	106.10	54.55%	Moderate Buy	0.49%
GDRX	GoodRx Holdings Inc.	3.56	50.00%	Moderate Buy	0%
ARGX	Argenx SE-ADR	1040.00	90.91%	Strong Buy	0%
WSC	WillScot Mobile Mini Holdings Corp.	22.00	71.43%	Moderate Buy	1.26%
OMCL	Omnicell Inc.	35.50	100.00%	Strong Buy	0%
RKLB	Rocket Lab Corp	72.95	75.00%	Strong Buy	0%
FLNC	Fluence Energy Inc.	11.39	66.67%	Moderate Buy	0%
NCNO	nCino Inc.	20.36	60.00%	Moderate Buy	0%
BEAM	Beam Therapeutics Inc.	28.39	90.91%	Strong Buy	0%
WTFC	Wintrust Financial Corporation	152.61	72.73%	Moderate Buy	1.41%
APPN	Appian Corporation	37.28	66.67%	Hold	0%
RARE.US	Ultragenyx Pharmaceutical Inc.	25.32			0%
GSHD	Goosehead Insurance Inc	70.70	50.00%	Moderate Buy	0%
EXLS	ExlService Holdings Inc.	37.05	100.00%	Strong Buy	0%
ARVN	Arvinas Inc.	9.03	54.55%	Moderate Buy	0%
KLIC	Kulicke and Soffa Industries Inc.	85.13	66.67%	Moderate Buy	0.96%
INSM	Insmed Incorporated	125.08	100.00%	Strong Buy	0%
RLAY	Relay Therapeutics Inc.	19.70	100.00%	Strong Buy	0%
PTLO	Portillo's Inc.	4.77	57.14%	Moderate Buy	0%
ONB	Old National Bancorp	25.83	66.67%	Moderate Buy	2.21%
WERN	Werner Enterprises Inc.	38.05	53.85%	Hold	1.44%
UPBD	Upbound Group Inc	18.54	60.00%	Moderate Buy	8.30%
FTDR	Frontdoor Inc.	81.94	66.67%	Moderate Buy	0%
ARCB	ArcBest Corporation	135.89	58.33%	Moderate Buy	0.34%
ALLO	Allogene Therapeutics Inc.	2.10	85.71%	Strong Buy	0%
FLNA	Filana Therapeutics Inc	0.94	100.00%	Moderate Buy	0%
ACLS	Axcelis Technologies Inc.	124.97	60.00%	Hold	0%
SBLK	Star Bulk Carriers Corp.	30.06			6.33%
HYZN	Hyzon Motors Inc.	0.64			0%
IRWD	Ironwood Pharmaceuticals Inc.	4.14	100.00%	Moderate Buy	0%
BAND.US	Bandwidth Inc.	48.15			0%
HYFM	Hydrofarm Holdings Group Inc.	1.05			0%
AOSL	Alpha and Omega Semiconductor Limited	26.22	50.00%	Moderate Buy	0%
ORGN	Origin Materials Inc	0.95			0%
PWP	Perella Weinberg Partners	15.97	50.00%	Hold	1.69%
PAYO	Payoneer Global Inc	7.09	100.00%	Hold	0%
TBLA	Taboola.com Ltd.	3.68	100.00%	Strong Buy	0%
BKKT	Bakkt Inc	7.50	100.00%	Moderate Buy	0%
GRAB	Grab Holdings Ltd	3.51	100.00%	Strong Buy	0%
SOFI	SoFi Technologies Inc	17.92	40.00%	Hold	0%
LCID	Lucid Group Inc	5.63	62.50%	Hold	0%
SIMO	Silicon Motion Technology-ADR	249.65	100.00%	Strong Buy	0.77%
OTLY	Oatly Group AB	14.24	66.67%	Moderate Buy	0%
TASK	TaskUs Inc.	7.76	62.50%	Hold	0%
DLO	dLocal Ltd.	14.34	100.00%	Strong Buy	1.30%
MNDY	Monday.com	91.30	64.71%	Moderate Buy	0%
HOOD	Robinhood Markets Inc.	95.10	83.33%	Strong Buy	0%
MQ	Marqeta Inc.	15.80	100.00%	Hold	0%
DNUT	Krispy Kreme Inc.	3.54	50.00%	Moderate Buy	0%
SG	SweetGreen	6.58	63.64%	Moderate Buy	0%
EHLD	Euro-Holdings Ltd	10.21			5.59%
RIVN	Rivian Automotive	16.01	40.00%	Hold	0%
CART	Instacart	51.07	60.87%	Moderate Buy	0%
KLTR	Kaltura Inc.	1.66	100.00%	Moderate Buy	0%
LPLA.US	LPL Financial Holdings Inc	354.02			0.33%
RMBS	Rambus Inc	92.15	100.00%	Strong Buy	0%
RXRX	Recursion Pharmaceuticals Inc	3.34	75.00%	Hold	0%
MDGL	Madrigal Pharmaceuticals Inc	519.09	92.31%	Strong Buy	0%
WFRD	Weatherford International plc	91.24	88.89%	Strong Buy	1.19%
ERIE	Erie Indemnity Company	262.29	100.00%	Moderate Buy	2.17%
FRSH	Freshworks Inc	13.01	55.56%	Moderate Buy	0%
EXTR	Extreme Networks Inc	22.32	87.50%	Strong Buy	0%
ROIV	Roivant Sciences Ltd	36.84	87.50%	Strong Buy	0%
SYM	Symbotic Inc	41.46	66.67%	Moderate Buy	0%
AEHR	Aehr Test System	105.97	100.00%	Strong Buy	0%
APLD	Applied Digital Corporation	28.65	85.71%	Strong Buy	0%
BZ	Kanzhun Limited	15.78	66.67%	Moderate Buy	1.05%
TMDX	TransMedics Group Inc	90.85	70.00%	Moderate Buy	0%
TRI	Thomson Reuters Corporation	105.88	66.67%	Moderate Buy	2.43%
PECO	Phillips Edison & Company Inc	39.43	50.00%	Moderate Buy	3.31%
FLYW	Flywire Corporation	18.75	66.67%	Moderate Buy	0%
AAOI	Applied Optoelectronics Inc	129.10	60.00%	Moderate Buy	0%
BRZE	Braze Inc	30.71	100.00%	Strong Buy	0%
MLTX	MoonLake Immunotherapeutics	15.87	88.89%	Strong Buy	0%
FWRD	Forward Air Corporation	17.79	100.00%	Moderate Buy	0%
CRDO	Credo Technology Group Holding Ltd	231.35	93.33%	Strong Buy	0%
SAIC	Science Applications International Corporation	126.29	72.73%	Hold	1.16%
NSIT.US	Insight Enterprises Inc	146.27			0%
KRYS	Krystal Biotech Inc	337.02	87.50%	Strong Buy	0%
CWST	Casella Waste Systems Inc	93.05	77.78%	Moderate Buy	0%
AMSC	American Superconductor Corporation	30.05	100.00%	Strong Buy	0%
OPRA	Opera Limited	18.29	100.00%	Strong Buy	4.22%
SGRY	Surgery Partners Inc	13.94	83.33%	Strong Buy	0%
AAON	Aaon Inc	80.84	75.00%	Strong Buy	0.50%
MZTI	Marzetti Company/The	112.89	100.00%	Hold	3.54%
MRVI	Maravai LifeSciences Holdings Inc.	8.29	66.67%	Moderate Buy	0%
UFPI	UFP Industries Inc	88.12	66.67%	Moderate Buy	1.60%
COKE	Coca-Cola Consolidated Inc	187.60			0.53%
SIGI	Selective Insurance Group Inc	90.81	50.00%	Hold	1.88%
STRL.US	Sterling Infrastructure Inc	520.53			0%
MMSI	Merit Medical Systems Inc	90.27	80.00%	Strong Buy	0%
VRRM	Verra Mobility Corporation	4.66	100.00%	Hold	0%
SGML	Sigma Lithium Corporation	10.73	100.00%	Moderate Buy	0%
AMLX	Amylyx Pharmaceuticals Inc	39.66	100.00%	Strong Buy	0%
RELY	Remitly Global Inc	24.71	100.00%	Strong Buy	0%
PRTA	Prothena Corporation plc	9.03	50.00%	Hold	0%
IMVT	Immunovant Inc	44.35	90.00%	Strong Buy	0%
CCOI	Cogent Communications Holdings Inc	10.01	62.50%	Hold	11.94%
AMPH	Amphastar Pharmaceuticals Inc	21.68	83.33%	Hold	0%
SMPL	The Simply Good Foods Company	10.99	55.56%	Moderate Buy	0%
PERI	Perion Network Ltd	9.50	60.00%	Moderate Buy	0%
RDNT	Radnet Inc	77.05	100.00%	Strong Buy	0%
PENG	Penguin Solutions Inc	51.14	80.00%	Moderate Buy	0%
UFPT	UFP Technologies Inc	304.25			0%
ATEC	Alphatec Holdings Inc	9.29	100.00%	Strong Buy	0%
NVTS	Navitas Semiconductor Corporation	12.97	60.00%	Hold	0%
CRBU	Caribou Biosciences Inc	1.61	100.00%	Strong Buy	0%
BMEA	Biomea Fusion Inc	1.36	100.00%	Strong Buy	0%
NSSC	Napco Security Technologies Inc	37.77	100.00%	Strong Buy	1.52%
VTGN	Vistagen Therapeutics Inc	0.24	100.00%	Hold	0%
PCT.US	PureCycle Technologies Inc	6.75			0%
INDI	indie Semiconductor Inc	4.00	60.00%	Moderate Buy	0%
FCFS	FirstCash Holdings Inc	205.91	75.00%	Strong Buy	0.75%
DNLI	Denali Therapeutics Inc	24.95	100.00%	Strong Buy	0%
INTA	Intapp Inc	40.17	40.00%	Hold	0%
SSYS.US	Stratasys Ltd	7.86			0%
HUBG	Hub Group Inc	40.05	100.00%	Hold	1.23%
HRMY	Harmony Biosciences Holdings Inc	38.07	50.00%	Hold	0%
NWS	News Corporation	33.78			0.58%
CORT	Corcept Therapeutics Incorporated	121.05	80.00%	Moderate Buy	0%
RYTM	Rhythm Pharmaceuticals Inc	108.92	100.00%	Strong Buy	0%
KEEL	Keel Infrastructure Corp	3.37	87.50%	Strong Buy	0%
TVTX	Travere Therapeutics Inc	64.46	91.67%	Strong Buy	0%
PRCT	PROCEPT BioRobotics Corporation	20.73	63.64%	Hold	0%
SHC	Sotera Health Company	19.22	85.71%	Strong Buy	0%
ZNTL	Zentalis Pharmaceuticals Inc	3.84	83.33%	Strong Buy	0%
HTO	H2O America	64.25	83.33%	Strong Buy	2.74%
SDA	SunCar Technology Group Inc	0.72	100.00%	Moderate Buy	0%
COCO	The Vita Coco Company Inc	65.17	57.14%	Moderate Buy	0%
CCC.US	CCC Intelligent Solutions Holdings Inc	7.45			0%
CAMT	Camtek Ltd	148.51	55.56%	Moderate Buy	0%
FELE	Franklin Electric Co Inc	103.26	100.00%	Hold	1.06%
ULCC	Frontier Group Holdings Inc	5.76	62.50%	Moderate Sell	0%
IPAR	Inter Parfums Inc	114.75	50.00%	Hold	2.77%
ATRC	Atricure Inc	47.49	75.00%	Strong Buy	0%
OTTR	Otter Tail Corporation	92.04	100.00%	Hold	2.48%
CVCO	Cavco Industries Inc	578.86	66.67%	Moderate Buy	0%
NEXT	NextDecade Corporation	7.00	100.00%	Hold	0%
PLRX	Pliant Therapeutics Inc	1.12	80.00%	Hold	0%
GGAL	Grupo Financiero Galicia SA	41.00	100.00%	Moderate Buy	3.50%
MIRM	Mirum Pharmaceuticals Inc	97.07	100.00%	Strong Buy	0%
SUPN	Supernus Pharmaceuticals Inc	47.45	100.00%	Strong Buy	0%
LZ	Legalzoomcom Inc	5.86	57.14%	Hold	0%
PSNY	Polestar Automotive Holding UK PLC	13.19	100.00%	Moderate Sell	0%
MNRO	Monro Inc	11.96	50.00%	Moderate Buy	8.92%
PLAB	Photronics Inc	30.52	100.00%	Strong Buy	0%
RXST	Rxsight Inc	6.09	70.00%	Hold	0%
FORM	Formfactor Inc	115.71	57.14%	Moderate Buy	0%
RILY	BRC Group Holdings Inc	6.93			0%
EMBC	Embecta Corp	5.47	50.00%	Moderate Sell	8.80%
OSIS	Osi Systems Inc	218.09	100.00%	Strong Buy	0%
MYRG	MYR Group Inc	318.00	66.67%	Moderate Buy	0%
SBCF	Seacoast Banking Corporation of Florida	34.74	50.00%	Moderate Buy	2.17%
VCEL	Vericel Corporation	42.11	100.00%	Strong Buy	0%
VECO	Veeco Instruments Inc	47.20	75.00%	Hold	0%
XENE	Xenon Pharmaceuticals Inc	59.73	100.00%	Strong Buy	0%
IDYA	IDEAYA Biosciences Inc	39.11	90.91%	Strong Buy	0%
MLKN	Millerknoll Inc	22.76	100.00%	Moderate Buy	3.26%
LAUR	Laureate Education Inc	37.56	60.00%	Moderate Buy	0%
TNGX	Tango Therapeutics Inc	23.51	100.00%	Strong Buy	0%
SKIN	SkinHealth Systems Inc	0.63	100.00%	Hold	0%
IMCR	Immunocore Holdings plc	36.28	66.67%	Moderate Buy	0%
REPL	Replimune Group Inc	14.05	100.00%	Strong Buy	0%
GPCR	Structure Therapeutics Inc	50.52	100.00%	Strong Buy	0%
ERII	Energy Recovery Inc	7.75	100.00%	Hold	0%
BLKB	Blackbaud Inc	46.45	50.00%	Moderate Buy	0%
RCKT	Rocket Pharmaceuticals Inc	3.48	62.50%	Moderate Buy	0%
XMTR	Xometry Inc	83.12	62.50%	Moderate Buy	0%
IRON	Disc Medicine Inc	78.84	100.00%	Strong Buy	0%
WAFD	WaFd Inc	36.65	100.00%	Hold	3.71%
ROCK	Gibraltar Industries Inc	46.39	100.00%	Moderate Buy	0%
HLMN	Hillman Solutions Corp	8.31	75.00%	Strong Buy	0%
COHU	Cohu Inc	54.11	100.00%	Strong Buy	0%
ICFI	ICF International Inc	89.07	75.00%	Strong Buy	0.63%
FULC	Fulcrum Therapeutics Inc	3.85	62.50%	Moderate Sell	0%
HURN	Huron Consulting Group Inc	162.45	100.00%	Strong Buy	0%
URGN	UroGen Pharma Ltd	46.80	80.00%	Strong Buy	0%
VERA	Vera Therapeutics Inc	31.26	92.86%	Strong Buy	0%
CSTL	Castle Biosciences Inc	32.93	100.00%	Strong Buy	0%
DRS	Leonardo Drs Inc	41.00	71.43%	Moderate Buy	0.88%
VCTR	Victory Capital Holdings Inc	113.08	71.43%	Moderate Buy	1.70%
PSMT	Pricesmart Inc	169.46	50.00%	Moderate Buy	0.81%
MGPI	MGP Ingredients Inc	17.77	66.67%	Moderate Buy	2.66%
XPEL	Xpel Inc	50.36	100.00%	Strong Buy	0%
STRA	Strategic Education Inc	82.38	66.67%	Moderate Buy	2.88%
DGII	Digi Intl Inc	73.61	80.00%	Strong Buy	0%
AGIO	Agios Pharmaceuticals Inc	33.63	66.67%	Moderate Buy	0%
BELFB	Bel Fuse Inc	262.43	100.00%	Strong Buy	0.11%
KRUS	Kura Sushi USA Inc	48.73	62.50%	Moderate Buy	0%
RUM	RUM Group Inc	8.43	50.00%	Moderate Buy	0%
JJSF	J&J Snack Foods Corp	88.44	100.00%	Strong Buy	3.65%
GTX.US	Garrett Motion Inc	26.40			1.13%
AGYS	Agilysys Inc	113.38	85.71%	Strong Buy	0%
HROW	Harrow Inc	42.06	100.00%	Strong Buy	0%
PLXS	Plexus Corp	241.91	75.00%	Strong Buy	0%
ARHS	Arhaus Inc	9.65	50.00%	Moderate Buy	0%
CENX	Century Aluminum Company	43.40	100.00%	Strong Buy	0%
VNOM	VIPER ENERGY INC-CL A	45.03	100.00%	Strong Buy	3.22%
ATAT	Atour Lifestyle Holdings Limited	34.25	100.00%	Moderate Buy	2.59%
ADUS	Addus HomeCare Corporation	120.55	77.78%	Moderate Buy	0%
RUSHA	Rush Enterprises Inc	77.11	66.67%	Moderate Buy	0.72%
ARQT	Arcutis Biotherapeutics Inc	25.35	100.00%	Strong Buy	0%
IBOC	International Bancshares Corporation	71.70			2.04%
MYGN	Myriad Genetics Inc	3.22	57.14%	Hold	0%
HCSG	Healthcare Services Group Inc	23.00	60.00%	Moderate Buy	0%
INVZ	Innoviz Technologies Ltd	0.33	100.00%	Hold	0%
ECHO	EchoStar Corporation	86.92	100.00%	Strong Buy	0%
EVLV	Evolv Technologies Holdings Inc	5.40	100.00%	Strong Buy	0%
MVST	Microvast Holdings Inc	0.78	100.00%	Moderate Buy	0%
BWIN	Baldwin Insurance Group Inc	31.45	75.00%	Strong Buy	0%
KYMR	Kymera Therapeutics Inc	121.50	88.89%	Strong Buy	0%
BANR	Banner Corporation	71.66	100.00%	Hold	2.87%
BJRI	BJ's Restaurants Inc	64.23	66.67%	Moderate Buy	0%
PATK	Patrick Industries Inc	85.48	75.00%	Moderate Buy	2.17%
SIBN	SI-BONE Inc	19.48	100.00%	Strong Buy	0%
MGEE	Mge Energy Inc	80.48	33.33%	Hold	2.42%
OCSL	Oaktree Specialty Lending Corporation	13.11	100.00%	Hold	11.52%
ABOS	Acumen Pharmaceuticals Inc	3.19	100.00%	Moderate Buy	0%
CLFD	Clearfield Inc	27.54	100.00%	Strong Buy	0%
CRNX	Crinetics Pharmaceuticals Inc	84.69	85.71%	Hold	0%
ANIP	ANI Pharmaceuticals Inc	77.32	83.33%	Strong Buy	0%
TTMI	TTM Technologies Inc	114.38	100.00%	Strong Buy	0%
MGRC	Mcgrath Rentcorp	116.44	100.00%	Moderate Buy	1.68%
KNSA	Kiniksa Pharmaceuticals Ltd	78.47	100.00%	Strong Buy	0%
TMCI	Treace Medical Concepts Inc	4.46	66.67%	Moderate Buy	0%
WSFS	WSFS Financial Corporation	79.90	80.00%	Hold	0.93%
OM.US	Outset Medical Inc	4.30			0%
ROAD	Construction Partners Inc	113.19	80.00%	Strong Buy	0%
POWL	Powell Industries Inc	197.40	80.00%	Strong Buy	0.18%
GBDC	Golub Capital BDC Inc	13.21	100.00%	Strong Buy	10.91%
ZUMZ	Zumiez Inc	17.47	100.00%	Hold	0%
KURA	Kura Oncology Inc	11.71	100.00%	Strong Buy	0%
COGT	Cogent Biosciences Inc	35.31	88.89%	Strong Buy	0%
KROS	Keros Therapeutics Inc	10.95	57.14%	Moderate Buy	0%
ADTN	ADTRAN Holdings Inc	7.86	100.00%	Strong Buy	0%
QTRX	Quanterix Corporation	3.12	100.00%	Hold	0%
ESTA	Establishment Labs Holdings Inc	71.52	100.00%	Strong Buy	0%
INOD	Innodata Inc	62.79	100.00%	Strong Buy	0%
REYN	Reynolds Consumer Products Inc	25.50	100.00%	Hold	3.61%
HOPE	Hope Bancorp Inc	13.97	50.00%	Moderate Buy	4.01%
IOSP	Innospec Inc	92.92	100.00%	Moderate Buy	1.91%
ADPT	Adaptive Biotechnologies Corporation	25.44	87.50%	Strong Buy	0%
CRVL	CorVel Corporation	70.21			0%
SCHL	Scholastic Corporation	39.98	100.00%	Hold	1.99%
TARS	Tarsus Pharmaceuticals Inc	71.49	100.00%	Strong Buy	0%
DORM	Dorman Products Inc	131.37	80.00%	Strong Buy	0%
ASLE	AerSale Corporation	5.54	100.00%	Hold	0%
JBSS	John B Sanfilippo & Son Inc	75.76	100.00%	Moderate Buy	1.29%
MBUU	Malibu Boats Inc	29.53	100.00%	Hold	0%
OSW	OneSpaWorld Holdings Limited	26.08	100.00%	Strong Buy	0.75%
SKWD	Skyward Specialty Insurance Group Inc	55.86	87.50%	Strong Buy	0%
LFST	LifeStance Health Group Inc	12.65	80.00%	Strong Buy	0%
LILAK	Liberty Latin America Ltd	8.21	100.00%	Hold	0%
BANF	BancFirst Corporation	112.74	100.00%	Hold	1.74%
XNCR	Xencor Inc	27.00	90.00%	Strong Buy	0%
ECPG	Encore Capital Group Inc	98.14	100.00%	Strong Buy	0%
EFSC	Enterprise Financial Services Corp	64.01	75.00%	Strong Buy	2.04%
STEP	StepStone Group LP	48.84	83.33%	Strong Buy	2.22%
DCGO	Docgo Inc	0.43	50.00%	Moderate Buy	0%
COLL	Collegium Pharmaceutical Inc	27.54	75.00%	Strong Buy	0%
TCMD	Tactile Systems Technology Inc	23.43	100.00%	Moderate Buy	0%
NBTB	Nbt Bancorp Inc	51.88	50.00%	Moderate Buy	2.84%
ACT	Enact Holdings Inc	49.12	100.00%	Hold	1.83%
ACDC	ProFrac Holding Corp	4.44	100.00%	Moderate Sell	0%
EGBN	Eagle Bancrp Inc	27.83	100.00%	Hold	0.14%
INVA	Innoviva Inc	21.00	100.00%	Strong Buy	0%
LMB	Limbach Holdings Inc	42.75	75.00%	Moderate Buy	0%
GRFS	Grifols SA	7.99			0%
CMPR	Cimpress Plc	88.86	100.00%	Moderate Buy	0%
FDMT	4D Molecular Therapeutics Inc	16.10	75.00%	Strong Buy	0%
VERX	Vertex Inc	13.58	50.00%	Moderate Buy	0%
BLBD	Blue Bird Corporation	61.33	100.00%	Strong Buy	0%
PRAA	Pra Group Inc	18.63	100.00%	Moderate Buy	0%
CRMT	Americas Car-Mart Inc	2.83			0%
SHOE	Shoe Station Group Inc	15.29			4.14%
APOG	Apogee Enterprises Inc	41.26	100.00%	Hold	2.57%
PLUS	ePlus Inc	86.85	100.00%	Moderate Buy	1.17%
MRTN	Marten Transport Ltd	14.73	100.00%	Hold	1.61%
CABA	Cabaletta Bio Inc	3.19	85.71%	Strong Buy	0%
DH	Definitive Healthcare Corp	0.73	62.50%	Hold	0%
LMAT	LeMaitre Vascular Inc	82.32	75.00%	Hold	1.40%
LGND	Ligand Pharmaceuticals Incorporated	287.39	100.00%	Strong Buy	0%
PLMR	Palomar Holdings Inc	128.87	100.00%	Strong Buy	0.35%
FRME	First Merchants Corporation	41.94	100.00%	Moderate Buy	3.45%
CSWC	Capital Southwest Corporation	24.68	66.67%	Moderate Buy	9.26%
TRMK	Trustmark Corporation	46.58	100.00%	Hold	2.11%
RGNX	REGENXBIO Inc	11.06	87.50%	Strong Buy	0%
NWBI	Northwest Bancshares Inc	15.31	75.00%	Hold	5.19%
FFBC	First Financial Bancorp	32.95	75.00%	Hold	3.03%
IMKTA	Ingles Markets Incorporated	84.82			0.78%
TIGR	UP Fintech Holding Limited	5.07	75.00%	Moderate Buy	0%
WINA	Winmark Corporation	342.89	100.00%	Moderate Buy	1.15%
PDFS	PDF Solutions Inc	44.81	83.33%	Strong Buy	0%
FNKO	Funko Inc	6.22	66.67%	Moderate Buy	0%
HPK	HighPeak Energy Inc	8.31			0.96%
KALU	Kaiser Aluminum Corporation	151.15	66.67%	Moderate Sell	2.00%
EYPT	EyePoint Inc	5.40	61.54%	Moderate Buy	0%
MCFT	MasterCraft Boat Holdings Inc	25.32	100.00%	Hold	0%
NAAS	NaaS Technology Inc	3.27			0%
TTEC	Ttec Holdings In	1.43	100.00%	Hold	0%
ACRS	Aclaris Therapeutics Inc	6.33	100.00%	Strong Buy	0%
FWRG	First Watch Restaurant Group Inc	12.63	100.00%	Strong Buy	0%
IMXI	International Money Express Inc	14.05	100.00%	Hold	0%
ATEX	Anterix Inc	85.31	75.00%	Strong Buy	0%
LOCO	El Pollo Loco Holdings Inc	15.37	60.00%	Moderate Buy	0%
ADEA	Adeia Inc	26.96	100.00%	Strong Buy	0.76%
WABC	Westamerica Bancorporation	58.35	100.00%	Hold	3.22%
BCYC	Bicycle Therapeutics plc	4.24	50.00%	Moderate Buy	0%
SANA	Sana Biotechnology Inc	3.74	100.00%	Strong Buy	0%
MDXG	Mimedx Group Inc	4.30	100.00%	Strong Buy	0%
CHCO	City Holding Company	144.00	100.00%	Hold	2.41%
PAX	Patria Investments Limited	11.31			5.45%
AMPL	Amplitude Inc	12.93	75.00%	Strong Buy	0%
MERC	Mercer International Inc	0.43	66.67%	Moderate Sell	0%
AVPT	Avepoint Inc	13.13	72.73%	Moderate Buy	0%
IQ.US	iQIYI Inc	1.03			0%
TFSL	TFS Financial Corporation	17.50	100.00%	Hold	6.41%
HCM	HUTCHMED China Limited	12.56	66.67%	Moderate Buy	0%
RUSHB.US	Rush Enterprises Inc	77.57			0.72%
ALVO	Alvotech	4.27	50.00%	Hold	0%
EVCM	EverCommerce Inc	9.68	50.00%	Hold	0%
CLBK	Columbia Financial Inc	11.76	100.00%	Strong Buy	0.42%
AFYA	Afya Limited	13.88	100.00%	Hold	4.58%
GCMG	Grosvenor Capital Management LP	13.47	80.00%	Strong Buy	3.42%
MNTK	Montauk Renewables Inc	1.89			0%
DSGR	Distribution Solutions Group Inc	34.80	100.00%	Hold	0%
CNXN	PC Connection Inc	77.88			0.96%
ECX	ECARX Holdings Inc	1.11			0%
CLBT	Cellebrite DI Ltd	11.31	100.00%	Strong Buy	0%
HSAI	Hesai Group	18.62	100.00%	Strong Buy	0%
SHEN	Shenandoah Telecommunications Company	12.32	100.00%	Moderate Buy	0.89%
IESC	IES Holdings Inc	683.27			0%
MBIN	Merchants Bancorp	54.13	66.67%	Moderate Buy	0.77%
WALD	Waldencast plc	1.35	66.67%	Moderate Buy	0%
USLM	United States Lime & Minerals Inc	120.20			0.25%
SAFT	Safety Insurance Group Inc	103.54			3.55%
SRCE	1st Source Corporation	86.15	66.67%	Moderate Buy	1.96%
TCBK	TriCo Bancshares	55.68	80.00%	Hold	2.61%
BUSE	First Busey Corporation	30.21	75.00%	Strong Buy	3.40%
BLTE	Belite Bio Inc	161.94	100.00%	Strong Buy	0%
NRC	NRC Health	21.82	100.00%	Moderate Buy	2.70%
STBA	S&T Bancorp Inc	50.20	100.00%	Hold	2.90%
PEBO	Peoples Bancorp Inc	39.97	66.67%	Moderate Buy	4.14%
TRS	TriMas Corporation	38.57	100.00%	Moderate Buy	0.41%
ARKO	Arko Corp	4.59	100.00%	Moderate Buy	2.53%
CMCO	Columbus McKinnon Corporation	17.33	66.67%	Moderate Buy	1.59%
RBCAA	Republic Bancorp Inc	94.34			2.01%
BFC	Bank First Corporation	152.31	100.00%	Hold	1.28%
TRNS	Transcat Inc	91.51	66.67%	Moderate Buy	0%
LNZA	LanzaTech Global Inc	6.22			0%
QCRH	QCR Holdings Inc	101.08	66.67%	Moderate Buy	0.32%
GABC	German American Bancorp Inc	49.94	66.67%	Moderate Buy	2.44%
ARDX	Ardelyx Inc	3.90	100.00%	Strong Buy	0%
SLRC	SLR Investment Corp	12.58	33.33%	Hold	12.19%
HSTM	HealthStream Inc	28.59	66.67%	Moderate Buy	0.47%
SCSC	ScanSource Inc	56.39	100.00%	Hold	0%
WEST	Westrock Coffee Company	8.29	100.00%	Strong Buy	0%
PHVS	Pharvaris NV	36.39	88.89%	Strong Buy	0%
SRRK	Scholar Rock Holding Corporation	55.25	100.00%	Strong Buy	0%
OFLX	Omega Flex Inc	27.75			4.97%
ASTS	AST SpaceMobile Inc	65.06	45.45%	Moderate Buy	0%
RMR	The RMR Group Inc	19.81			9.00%
BIOX	Bioceres Crop Solutions Corp	0.45			0%
CGBD	Carlyle Secured Lending Inc	11.33	50.00%	Moderate Buy	13.66%
CRAI	CRA International Inc	174.38	50.00%	Moderate Buy	1.24%
CTBI	Community Trust Bancorp Inc	76.22	50.00%	Moderate Buy	2.77%
AVO	Mission Produce Inc	13.24	100.00%	Moderate Buy	0%
PLPC	Preformed Line Products Company	421.37	100.00%	Moderate Buy	0.19%
CNOB	ConnectOne Bancorp Inc	32.25	66.67%	Moderate Buy	2.32%
FMBH	First Mid Bancshares Inc	50.26	66.67%	Moderate Buy	2.01%
KELYA.US	Kelly Services Inc	16.71			1.76%
METC	Ramaco Resources Inc	11.15	50.00%	Moderate Buy	0%
KE	Kimball Electronics Inc	23.57	66.67%	Moderate Buy	0%
RDWR	Radware Ltd	26.98	100.00%	Hold	0%
IIIV	i3 Verticals Inc	16.65	66.67%	Moderate Buy	0%
OSBC	Old Second Bancorp Inc	25.20	100.00%	Strong Buy	1.11%
HCKT	The Hackett Group Inc	10.80	100.00%	Strong Buy	4.33%
TCPC	BlackRock TCP Capital Corp	4.03	50.00%	Moderate Sell	21.84%
FCBC	First Community Bankshares Inc	49.03	100.00%	Hold	2.54%
BBSI	Barrett Business Services Inc	33.23	50.00%	Moderate Buy	1.19%
ULH	Universal Logistics Holdings Inc	19.41	100.00%	Hold	2.19%
LQDT	Liquidity Services Inc	42.75	100.00%	Moderate Buy	0%
GSBC	Great Southern Bancorp Inc	78.78	100.00%	Hold	2.17%
CCAP	Crescent Capital BDC Inc	10.68	100.00%	Hold	14.91%
HFWA	Heritage Financial Corporation	28.95	66.67%	Moderate Buy	3.33%
CECO	CECO Environmental Corp	73.00	100.00%	Strong Buy	0%
TIPT	Tiptree Inc	18.32			1.32%
QNST	QuinStreet Inc	20.37	100.00%	Strong Buy	0%
KIDS	OrthoPediatrics Corp	26.23	87.50%	Strong Buy	0%
WVE	Wave Life Sciences Inc	5.25	100.00%	Strong Buy	0%
CCB	Coastal Financial Corporation	46.10	100.00%	Strong Buy	0%
DMRC	Digimarc Corp	6.62	50.00%	Moderate Buy	0%
OLMA	Olema Pharmaceuticals Inc	10.90	100.00%	Strong Buy	0%
JRVR	James River Group Holdings Inc	4.03	100.00%	Hold	0.99%
MBWM	Mercantile Bank Corporation	59.80	75.00%	Hold	2.58%
NAMS	NewAmsterdam Pharma Company NV	27.78	100.00%	Strong Buy	0%
OABI	OmniAb Inc	4.30	100.00%	Strong Buy	0%
CASS	Cass Information Systems Inc	56.89	50.00%	Moderate Buy	2.25%
UFCS	United Fire Group Inc	53.27	100.00%	Moderate Buy	1.36%
YORW.US	The York Water Company	34.20			2.65%
TILE	Interface Inc	39.08	100.00%	Moderate Buy	0.26%
NRDS	NerdWallet Inc	10.01	80.00%	Moderate Buy	0%
SFWL	Shengfeng Development Limited	0.81			0%
FORR	Forrester Research Inc	11.67	100.00%	Hold	0%
UVSP	Univest Financial Corporation	41.76	100.00%	Hold	2.16%
IRMD	IRadimed Corporation	86.68	100.00%	Moderate Buy	0.88%
ITRN	Ituran Location and Control Ltd	50.55	100.00%	Moderate Buy	5.90%
RICK	RCI Hospitality Holdings Inc	30.79			0.97%
ELVN	Enliven Therapeutics Inc	58.92	100.00%	Strong Buy	0%
AMAL	Amalgamated Financial Corp	48.88	50.00%	Moderate Buy	1.33%
LAND	Gladstone Land Corporation	8.69	100.00%	Hold	6.48%
RWAY	Runway Growth Finance Corp	6.60	33.33%	Hold	19.88%
ATRO	Astronics Corporation	76.06	100.00%	Strong Buy	0%
TRST	TrustCo Bank Corp NY	57.20			2.67%
NN	NextNav Inc	17.33	100.00%	Strong Buy	0%
CCBG	Capital City Bank Group Inc	51.34	100.00%	Hold	2.07%
IGIC	International General Insurance Holdings Ltd	26.31	100.00%	Moderate Buy	1.10%
HNRG	Hallador Energy Company	15.53	100.00%	Moderate Buy	0%
GRSD	Grandstand Ltd	2.00	66.67%	Moderate Buy	0%
ATNI	ATN International Inc	31.14			3.60%
SVRA	Savara Inc	5.49	100.00%	Strong Buy	0%
TYRA	Tyra Biosciences Inc	25.69	100.00%	Strong Buy	0%
BFST	Business First Bancshares Inc	31.22	100.00%	Moderate Buy	1.93%
TRDA	Entrada Therapeutics Inc	7.60	80.00%	Strong Buy	0%
VNET	VNET Group Inc	6.65	100.00%	Strong Buy	0%
GPGI	GPGI Inc	12.79	100.00%	Hold	0.06%
SSP.US	The EW Scripps Company	3.29			0%
SMBC	Southern Missouri Bancorp Inc	74.06	100.00%	Hold	1.37%
RGP	Resources Connection Inc	4.36	100.00%	Moderate Buy	6.45%
FDUS	Fidus Investment Corporation	19.81	66.67%	Moderate Buy	8.64%
KRNY	Kearny Financial Corp	9.67	50.00%	Moderate Buy	4.52%
CRESY	Cresud Sociedad Anónima Comercial Inmobiliaria Financiera y Agropecuaria CRESY	10.98			5.59%
MSBI	Midland States Bancorp Inc	32.53	100.00%	Hold	3.93%
GLRE	Greenlight Capital Re Ltd	15.38			0%
GAIN	Gladstone Investment Corporation	16.35			5.87%
LEGH	Legacy Housing Corporation	28.56			0%
ALNT	Allient Inc	99.43	66.67%	Moderate Buy	0.18%
GNLX	Genelux Corporation	2.74	100.00%	Strong Buy	0%
ALEC	Alector Inc	2.26	50.00%	Hold	0%
PAHC	Phibro Animal Health Corporation	35.18	50.00%	Hold	1.32%
SPFI	South Plains Financial Inc	44.25	100.00%	Strong Buy	1.54%
ANTX	AN2 Therapeutics Inc	5.79	100.00%	Moderate Buy	0%
HAFC	Hanmi Financial Corporation	31.15	100.00%	Hold	3.57%
DAKT	Daktronics Inc	19.19	100.00%	Moderate Buy	0%
PROK	ProKidney Corp	1.42	40.00%	Hold	0%
LYTS	LSI Industries Inc	20.62	100.00%	Strong Buy	0.98%
HBNC	Horizon Bancorp Inc	19.59	50.00%	Moderate Buy	3.27%
GRVY	Gravity Co Ltd	70.25			0%
SENEA	Seneca Foods Corporation	192.62	100.00%	Hold	0%
ARTNA	Artesian Resources Corporation	35.65			3.57%
FMNB	Farmers National Banc Corp	15.72	100.00%	Hold	4.33%
CAC	Camden National Corporation	56.50	50.00%	Moderate Buy	2.96%
CCSI	Consensus Cloud Solutions Inc	37.19	100.00%	Moderate Buy	0%
DJCO	Daily Journal Corporation	614.70			0%
KRT	Karat Packaging Inc	47.57	66.67%	Moderate Buy	3.79%
THFF	First Financial Corporation	79.07	100.00%	Hold	2.77%
PGC	Peapack-Gladstone Financial Corporation	45.17	100.00%	Strong Buy	0.44%
EWTX	Edgewise Therapeutics Inc	43.29	83.33%	Strong Buy	0%
IBCP	Independent Bank Corporation	37.26	75.00%	Hold	2.96%
BWMN	Bowman Consulting Group Ltd	42.55	83.33%	Hold	0%
WASH	Washington Trust Bancorp Inc	39.37	100.00%	Hold	5.64%
GHRS	GH Research PLC	28.68	100.00%	Strong Buy	0%
NAMM	Namib Minerals	1.44	100.00%	Moderate Buy	0%
BTMD	biote Corp	1.48	75.00%	Strong Buy	0%
LASR	nLIGHT Inc	47.19	100.00%	Strong Buy	0%
LOT	Lotus Technology Inc	1.08			0%
NBN	Northeast Bank	128.56	100.00%	Moderate Buy	0.04%
IMNM	Immunome Inc	28.08	100.00%	Strong Buy	0%
CCNE	CNB Financial Corporation	33.78	100.00%	Hold	2.19%
ESQ	Esquire Financial Holdings Inc	113.44	100.00%	Hold	0.67%
NTGR	NETGEAR Inc	21.10	100.00%	Moderate Buy	0%
AIRS	AirSculpt Technologies Inc	2.67	100.00%	Moderate Buy	0%
CGEM	Cullinan Oncology Inc	21.38	100.00%	Strong Buy	0%
BTDR	Bitdeer Technologies Group	10.43	90.91%	Strong Buy	0%
HRZN	Horizon Technology Finance Corporation	4.92	75.00%	Hold	20.81%
ACTG	Acacia Research Corporation	4.51	100.00%	Moderate Buy	0%
ORIC	ORIC Pharmaceuticals Inc	13.88	100.00%	Strong Buy	0%
AROW	Arrow Financial Corporation	38.33	50.00%	Moderate Buy	3.09%
ALRS	Alerus Financial Corporation	32.59	75.00%	Hold	2.59%
ALXO	ALX Oncology Holdings Inc	1.99	66.67%	Moderate Buy	0%
SHBI	Shore Bancshares Inc	23.14	50.00%	Moderate Buy	1.63%
BHRB	Burke & Herbert Financial Services Corp	71.00	50.00%	Moderate Buy	3.07%
SPRY	ARS Pharmaceuticals Inc	5.50	100.00%	Moderate Buy	0%
HIFS	Hingham Institution for Savings	298.90			0.85%
MLYS	Mineralys Therapeutics Inc	25.75	100.00%	Strong Buy	0%
MPB	Mid Penn Bancorp Inc	37.22	100.00%	Moderate Buy	2.39%
ONEW	OneWater Marine Inc	11.41	100.00%	Moderate Buy	0%
PNTG	The Pennant Group Inc	39.00	100.00%	Strong Buy	0%
DSP	Viant Technology Inc	12.41	100.00%	Strong Buy	0%
ACIC	American Coastal Insurance Corporation	9.21	100.00%	Moderate Buy	0%
LIND	Lindblad Expeditions Holdings Inc	31.32	50.00%	Moderate Buy	0%
OSPN	OneSpan Inc	15.59	50.00%	Moderate Buy	3.24%
MGNX	MacroGenics Inc	4.07	50.00%	Moderate Buy	0%
MTLS	Materialise NV	6.51			0%
LUNG	Pulmonx Corporation	2.30	75.00%	Strong Buy	0%
ALTO	Alto Ingredients Inc	4.18	100.00%	Moderate Buy	0%
SPOK	Spok Holdings Inc	10.44			12.12%
AVNW	Aviat Networks Inc	20.71	100.00%	Strong Buy	0%
IBEX	IBEX Limited	36.13			0%
PKOH	Park-Ohio Holdings Corp	45.29	100.00%	Moderate Buy	1.09%
AURA	Aura Biosciences Inc	7.77	100.00%	Strong Buy	0%
CGNT	Cognyte Software Ltd	8.62	66.67%	Moderate Buy	0%
JANX	Janux Therapeutics Inc	17.28	90.00%	Strong Buy	0%
UTMD	Utah Medical Products Inc	71.42			1.73%
NWPX.US	Northwest Pipe Company	109.82			0%
JBIO	Jade Biosciences Inc	21.23	100.00%	Strong Buy	0%
BMRC	Bank of Marin Bancorp	26.95	60.00%	Moderate Buy	3.72%
PANL	Pangaea Logistics Solutions Ltd	7.90	100.00%	Moderate Buy	2.46%
ANIK	Anika Therapeutics Inc	21.34	100.00%	Moderate Buy	0%
OKUR	OnKure Therapeutics Inc	3.93	75.00%	Strong Buy	0%
PRLH	Pearl Holdings Acquisition Corp	11.05			0%
CVRX	CVRx Inc	2.84	50.00%	Moderate Buy	0%
INSE	Inspired Entertainment Inc	5.90	100.00%	Moderate Buy	0%
LINC	Lincoln Educational Services Corporation	26.16	100.00%	Strong Buy	0%
REFI	Chicago Atlantic Real Estate Finance Inc	10.61	100.00%	Moderate Buy	17.44%
NATH	Nathans Famous Inc	97.25			2.02%
LMNR.US	Limoneira Company	13.96			1.08%
ZURA	Zura Bio Limited	5.75	100.00%	Strong Buy	0%
AVIR	Atea Pharmaceuticals Inc	5.36	50.00%	Moderate Buy	0%
FDBC	Fidelity D & D Bancorp Inc	54.33			3.21%
CARE	Carter Bankshares Inc	31.15	100.00%	Hold	0.64%
OBT	Orange County Bancorp Inc	38.14			1.76%
VNDA	Vanda Pharmaceuticals Inc	5.38	100.00%	Strong Buy	0%
FISI	Financial Institutions Inc	40.79	50.00%	Moderate Buy	3.06%
WLDN	Willdan Group Inc	85.58	100.00%	Strong Buy	0%
CVGI	Commercial Vehicle Group Inc	3.12	100.00%	Moderate Buy	0%
MGTX	MeiraGTx Holdings plc	14.54	100.00%	Strong Buy	0%
CBUS	Cibus Inc	1.70	100.00%	Moderate Buy	0%
LFMD	LifeMD Inc	3.28	100.00%	Strong Buy	0%
FSBW	FS Bancorp Inc	42.60	100.00%	Hold	2.71%
CELC	Celcuity Inc	90.57	100.00%	Strong Buy	0%
SMTI	Sanara MedTech Inc	34.24	100.00%	Hold	0%
CZFS	Citizens Financial Services Inc	80.43			2.46%
AUDC.US	AudioCodes Ltd	9.57			4.17%
TSBK	Timberland Bancorp Inc	46.33			2.49%
ATLX	Atlas Lithium Corporation	3.17			0%
NRIM	Northrim BanCorp Inc	25.74	100.00%	Hold	2.48%
AFCG	AFC Gamma Inc	3.32			7.65%
NECB	Northeast Community Bancorp Inc	26.25	100.00%	Hold	3.22%
CLAR	Clarus Corporation	3.61	50.00%	Moderate Buy	2.70%
NRIX	Nurix Therapeutics Inc	27.05	92.31%	Strong Buy	0%
WSBF	Waterstone Financial Inc	21.04			3.03%
IMMR	Immersion Corporation	7.72	100.00%	Moderate Buy	3.60%
LFCR	Lifecore Biomedical Inc	4.52	75.00%	Strong Buy	0%
ASUR	Asure Software Inc	8.43	100.00%	Strong Buy	0%
CTRN	Citi Trends Inc	70.15	100.00%	Moderate Buy	0%
PMTS	CPI Card Group Inc	27.51	100.00%	Strong Buy	0%
AIP	Arteris Inc	23.96	100.00%	Strong Buy	0%
PRTS	CarPartscom Inc	6.45	100.00%	Hold	0%
PDLB	Ponce Financial Group Inc	20.31			0%
GASS	StealthGas Inc	9.52	100.00%	Moderate Buy	0%
TCX	Tucows Inc	9.88			0%
OPRT	Oportun Financial Corporation	7.33	100.00%	Moderate Buy	0%
BLZE	Backblaze Inc	16.24	85.71%	Strong Buy	0%
HOFT	Hooker Furnishings Corporation	14.32			3.97%
KLXE	KLX Energy Services Holdings Inc	1.63			0%
MASS	908 Devices Inc	10.35	100.00%	Strong Buy	0%
CRMD	CorMedix Inc	8.23	100.00%	Strong Buy	0%
ATOM.US	Atomera Incorporated	4.79			0%
JAKK	JAKKS Pacific Inc	25.10	100.00%	Moderate Buy	3.92%
VABK	Virginia National Bankshares Corporation	46.48			3.08%
RGCO	RGC Resources Inc	22.07			3.91%
RELL	Richardson Electronics Ltd	17.51	100.00%	Moderate Buy	1.39%
IMRX	Immuneering Corporation	5.25	100.00%	Strong Buy	0%
IPX	IperionX Limited	20.64	100.00%	Strong Buy	0%
RCMT	RCM Technologies Inc	41.03	100.00%	Moderate Buy	0%
STOK	Stoke Therapeutics Inc	31.40	100.00%	Strong Buy	0%
NVCT	Nuvectis Pharma Inc	23.35	100.00%	Strong Buy	0%
ZVRA	Zevra Therapeutics Inc	11.89	100.00%	Strong Buy	0%
STHO	Star Holdings	9.77			0%
INVE	Identiv Inc	2.89	100.00%	Hold	0%
VRCA	Verrica Pharmaceuticals Inc	4.86	66.67%	Moderate Buy	0%
TELA	TELA Bio Inc	0.64	66.67%	Moderate Buy	0%
MAMA	Mamas Creations Inc	15.99	100.00%	Strong Buy	0%
INBK	First Internet Bancorp	28.59	50.00%	Moderate Buy	0.82%
NKSH	National Bankshares Inc	40.83			3.72%
MPAA	Motorcar Parts of America Inc	11.77	100.00%	Moderate Buy	0%
OPRX	OptimizeRx Corporation	7.96	100.00%	Strong Buy	0%
CLPT	ClearPoint Neuro Inc	15.19	100.00%	Strong Buy	0%
CMBMF	Cambium Networks Corporation	0.15			0%
FLL	Full House Resorts Inc	1.97	100.00%	Strong Buy	0%
PDSB	PDS Biotechnology Corporation	0.21	100.00%	Moderate Buy	0%
ULBI	Ultralife Corporation	6.85			0%
JYNT	The Joint Corp	8.25	66.67%	Moderate Buy	0%
UPLD	Upland Software Inc	4.68	100.00%	Moderate Buy	0%
RDNW	RideNow Group Inc	5.97			0%
WHWK	Whitehawk Therapeutics Inc	4.83	80.00%	Strong Buy	0%
SILC	Silicom Ltd	41.40	100.00%	Moderate Buy	0%
RAIN	Rain Enhancement Technologies Holdco Inc	0.88			0%
TZOO	Travelzoo	6.70	100.00%	Moderate Buy	0%
HPAI	Helport AI Limited	0.46			0%
CURR	Currenc Group Inc	3.85			0%
RGTI	Rigetti Computing Inc	16.07	62.50%	Moderate Buy	0%
MTC	Mmtec Inc	3.05			0%
GDHG	Golden Heaven Group Holdings	1.27			0%
EOSE	Eos Energy Enterprises Inc	3.46	50.00%	Moderate Buy	0%
SLDP	Solid Power Inc	2.29	100.00%	Moderate Buy	0%
HRTX	Heron Therapeutics Inc	0.31	100.00%	Hold	0%
WULF	Terawulf Inc	16.45	100.00%	Strong Buy	0%
RXT	Rackspace Technology Inc	3.25	100.00%	Hold	0%
TSHA	Taysha Gene Therapies Inc	6.11	100.00%	Strong Buy	0%
BIVI	Biovie Inc	1.86			0%
ERAS	Erasca Inc	17.08	71.43%	Moderate Buy	0%
MLGO	Microalgo Inc	4.27			0%
XERS	Xeris Biopharma Holdings Inc	8.60	80.00%	Strong Buy	0%
MREO	Mereo Biopha-Adr	0.29	33.33%	Hold	0%
SOUN	Soundhound Ai Inc-A	6.97	80.00%	Strong Buy	0%
PMVP	Pmv Pharmaceuticals Inc	1.30	100.00%	Moderate Buy	0%
REKR	Rekor Systems Inc	0.59	100.00%	Moderate Buy	0%
DHC	Diversified Heal	8.07	66.67%	Moderate Buy	0.50%
NKTX	Nkarta Inc	2.47	100.00%	Strong Buy	0%
MNY	Moneyhero Ltd-A	0.90			0%
HOWL	Werewolf Therapeutics Inc	0.43			0%
AUR	Aurora Innovation Inc	6.12	75.00%	Strong Buy	0%
MSPR	Msp Recovery Inc	0.00			0%
TPST	Tempest Therapeutics Inc	1.02			0%
BTAI	Bioxcel Therapeutics Inc	0.80			0%
BTBT	Bit Digital Inc	1.59	100.00%	Strong Buy	0%
ORGO	Organogenesis Holdings Inc	1.84	100.00%	Hold	0%
STRO	Sutro Biopharma Inc	21.16	87.50%	Strong Buy	0%
HIVE	Hive Digital Technologies Ltd	3.13	87.50%	Strong Buy	0%
BNKK	Bonk Inc	1.03			0%
SERA	Sera Prognostics Inc-A	2.10	100.00%	Strong Buy	0%
EJH	E-Home Household Service	1.35			0%
AUTL	Autolus Therapeu	2.46	100.00%	Strong Buy	0%
STTK	Shattuck Labs In	7.25	100.00%	Strong Buy	0%
IREN	Iris Energy Ltd	42.60	70.00%	Moderate Buy	0%
OPTX	Syntec Optics Holdings Inc	8.79			0%
AONC	American Oncology Network In	11.12			0%
INTS	Intensity Therapeutics Inc	4.88	100.00%	Moderate Buy	0%
ENGN	enGene Therapeutics Inc	1.77	50.00%	Hold	0%
CCG	Cheche Group Inc	16.00			0%
MTRX	Matrix Service Co	11.18	100.00%	Moderate Buy	0%
KIDZ	KIDZ AI Inc	5.04			0%
DRCT	Direct Digital Holdings In-A	2.53			0%
APGE	Apogee Therapeutics Inc	134.75	80.00%	Hold	0%
QBTS	D-Wave Quantum Inc	18.80	93.75%	Strong Buy	0%
TMC	Tmc The Metals Co Inc	3.97	100.00%	Strong Buy	0%
AKBA	Akebia Therapeutics Inc	0.92	75.00%	Strong Buy	0%
PRPL	Purple Innovation Inc	5.58	100.00%	Hold	0%
PIII	P3 Health Partners Inc	10.34	50.00%	Moderate Buy	0%
STLN	Starling Oncology Inc	6.54	100.00%	Strong Buy	0%
IMUX	Immunic Inc	16.10	100.00%	Strong Buy	0%
CCCC	C4 Therapeutics Inc	4.03	100.00%	Strong Buy	0%
CRDF	Cardiff Oncology Inc	0.91	66.67%	Moderate Buy	0%
PSNL	Personalis Inc	16.88	50.00%	Moderate Buy	0%
TECX	Tectonic Therapeutic Inc	36.05	100.00%	Strong Buy	0%
ACET	Adicet Bio Inc	9.38	100.00%	Strong Buy	0%
QSI	Quantum-Si Inc	0.78	100.00%	Moderate Buy	0%
KOPN	Kopin Corp	4.89	100.00%	Strong Buy	0%
BCAB	Bioatla Inc	3.18			0%
CMPX	Compass Therapeutics Inc	2.36	100.00%	Strong Buy	0%
SEER	Seer Inc	2.02	100.00%	Moderate Buy	0%
SCYX	Scynexis Inc	5.22	100.00%	Moderate Buy	0%
HEPS	D-Market Elektronik Hizmetler Ve Ticaret As	2.67			0%
RMTI	Rockwell Medical Inc	7.64	100.00%	Moderate Buy	0%
LYEL	Lyell Immunopharma Inc	15.35	80.00%	Moderate Buy	0%
TNYA	Tenaya Therapeutics Inc	0.69	100.00%	Strong Buy	0%
AQST	Aquestive Therapeutics Inc	4.50	100.00%	Strong Buy	0%
POWW	Ammo Inc	2.26	100.00%	Moderate Buy	0%
SMMT	Summit Therapeutics Inc	12.43	57.14%	Moderate Buy	0%
ABSI	Absci Corp	9.28	88.89%	Strong Buy	0%
VERI	Veritone Inc	0.84	50.00%	Moderate Buy	0%
RBBN	Ribbon Communications Inc	2.00	100.00%	Strong Buy	0%
LAB	Standard Biotool	0.65			0%
TDUP	Thredup Inc - Class A	2.75	85.71%	Strong Buy	0%
AIOT	Powerfleet Inc	3.02	85.71%	Strong Buy	0%
LGVN	Longeveron Inc-A	0.83	50.00%	Moderate Buy	0%
HNST	Honest Co Inc/The	4.96	66.67%	Moderate Buy	0%
DSGN	Design Therapeutics Inc	15.56	100.00%	Strong Buy	0%
EXFY	Expensify Inc - A	2.50	50.00%	Moderate Buy	0%
OMER	Omeros Corp	18.63	50.00%	Moderate Buy	0%
KOD	Kodiak Sciences Inc	39.84	100.00%	Strong Buy	0%
AERT	Aeries Technology Inc	6.75			0%
MYPS	Playstudios Inc	0.52			0%
GGR	Gogoro Inc	2.25			0%
CARM	Carisma Therapeutics Inc	0.00			0%
RLMD	Relmada Therapeutics Inc	4.64	100.00%	Strong Buy	0%
ANNX	Annexon Inc	5.18	71.43%	Moderate Buy	0%
CYPH	Cypherpunk Technologies Inc	1.19	100.00%	Moderate Buy	0%
MKTW	Marketwise Inc	18.20			5.16%
SJ	Scienjoy Holding Corp-A	0.94			0%
IRD	Opus Genetics Inc	4.12	100.00%	Strong Buy	0%
SGHT	Sight Sciences Inc	8.15	71.43%	Moderate Buy	0%
HUMA	Humacyte Inc	0.68	80.00%	Strong Buy	0%
RDZN	Roadzen Inc	1.55	100.00%	Moderate Buy	0%
DCTH	Delcath Systems Inc	16.75	100.00%	Strong Buy	0%
OXSQ	Oxford Square Capital Corp	1.40			29.79%
GSIT	Gsi Technology Inc	5.95			0%
CUE	Cue Biopharma Inc	24.61			0%
LUNR	Intuitive Machines Inc	17.93	100.00%	Strong Buy	0%
DFTX	Definium Therapeutics Inc	45.40	100.00%	Strong Buy	0%
SRTA	Strata Critical Medical Inc	5.96	100.00%	Moderate Buy	0%
RMNI	Rimini Street Inc	5.10	100.00%	Moderate Buy	0%
BDTX	Black Diamond Therapeutics I	2.15	100.00%	Strong Buy	0%
CDZI	Cadiz Inc	3.55	100.00%	Moderate Buy	0%
ADV	Advantage Solutions Inc	34.48	50.00%	Moderate Buy	0%
PRLD	Prelude Therapeutics Inc	6.50	100.00%	Moderate Buy	0%
CAPR	Capricor Therapeutics Inc	6.83	90.00%	Hold	0%
LNAI	Lunai Bioworks Inc	2.20			0%
ETON	Eton Pharmaceuticals Inc	59.91	100.00%	Strong Buy	0%
RHLD	Resolute Holdings Management Inc	124.61			0%
SGMT	Sagimet Biosciences Inc-A	10.18	100.00%	Strong Buy	0%
LYRA	Lyra Therapeutics Inc	0.00			0%
ABAT	American Battery Technology	2.33	100.00%	Moderate Buy	0%
GLUE	Monte Rosa Therapeutics Inc	14.78	100.00%	Strong Buy	0%
ASPS	Altisource Portfolio Sol	5.59			0%
CNTY	Century Casinos Inc	1.26	100.00%	Moderate Buy	0%
TLS	Telos Corporation	4.43	50.00%	Moderate Buy	0%
IMMX	Immix Biopharma Inc	13.16	100.00%	Strong Buy	0%
ABEO	Abeona Therapeutics Inc	5.96	100.00%	Moderate Buy	0%
BVS	Bioventus Inc - A	14.33	100.00%	Strong Buy	0%
SLDB	Solid Biosciences Inc	9.10	100.00%	Strong Buy	0%
DLTH.US	Duluth Holdings Inc - Cl B	3.84			0%
STKS	One Group Hospitality Inc/Th	1.64	50.00%	Moderate Buy	0%
INTR	Inter & Co Inc - Cl A	5.20	100.00%	Moderate Buy	2.10%
BEEM	Beam Global	1.36	100.00%	Moderate Buy	0%
TCRX	Tscan Therapeutics Inc	0.78	83.33%	Strong Buy	0%
OPAL	Opal Fuels Inc-A	2.13	100.00%	Moderate Sell	0%
SURG	Surgepays Inc	0.17	100.00%	Moderate Buy	0%
CDT	CDT Equity Inc	2.90			0%
LTRX	Lantronix Inc	6.07	100.00%	Strong Buy	0%
DERM	Journey Medical Corp	7.49	100.00%	Moderate Buy	0%
GENK	Gen Restaurant Group Inc	1.74			0%
KALA	Kala Bio Inc	0.84			0%
BBCP	Concrete Pumping Holdings In	8.98	66.67%	Moderate Buy	0%
OBIO	Orchestra Biomed Holdings In	5.43	66.67%	Moderate Buy	0%
PESI	Perma-Fix Environmental Svcs	16.88	100.00%	Moderate Buy	0%
NPCE	Neuropace Inc	14.02	100.00%	Strong Buy	0%
LE	Lands End Inc	12.05	100.00%	Moderate Buy	0%
VIRC	Virco Mfg Corporation	5.89	100.00%	Hold	1.68%
MRAM	Everspin Technologies Inc	16.97	100.00%	Moderate Buy	0%
PLSE	Pulse Biosciences Inc	47.85	100.00%	Strong Buy	0%
MFIN	Medallion Financial Corp	11.45	100.00%	Hold	4.45%
THRD	Third Harmonic Bio Inc	5.37			0%
PCYO	Pure Cycle Corp	11.69			0%
USAR	USA Rare Earth Inc	17.11	100.00%	Strong Buy	0%
VINP	Vinci Partners Investments-A	9.33	100.00%	Moderate Buy	6.72%
HOVR	New Horizon Aircraft Ltd	1.84			0%
ISRLF	Israel Acquisitions Corp-A	12.50			0%
HSPOF	Horizon Space Acquisition I	11.99			0%
BDMD	Baird Medical Investment Holdings Limited	1.16			0%
AMCI	AMC Robotics Corp	4.90			0%
INV.US	Innventure Inc	1.50			0%
NUCL	Eagle Nuclear Energy Corp	7.38			0%
ISPR	Ispire Technology Inc	1.51	100.00%	Moderate Buy	0%
BULL	WeBull Corp	8.85	100.00%	Moderate Buy	0%
FRST	Primis Financial Corp	16.17	100.00%	Moderate Buy	2.48%
RENEF	Cartesian Growth Corp Ii- A	12.71			0%
BWB	Bridgewater Bancshares Inc	21.55	100.00%	Strong Buy	0%
IZM	Iczoom Group Inc -Class A	0.24			0%
GEOS	Geospace Technologies Corp	5.37			0%
OFS	Ofs Capital Corp	3.58			23.68%
SEZL	Sezzle Inc	117.42	57.14%	Moderate Buy	0%
QUIK	Quicklogic Corp	11.34	100.00%	Moderate Buy	0%
FBYD	Falcons Beyond Global Inc-A	10.65			0%
LWAY	Lifeway Foods Inc	25.91	100.00%	Moderate Buy	0%
XBP	Xbp Europe Holdings Inc	2.88	100.00%	Moderate Buy	0%
WHF	Whitehorse Finance Inc	7.02	100.00%	Moderate Sell	15.81%
ELTK	Eltek Ltd	8.10			0%
METCB	Ramaco Resources Inc-B	6.31			0%
SLN	Silence Therapeutics Plc	13.17	83.33%	Moderate Buy	0%
SAMG	Silvercrest Asset Manageme-A	9.82			8.37%
NATR	Natures Sunshine Prods Inc	14.32	100.00%	Moderate Buy	0%
PRAX	Praxis Precision Medicines I	364.58	88.89%	Strong Buy	0%
RBB	Rbb Bancorp	26.59	75.00%	Hold	2.40%
BCIC	BCP Investment Corp	7.65	100.00%	Hold	16.18%
SYRE	Spyre Therapeutics Inc	107.79	92.86%	Strong Buy	0%
FSTR	Foster (Lb) Co-A	37.95			0%
HBT	Hbt Financial Inc/De	35.46	66.67%	Moderate Buy	2.57%
GYRE	Gyre Therapeutics Inc	7.02	100.00%	Moderate Buy	0%
MVBF	Mvb Financial Corp	30.04	100.00%	Moderate Buy	2.23%
BCML	Baycom Corp	30.07	100.00%	Hold	3.83%
MCBS	Metrocity Bankshares Inc	35.50	100.00%	Hold	3.03%
CSPI	Csp Inc	7.43			1.59%
VLGEA	Village Super Market-Class A	43.14			2.27%
ZJYL	Jin Medical International Lt	3.03			0%
ESEA	Euroseas Ltd	75.02	100.00%	Strong Buy	3.93%
OVLY	Oak Valley Bancorp	34.11			2.17%
WEYS	Weyco Group Inc	44.90			2.45%
ALCO	Alico Inc	39.50	100.00%	Moderate Buy	0.50%
RCKY	Rocky Brands Inc	46.38	100.00%	Moderate Buy	1.36%
ATLC	Atlanticus Holdings Corp	93.66	100.00%	Strong Buy	0%
PFIS	Peoples Financial Services	70.22			3.54%
KRRO	Korro Bio Inc	12.96	87.50%	Strong Buy	0%
CLMB	Climb Global Solutions Inc	28.28	100.00%	Moderate Buy	0.15%
FRPH	Frp Holdings Inc	21.94			0%
ITIC	Investors Title Co	288.16			0.63%
CRWV	CoreWeave Inc	89.76	70.83%	Moderate Buy	0%
ETOR	eToro Group LTD	29.67	70.00%	Moderate Buy	0%
CHA	Chagee Holdings Limited	10.62	66.67%	Moderate Buy	0%
GLXY	Galaxy Digital	23.47	80.00%	Strong Buy	0%
BMR	Beamr Imaging Ltd	1.28			0%
CHYM	Chime Financial Inc	31.95	92.86%	Strong Buy	0%
SLDE	Slide Insurance Holdings Inc	22.52	83.33%	Strong Buy	0.31%
CAI	Caris Life Sciences Inc	24.58	66.67%	Moderate Buy	0%
SAGE CVR	Sage CVR delisting	0.00			0%
EIKN	Eikon Therapeutics, Inc	10.75	100.00%	Strong Buy	0%
RUBI	Rubico Inc	1.82			0%
APLT.CVR	APLT Merger CVR	0.00			0%
BBBYW	Neighborhood Intelligence Incorporation Warrant	0.45			0%
MRSN CVR	MRSN Merger CVR	0.00			0%
CVR GBIO	Generation Bio Co CVR	0.00			0%
ETNB CVR	ETNB CVR Merger	0.00			0%
VERV US CVR	VERV US merger CVR	0.00			0%
NSTGQ CVR-Escrow	Nanostring Technologies CVR-Escrow	0.00			0%
CKPT CVR	CKPT CVR delisting	0.00			0%
OMDA	Omada Health Inc	23.71	100.00%	Strong Buy	0%
WIMI	WIMI Hologram Cloud In	1.33			0%
RBNE	Robin Energy Ltd	2.91			0%
GLIBK	GCI Liberty Inc	25.51			0%
GLIBA	Liberty Capital Corp	26.12			0%
XXI	Twenty One Capital Inc	6.19			0%
NXTT	Next Technology Holding Inc	8.00			0%
HOLO	Microcloud Hologram	1.77			0%
NA	Nano Labs Ltd	1.92	100.00%	Hold	0%
CORZ	Core Scientific	18.39	100.00%	Strong Buy	0%
ALAB	Astera Labs Inc	290.52	68.75%	Moderate Buy	0%
SBET	SharpLink Inc	7.59	100.00%	Strong Buy	0%
QUBT	Quantum Computing Inc	8.14	60.00%	Moderate Buy	0%
TLN	Talen Energy Corp	316.99	81.82%	Strong Buy	0%
FLY	Firefly Aerospace Inc	23.63	62.50%	Moderate Buy	0%
TTAN	ServiceTitan Inc	92.57	86.67%	Strong Buy	0%
HTFL	Heartflow Inc	46.80	88.89%	Strong Buy	0%
AEVA	Aeva Technologies Inc	18.87	75.00%	Strong Buy	0%
PSIX	Power Solutions International Inc	36.30	100.00%	Moderate Buy	0%
LX	Lexinfintech Holdings Ltd	1.34			28.72%
DGICA	Donegal Group Inc	18.67	100.00%	Hold	4.02%
NUTX	Nutex Health Inc	188.54	100.00%	Strong Buy	0%
KSPI	Kaspi.kz	103.70	50.00%	Moderate Buy	1.65%
WBA US CVR	WBA US merger CVR	0.00			0%
HLVX US CVR	HLVX US merger CVR	0.00			0%
SCPH CVR	SCPH CVR Merger	0.00			0%
EPIX CVR	EPIX CVR Merger	0.00			0%
TONX	TON Strategy Co	2.84			0%
ELVR	Sayona Mining Ltd	61.56			0%
LGN	Legence Corp	60.08	90.91%	Strong Buy	0%
GEMI	Gemini Space Station Inc	4.14	37.50%	Hold	0%
FIGR	Figure Technology Solutions Inc	36.06	85.71%	Moderate Buy	0%
CWD	CaliberCos Inc	0.53			0%
ORBS	Eightco Holdings Inc	0.83			0%
NTSK	Netskope, Inc	14.38	86.67%	Strong Buy	0%
PTRN	Pattern Group Inc	20.04	88.89%	Strong Buy	0%
SOLS	Solstice Advanced Materi	56.56	83.33%	Strong Buy	0.27%
FRMI	Fermi Inc	5.97	60.00%	Moderate Buy	0%
SLMT	Brera Holdings PLC	4.21			0%
UROY	Uranium Royalty Corp	4.15	100.00%	Moderate Buy	0%
ONDS	Ondas Inc	8.38	100.00%	Strong Buy	0%
NNE	Nano Nuclear Energy Inc	18.23	66.67%	Moderate Buy	0%
RR	Richtech Robotics Inc	1.60			0%
RCAT	Red Cat Holdings Inc	9.53	100.00%	Strong Buy	0%
SERV	Serve Robotics Inc	4.74	80.00%	Strong Buy	0%
IXHL	Incannex Healthcare Inc	3.62	100.00%	Moderate Buy	0%
FRMM	Forum Markets Inc	5.85	100.00%	Moderate Buy	0%
DFDV	DeFi Development Corp	3.77	100.00%	Moderate Buy	0%
MFP	Midera Food Processing Inc	48.96	100.00%	Moderate Buy	0%
DVLT	Datavault AI Inc	0.32	100.00%	Moderate Buy	0%
NAVN	Navan, Inc	28.56	100.00%	Strong Buy	0%
BLLN	BillionToOne, Inc.	95.27	85.71%	Strong Buy	0%
LIDR	AEye Inc	1.26	100.00%	Moderate Buy	0%
TSSI	TSS Inc	8.79	100.00%	Moderate Buy	0%
UPXI	Upexi Inc	0.93			0%
WLDS	Wearable Devices Ltd	2.53			0%
AIFC	AI Financial Corp	0.59			0%
ASPI	ASP Isotopes Inc	3.95			0%
LAES	Sealsq Corp	2.50			0%
BTCS	BTCS Inc	1.31			0%
IPDN	Professional Diversity Network Inc	0.20			0%
FFAI	Faraday Future Intelligent Electric Inc	3.24			0%
GRRR	Gorilla Technology Group Inc	15.25	100.00%	Strong Buy	0%
CNTN	Canton Strategic Holdings Inc	2.21			0%
SNGX	Soligenix Inc	0.38	100.00%	Moderate Buy	0%
WYFI	WhiteFiber Inc	21.16	83.33%	Strong Buy	0%
AGMH	AGM Group Holdings Inc	1.06			0%
ABTC	American Bitcoin Corp	8.47	100.00%	Moderate Buy	0%
DFLI	Dragonfly Energy Holdings Corp	1.13	100.00%	Moderate Buy	0%
LTBR	Lightbridge Corp	7.70			0%
HWH	HWH International Inc	2.19			0%
DMRA	Damora Therapeutics Inc	30.31	100.00%	Strong Buy	0%
NIKI	Niki BioSolutions Inc	8.20			0%
ATYR	aTyr Pharma Inc	0.50	80.00%	Hold	0%
INHD	Inno Holdings Inc	7.39			0%
POET	POET Technologies Inc	8.27			0%
XPON	Expion360 Inc	3.61			0%
TRON	TRON Inc	1.87			0%
SPRC	Scisparc Ltd	6.63			0%
SPRB	Spruce Biosciences Inc	51.98	100.00%	Strong Buy	0%
BNC	CEA Industries Inc	2.70			0%
AIRE	reAlpha Tech Corp	1.43			0%
VANI	Vivani Medical, Inc	1.40	100.00%	Strong Buy	0%
AKRO.CVR	AKRO.CVR	0.00			0%
ADVM CVR	ADVM CVR	0.00			0%
ARQQ	Arqit Quantum Inc	20.94			0%
MWH	SOLV Energy, Inc	28.92	100.00%	Strong Buy	0%
APC	ARKO Petroleum Corp	18.76	66.67%	Moderate Buy	0%
CLRS	Clear Street Group Inc	44.00			0%
AGMB	AgomAb Therapeutics NV	13.43	100.00%	Strong Buy	0%
LFTO	Liftoff Mobile, Inc	18.36	92.86%	Strong Buy	0%
AKTS	Aktis Oncology Inc	24.00	100.00%	Strong Buy	0%
LMRI	Lumexa Imaging Holdings, Inc	11.68	100.00%	Strong Buy	0%
WLTH	Wealthfront Corporation	9.16	60.00%	Moderate Buy	0%
MDLN	Medline Inc	32.58	90.00%	Strong Buy	0%
UPB	Upstream Bio Inc	6.85	83.33%	Strong Buy	0%
ZBIO	Zenas Biopharma Inc	31.62	75.00%	Strong Buy	0%
HYMC	Hycroft Mining Holding Corporation	26.14	100.00%	Moderate Buy	0%
NAGE	Niagen Bioscience Inc	3.15	100.00%	Strong Buy	0%
APEI	American Public Education Inc	44.38	83.33%	Strong Buy	0%
GLOO	Gloo Holdings Inc	3.41	100.00%	Strong Buy	0%
FWDI	Forward Industries Inc	5.02	100.00%	Moderate Buy	0%
CTMX	CytomX Therapeutics Inc	3.29	100.00%	Strong Buy	0%
RZLT	Rezolute Inc	4.66	87.50%	Strong Buy	0%
WSHP	WeShop Holdings Ltd	4.63			0%
PVLA	Palvella Therapeutics Inc	142.58	100.00%	Strong Buy	0%
MAZE	Maze Therapeutics Inc	28.93	100.00%	Strong Buy	0%
KYIV	Kyivstar Group Ltd	12.82	75.00%	Strong Buy	0%
POM	PomDoctor Ltd	1.02			0%
AVAH	Aveanna Healthcare Holdings Inc	12.97	71.43%	Moderate Buy	0%
AUGO	Aura Minerals Inc	86.69	100.00%	Moderate Buy	0%
BRCB	Black Rock Coffee Bar Inc	8.64	66.67%	Moderate Buy	0%
SUPX	SuperX AI Technology Ltd	6.80			0%
BBNX	Beta Bionics Inc	19.48	77.78%	Strong Buy	0%
TRVI	Trevi Therapeutics Inc	18.25	100.00%	Strong Buy	0%
RAPP	Rapport Therapeutics Inc	47.85	100.00%	Strong Buy	0%
MBX	MBX Biosciences Inc	66.35	100.00%	Strong Buy	0%
LENZ	LENZ Therapeutics Inc	4.66	66.67%	Moderate Buy	0%
IMSR	Terrestrial Energy Inc	5.27	100.00%	Moderate Buy	0%
BETR	Better Home & Finance Holding Co	11.60	83.33%	Strong Buy	0%
SAIL	SailPoint Inc	18.51	75.00%	Strong Buy	0%
NB	NioCorp Developments Ltd	4.29	100.00%	Strong Buy	0%
INDV	Indivior Pharmaceuticals Inc	37.78	100.00%	Strong Buy	0%
RZLV	Rezolve AI PLC	2.47	100.00%	Moderate Buy	0%
ABVX	Abivax SA	118.19	91.67%	Strong Buy	0%
ASST	Strive Inc	16.13	100.00%	Strong Buy	0%
PONY	Pony AI Inc	7.75	80.00%	Strong Buy	0%
CRML	Critical Metals Corp	5.80	75.00%	Strong Buy	0%
VSNT	VERSANT MEDIA GROUP INC	38.62	100.00%	Hold	0%
TSLA.24-7	Tesla 24/7	361.95			0%
LIFE	Ethos Technologies Inc	33.52	100.00%	Strong Buy	0%
PICS	PicS N.V.	10.05	100.00%	Strong Buy	0%
EQPT	EquipmentShare.com Inc	18.27	50.00%	Moderate Buy	0%
OPENL	Warrant of Opendoor Technologies Inc	0.13			0%
OPENZ	Warrant of Opendoor Technologies Inc	0.13			0%
OPENW	Warrant of Opendoor Technologies Inc	0.22			0%
CAE	Cae Inc	24.99	66.67%	Moderate Buy	0%
CGON	CG Oncology Inc	77.61	90.91%	Strong Buy	0%
MENS	Jyong Biotech Ltd	2.16			0%
MEOH	Methanex Corp	58.71	75.00%	Strong Buy	0%
ESLT	Elbit Systems Ltd	743.67	75.00%	Hold	0%
FSV	FirstService Corp	143.45	83.33%	Strong Buy	0%
LIF	Life360 Inc	45.82	85.71%	Strong Buy	0%
OTEX	Open Text Corp	24.60	85.71%	Hold	0%
LINE	Lineage Inc	41.46	57.14%	Hold	0%
CIGI	Colliers International Group Inc	106.70	75.00%	Strong Buy	0%
SKHY	SK hynix Inc ADR	163.08	100.00%	Strong Buy	0%
DSGX	Descartes Systems Group Inc	77.83	85.71%	Strong Buy	0%
DOO	BRP Inc	66.79	54.55%	Moderate Buy	0%
RGC	Regencell Bioscience Holdings Ltd	5.44			0%
BTSG	Brightspring Health Services Inc	59.53	100.00%	Strong Buy	0%
NYAX	Nayax Ltd	47.38	66.67%	Moderate Buy	0%
WGS	GeneDx Holdings Corp	82.55	100.00%	Strong Buy	0%
PPTA	Perpetua Resources Corp	25.05	100.00%	Strong Buy	0%
NNNN	Anbio Biotechnology	7.33			0%
DGNX	Diginex Ltd	1.23			0%
DNTH	Dianthus Therapeutics Inc	109.51	100.00%	Strong Buy	0%
SION	Sionna Therapeutics Inc	5.52	90.91%	Hold	0%
WLFC	Willis Lease Finance Corp	54.18			0%
SHAZ	SharonAI Holdings Inc	60.85	100.00%	Strong Buy	0%
ALLT.US	Allot Ltd	7.45			0%
TMCR	Metals Royalty Company Inc	6.01			0%
HQ	Horizon Quantum Holdings Ltd	17.40	100.00%	Moderate Buy	0%
EMAT	Evolution Metals & Technologies Corp	3.33	100.00%	Moderate Buy	0%
FUFU	BitFuFu Inc	1.45			0%
BRAI	Braiin Ltd	5.62	100.00%	Moderate Buy	0%
GIX	GigCapital9 Corp	9.99			0%
IEAG	Infinite Eagle Acquisition Corp	10.26			0%
PBLS	Parabilis Medicines	39.58	100.00%	Strong Buy	0%
FRBT	Forbright, Inc.	19.02	66.67%	Moderate Buy	0%
CVR.AVDL	Avadel Pharmaceuticals CVR	0.00			0%
JAGX.PFD	Jaguar Health/PFD Contra Stock	0.00			0%
HOLX.CVR	HOLX Merger CVR	0.00			0%
ACLX.CVR	ACLX Merger CVR	0.00			0%
SGP	SpyGlass Pharma Inc	26.23	100.00%	Moderate Buy	0%
APLS.CVR	APLS Merger CVR	0.00			0%
CNTA.CVR	CNTA Merger CVR	0.00			0%
ESPR CVR	ESPERION THERAPEUTICS-CVR	0.00			0%
XOMA.CVR	XOMA Merger CVR	0.00			0%
GENB	Generate Biomedicines, Inc	15.99	100.00%	Strong Buy	0%
TKVA	Salspera Inc	16.00			0%
CAST	FreeCast, Inc	1.87			0%
MMED	MiniMed Group, Inc	20.18	91.67%	Strong Buy	0%
RNA	Atrium Therapeutics Inc	13.45	100.00%	Strong Buy	0%
PAYP	PayPay Corporation	14.27	85.71%	Strong Buy	0%
HMH	HMH Holding Inc.	20.23	100.00%	Strong Buy	0%
ARXS	Arxis, Inc	53.70	87.50%	Strong Buy	0%
SWMR	Swarmer Inc	45.91			0%
ALMR	Alamar Biosciences, Inc	34.64	75.00%	Strong Buy	0%
KLRA	Kailera Therapeutics, Inc	17.46	100.00%	Strong Buy	0%
YSWY	Yesway, Inc	24.62	57.14%	Moderate Buy	0%
NHP	National Healthcare Properties, Inc	17.07	66.67%	Moderate Buy	0%
XE	X-Energy, Inc	18.29	100.00%	Strong Buy	0%
ELMT	The Elmet Group Co	16.67	100.00%	Strong Buy	0%
AVLN	Avalyn Pharma Inc	37.13	100.00%	Strong Buy	0%
COAG	Hemab Therapeutics Holdings, Inc	48.20	100.00%	Strong Buy	0%
SPTX	Seaport Therapeutics, Inc	24.04	83.33%	Strong Buy	0%
MAKO	Mako Mining Corp.	10.50	100.00%	Moderate Buy	0%
SUJA	Suja Life, Inc	7.50	60.00%	Moderate Buy	0%
MOBI	Mobia Medical, Inc	10.95	100.00%	Strong Buy	0%
ODTX	Odyssey Therapeutics, Inc	24.67	100.00%	Strong Buy	0%
FRVO	Fervo Energy Co	17.00	100.00%	Strong Buy	0%
XRXDW	Xerox Holdings Corp Warrant	0.30			0%
CBRS	Cerebras Systems, Inc	209.85	100.00%	Strong Buy	0%
WSE	Wise Group Plc	12.52	75.00%	Moderate Buy	0%
MWC	Micware Co. Ltd	1.57			0%
STRF	Strategy Prf F (Strife 10%)	97.65			0%
STRC	Strategy Prf A (Stretch var.)	95.25			0%
STRK.US	Strategy Prf (Strike 8%)	69.71			0%
STRD	Strategy Prf D (Stride 10%)	70.80			0%
SPCX	Space Exploration Technologies Corp	134.00	72.73%	Moderate Buy	0%
FISN	Deep Fission, Inc	7.77	100.00%	Strong Buy	0%
INIO	INNIO Group Holding GmbH	23.00	80.00%	Strong Buy	0%
QNT.US	Quantinuum	54.90			0%
SPCX.24-7	Space Exploration Technologies Corp 24/7	134.84			0%
TRAX	First Tracks Biotherapeutics Inc	41.85	100.00%	Strong Buy	0%
ORKA	Oruka Therapeutics Inc	104.86	100.00%	Strong Buy	0%
ALMS	Alumis Inc	22.86	83.33%	Strong Buy	0%
BOT	Robostrategy Inc	28.41			0%
LILAP	Liberty Latin American "preferred stock"	20.00			0%
HONA	Honeywell Aerospace Inc	165.89	61.54%	Moderate Buy	0%
MBGL	Mobility Global Inc -W	20.20	66.67%	Moderate Buy	0%
LIME	Neutron Holdings, Inc	42.03	100.00%	Strong Buy	0%
ITG	ITG, Inc	12.53	100.00%	Strong Buy	0%
KARD	Kardigan, Inc	20.26	100.00%	Strong Buy	0%
BSP	Bending Spoons S.p.A	39.93	55.56%	Moderate Buy	0%
APMD	Apnimed Inc	28.39			0%
VOGX	Vogenx	23.30			0%
BRVE	Braveheart Bio, Inc.	27.13			0%
ATTO	Attovia Therapeutics, Inc.	20.27			0%
BLSM	BlossomHill Therapeutics, Inc	15.64			0%
LTGO	Latigo Biotherapeutics, Inc	21.41			0%
