TICKER	NAME	EXCHANGE
VOD	Vodafone Group plc-ADR	NASDAQ
LBRDA	Liberty Broadband Corporation	NASDAQ
VERU	Veru Inc	NASDAQ
SIGA	SIGA Technologies, Inc	NASDAQ
RYAAY	Ryanair Holdings plc-ADR	NASDAQ
JD.US	JD.com-ADR	NASDAQ
XOS	XOS Inc	NASDAQ
MOMO	Hello Group Inc-ADR	NASDAQ
AVT.US	Avnet Inc	NASDAQ
XRX	Xerox Corp	NASDAQ
IEP	Icahn Enterprises LP	NASDAQ
ROST	Ross Stores Inc	NASDAQ
REGN	Regeneron Pharmaceuticals Inc	NASDAQ
PETS.US	PetMed Express	NASDAQ
BATRK	Atlanta Braves Holdings IN-C	NASDAQ
GMAB.US	Genmab A/S -ADR	NASDAQ
NXT.US	Nextpower Inc	NASDAQ
TOP.US	Top Financial Group LTD	NASDAQ
UHAL.B	U-Haul Holding Co	NASDAQ
TORO	Toro Corp	NASDAQ
LLYVA	Liberty Live Holdings Inc-A	NASDAQ
CXAI	CXApp Inc	NASDAQ
ROP	Roper Technologies Inc	NASDAQ
XRAY	Dentsply Sirona Inc.	NASDAQ
ADI.US	Analog Devices Inc	NASDAQ
ROKU	Roku Inc	NASDAQ
NIU	Niu Technologies-ADR	NASDAQ
RPAY	Repay Holdings Corp	NASDAQ
LLYVK	Liberty Live Holdings Inc-C	NASDAQ
MIDD.US	Middleby Corp	NASDAQ
JOUT	Johnson Outdoors Inc.	NASDAQ
RUN	Sunrun Inc.	NASDAQ
WW	Weight Watchers International Inc.	NASDAQ
FLWS	1 800 FLOWERS COM	NASDAQ
JFU	9F Inc-ADR	NASDAQ
BZUN	Baozun Inc-ADR	NASDAQ
REG	Regency Centers Corp	NASDAQ
LPSN	LivePerson Inc	NASDAQ
RGEN	Repligen Corp	NASDAQ
AVXL	Anavex Life Sciences Corp	NASDAQ
FABC	FabricAI Inc	NASDAQ
CTRM	Castor Maritime Inc	NASDAQ
EGAN	eGain Corp	NASDAQ
FRSX	Foresight Autonomous Holdings Ltd-ADR	NASDAQ
TOON	Kartoon Studios Inc	NASDAQ
IZEA	IZEA Worldwide Inc	NASDAQ
NEGG	Newegg Commerce Inc	NASDAQ
CENN	Cenntro Inc	NASDAQ
NNDM	Nano Dimension Ltd-ADR	NASDAQ
PHUN	Phunware Inc	NASDAQ
RIOT	Riot Platforms Inc	NASDAQ
UONE	Urban One Inc	NASDAQ
VXRT	Vaxart Inc	NASDAQ
ALT.US	Altimmune Inc	NASDAQ
MVIS	MicroVision Inc	NASDAQ
RPD	Rapid7 Inc	NASDAQ
CAKE.US	The Cheesecake Factory Inc	NASDAQ
ERIC	Telefonaktiebolaget LM Ericsson ADR	NASDAQ
KNDI	Kandi Technologies Group Inc	NASDAQ
PSEC	Prospect Capital Corp	NASDAQ
REAL	RealReal Inc	NASDAQ
RIGL	Rigel Pharmaceuticals Inc	NASDAQ
RPRX	Royalty Pharma PLC	NASDAQ
RRGB	Red Robin Gourmet Burgers Inc	NASDAQ
RRR	Red Rock Resorts Inc	NASDAQ
RVMD	REVOLUTION Medicines Inc	NASDAQ
XNET	Xunlei Ltd-ADR	NASDAQ
XP	XP Inc	NASDAQ
ASTE	Astec Industries Inc	NASDAQ
WRLD	World Acceptance Corporation	NASDAQ
ROOT	Root Inc	NASDAQ
NVEC	NVE Corporation	NASDAQ
LWLG	Lightwave Logic Inc	NASDAQ
NEWT.US	Newtekone Inc	NASDAQ
FNGR	Fingermotion Inc	NASDAQ
RNW	ReNew Energy Global Plc	NASDAQ
DASH.US	DoorDash Inc	NASDAQ
LESL	Leslie's Inc	NASDAQ
RENT	Rent the Runway	NASDAQ
BIRD	Smartbird Inc	NASDAQ
DJT	Trump Media &amp; Technology Group	NASDAQ
BGDE	Big Digital Energy Inc	NASDAQ
CENTA	Central Garden &amp; Pet Company	NASDAQ
VRM	Vroom Inc	NASDAQ
FOX.US	Fox Corporation	NASDAQ
RGLD	Royal Gold Inc.	NASDAQ
NFE	New Fortress Energy Inc.	NASDAQ
NEO.US	NeoGenomics Inc.	NASDAQ
FRHC	Freedom Holding Corp.	NASDAQ
AMBR	Amber International Holding Lt	NASDAQ
LGIH	LGI Homes Inc.	NASDAQ
RKLB	Rocket Lab Corp	NASDAQ
RARE.US	Ultragenyx Pharmaceutical Inc.	NASDAQ
RLAY	Relay Therapeutics Inc.	NASDAQ
SBLK	Star Bulk Carriers Corp.	NASDAQ
IRWD	Ironwood Pharmaceuticals Inc.	NASDAQ
BAND.US	Bandwidth Inc.	NASDAQ
HYFM	Hydrofarm Holdings Group Inc.	NASDAQ
ORGN	Origin Materials Inc	NASDAQ
RIVN	Rivian Automotive	NASDAQ
LPLA.US	LPL Financial Holdings Inc	NASDAQ
RMBS	Rambus Inc	NASDAQ
RXRX	Recursion Pharmaceuticals Inc	NASDAQ
ERIE	Erie Indemnity Company	NASDAQ
ROIV	Roivant Sciences Ltd	NASDAQ
NSIT.US	Insight Enterprises Inc	NASDAQ
COKE	Coca-Cola Consolidated Inc	NASDAQ
RELY	Remitly Global Inc	NASDAQ
RDNT	Radnet Inc	NASDAQ
UFPT	UFP Technologies Inc	NASDAQ
PCT.US	PureCycle Technologies Inc	NASDAQ
NWS	News Corporation	NASDAQ
CCC.US	CCC Intelligent Solutions Holdings Inc	NASDAQ
OTTR	Otter Tail Corporation	NASDAQ
RXST	Rxsight Inc	NASDAQ
RILY	BRC Group Holdings Inc	NASDAQ
EMBC	Embecta Corp	NASDAQ
XENE	Xenon Pharmaceuticals Inc	NASDAQ
MLKN	Millerknoll Inc	NASDAQ
REPL	Replimune Group Inc	NASDAQ
XMTR	Xometry Inc	NASDAQ
ROCK	Gibraltar Industries Inc	NASDAQ
XPEL	Xpel Inc	NASDAQ
RUM	RUM Group Inc	NASDAQ
GTX.US	Garrett Motion Inc	NASDAQ
ATAT	Atour Lifestyle Holdings Limited	NASDAQ
RUSHA	Rush Enterprises Inc	NASDAQ
IBOC	International Bancshares Corporation	NASDAQ
OM.US	Outset Medical Inc	NASDAQ
ROAD	Construction Partners Inc	NASDAQ
ZUMZ	Zumiez Inc	NASDAQ
REYN	Reynolds Consumer Products Inc	NASDAQ
CRVL	CorVel Corporation	NASDAQ
XNCR	Xencor Inc	NASDAQ
GRFS	Grifols SA	NASDAQ
CRMT	Americas Car-Mart Inc	NASDAQ
SHOE	Shoe Station Group Inc	NASDAQ
PLUS	ePlus Inc	NASDAQ
RGNX	REGENXBIO Inc	NASDAQ
IMKTA	Ingles Markets Incorporated	NASDAQ
HPK	HighPeak Energy Inc	NASDAQ
TTEC	Ttec Holdings In	NASDAQ
PAX	Patria Investments Limited	NASDAQ
IQ.US	iQIYI Inc	NASDAQ
RUSHB.US	Rush Enterprises Inc	NASDAQ
MNTK	Montauk Renewables Inc	NASDAQ
CNXN	PC Connection Inc	NASDAQ
ECX	ECARX Holdings Inc	NASDAQ
IESC	IES Holdings Inc	NASDAQ
USLM	United States Lime &amp; Minerals Inc	NASDAQ
SAFT	Safety Insurance Group Inc	NASDAQ
RBCAA	Republic Bancorp Inc	NASDAQ
LNZA	LanzaTech Global Inc	NASDAQ
OFLX	Omega Flex Inc	NASDAQ
RMR	The RMR Group Inc	NASDAQ
BIOX	Bioceres Crop Solutions Corp	NASDAQ
KELYA.US	Kelly Services Inc	NASDAQ
RDWR	Radware Ltd	NASDAQ
FCBC	First Community Bankshares Inc	NASDAQ
TIPT	Tiptree Inc	NASDAQ
YORW.US	The York Water Company	NASDAQ
SFWL	Shengfeng Development Limited	NASDAQ
FORR	Forrester Research Inc	NASDAQ
RICK	RCI Hospitality Holdings Inc	NASDAQ
RWAY	Runway Growth Finance Corp	NASDAQ
TRST	TrustCo Bank Corp NY	NASDAQ
ATNI	ATN International Inc	NASDAQ
RGP	Resources Connection Inc	NASDAQ
CRESY	Cresud Sociedad Anónima Comercial Inmobiliaria Financiera y Agropecuaria CRESY	NASDAQ
GLRE	Greenlight Capital Re Ltd	NASDAQ
GAIN	Gladstone Investment Corporation	NASDAQ
LEGH	Legacy Housing Corporation	NASDAQ
PAHC	Phibro Animal Health Corporation	NASDAQ
GRVY	Gravity Co Ltd	NASDAQ
ARTNA	Artesian Resources Corporation	NASDAQ
DJCO	Daily Journal Corporation	NASDAQ
LOT	Lotus Technology Inc	NASDAQ
HIFS	Hingham Institution for Savings	NASDAQ
ONEW	OneWater Marine Inc	NASDAQ
MTLS	Materialise NV	NASDAQ
SPOK	Spok Holdings Inc	NASDAQ
IBEX	IBEX Limited	NASDAQ
UTMD	Utah Medical Products Inc	NASDAQ
NWPX.US	Northwest Pipe Company	NASDAQ
PRLH	Pearl Holdings Acquisition Corp	NASDAQ
REFI	Chicago Atlantic Real Estate Finance Inc	NASDAQ
NATH	Nathans Famous Inc	NASDAQ
LMNR.US	Limoneira Company	NASDAQ
FDBC	Fidelity D &amp; D Bancorp Inc	NASDAQ
OBT	Orange County Bancorp Inc	NASDAQ
CZFS	Citizens Financial Services Inc	NASDAQ
AUDC.US	AudioCodes Ltd	NASDAQ
TSBK	Timberland Bancorp Inc	NASDAQ
ATLX	Atlas Lithium Corporation	NASDAQ
AFCG	AFC Gamma Inc	NASDAQ
WSBF	Waterstone Financial Inc	NASDAQ
PDLB	Ponce Financial Group Inc	NASDAQ
TCX	Tucows Inc	NASDAQ
HOFT	Hooker Furnishings Corporation	NASDAQ
KLXE	KLX Energy Services Holdings Inc	NASDAQ
ATOM.US	Atomera Incorporated	NASDAQ
VABK	Virginia National Bankshares Corporation	NASDAQ
RGCO	RGC Resources Inc	NASDAQ
RELL	Richardson Electronics Ltd	NASDAQ
RCMT	RCM Technologies Inc	NASDAQ
STHO	Star Holdings	NASDAQ
NKSH	National Bankshares Inc	NASDAQ
CMBMF	Cambium Networks Corporation	NASDAQ
ULBI	Ultralife Corporation	NASDAQ
RDNW	RideNow Group Inc	NASDAQ
RAIN	Rain Enhancement Technologies Holdco Inc	NASDAQ
HPAI	Helport AI Limited	NASDAQ
CURR	Currenc Group Inc	NASDAQ
RGTI	Rigetti Computing Inc	NASDAQ
MTC	Mmtec Inc	NASDAQ
HRTX	Heron Therapeutics Inc	NASDAQ
RXT	Rackspace Technology Inc	NASDAQ
BIVI	Biovie Inc	NASDAQ
XERS	Xeris Biopharma Holdings Inc	NASDAQ
REKR	Rekor Systems Inc	NASDAQ
MNY	Moneyhero Ltd-A	NASDAQ
HOWL	Werewolf Therapeutics Inc	NASDAQ
MSPR	Msp Recovery Inc	NASDAQ
TPST	Tempest Therapeutics Inc	NASDAQ
BTAI	Bioxcel Therapeutics Inc	NASDAQ
BNKK	Bonk Inc	NASDAQ
OPTX	Syntec Optics Holdings Inc	NASDAQ
CCG	Cheche Group Inc	NASDAQ
KIDZ	KIDZ AI Inc	NASDAQ
DRCT	Direct Digital Holdings In-A	NASDAQ
PRPL	Purple Innovation Inc	NASDAQ
BCAB	Bioatla Inc	NASDAQ
HEPS	D-Market Elektronik Hizmetler Ve Ticaret As	NASDAQ
RMTI	Rockwell Medical Inc	NASDAQ
LAB	Standard Biotool	NASDAQ
AERT	Aeries Technology Inc	NASDAQ
MYPS	Playstudios Inc	NASDAQ
GGR	Gogoro Inc	NASDAQ
CARM	Carisma Therapeutics Inc	NASDAQ
RLMD	Relmada Therapeutics Inc	NASDAQ
MKTW	Marketwise Inc	NASDAQ
SJ	Scienjoy Holding Corp-A	NASDAQ
RDZN	Roadzen Inc	NASDAQ
OXSQ	Oxford Square Capital Corp	NASDAQ
GSIT	Gsi Technology Inc	NASDAQ
CUE	Cue Biopharma Inc	NASDAQ
RMNI	Rimini Street Inc	NASDAQ
LNAI	Lunai Bioworks Inc	NASDAQ
LYRA	Lyra Therapeutics Inc	NASDAQ
ASPS	Altisource Portfolio Sol	NASDAQ
DLTH.US	Duluth Holdings Inc - Cl B	NASDAQ
GENK	Gen Restaurant Group Inc	NASDAQ
KALA	Kala Bio Inc	NASDAQ
PCYO	Pure Cycle Corp	NASDAQ
HOVR	New Horizon Aircraft Ltd	NASDAQ
ISRLF	Israel Acquisitions Corp-A	NASDAQ
HSPOF	Horizon Space Acquisition I	NASDAQ
BDMD	Baird Medical Investment Holdings Limited	NASDAQ
AMCI	AMC Robotics Corp	NASDAQ
INV.US	Innventure Inc	NASDAQ
NUCL	Eagle Nuclear Energy Corp	NASDAQ
IZM	Iczoom Group Inc -Class A	NASDAQ
GEOS	Geospace Technologies Corp	NASDAQ
OFS	Ofs Capital Corp	NASDAQ
FBYD	Falcons Beyond Global Inc-A	NASDAQ
ELTK	Eltek Ltd	NASDAQ
METCB	Ramaco Resources Inc-B	NASDAQ
SAMG	Silvercrest Asset Manageme-A	NASDAQ
FSTR	Foster (Lb) Co-A	NASDAQ
CSPI	Csp Inc	NASDAQ
VLGEA	Village Super Market-Class A	NASDAQ
ZJYL	Jin Medical International Lt	NASDAQ
OVLY	Oak Valley Bancorp	NASDAQ
WEYS	Weyco Group Inc	NASDAQ
PFIS	Peoples Financial Services	NASDAQ
FRPH	Frp Holdings Inc	NASDAQ
ITIC	Investors Title Co	NASDAQ
BMR	Beamr Imaging Ltd	NASDAQ
RUBI	Rubico Inc	NASDAQ
GLIBK	GCI Liberty Inc	NASDAQ
GLIBA	Liberty Capital Corp	NASDAQ
XXI	Twenty One Capital Inc	NASDAQ
NXTT	Next Technology Holding Inc	NASDAQ
NA	Nano Labs Ltd	NASDAQ
LX	Lexinfintech Holdings Ltd	NASDAQ
TONX	TON Strategy Co	NASDAQ
ELVR	Sayona Mining Ltd	NASDAQ
CWD	CaliberCos Inc	NASDAQ
ORBS	Eightco Holdings Inc	NASDAQ
SLMT	Brera Holdings PLC	NASDAQ
RR	Richtech Robotics Inc	NASDAQ
UPXI	Upexi Inc	NASDAQ
WLDS	Wearable Devices Ltd	NASDAQ
AIFC	AI Financial Corp	NASDAQ
ASPI	ASP Isotopes Inc	NASDAQ
LAES	Sealsq Corp	NASDAQ
BTCS	BTCS Inc	NASDAQ
IPDN	Professional Diversity Network Inc	NASDAQ
CNTN	Canton Strategic Holdings Inc	NASDAQ
AGMH	AGM Group Holdings Inc	NASDAQ
LTBR	Lightbridge Corp	NASDAQ
HWH	HWH International Inc	NASDAQ
NIKI	Niki BioSolutions Inc	NASDAQ
POET	POET Technologies Inc	NASDAQ
XPON	Expion360 Inc	NASDAQ
TRON	TRON Inc	NASDAQ
SPRC	Scisparc Ltd	NASDAQ
BNC	CEA Industries Inc	NASDAQ
AIRE	reAlpha Tech Corp	NASDAQ
ARQQ	Arqit Quantum Inc	NASDAQ
RZLT	Rezolute Inc	NASDAQ
WSHP	WeShop Holdings Ltd	NASDAQ
POM	PomDoctor Ltd	NASDAQ
SUPX	SuperX AI Technology Ltd	NASDAQ
RZLV	Rezolve AI PLC	NASDAQ
RGC	Regencell Bioscience Holdings Ltd	NASDAQ
NNNN	Anbio Biotechnology	NASDAQ
DGNX	Diginex Ltd	NASDAQ
WLFC	Willis Lease Finance Corp	NASDAQ
ALLT.US	Allot Ltd	NASDAQ
TMCR	Metals Royalty Company Inc	NASDAQ
FUFU	BitFuFu Inc	NASDAQ
GIX	GigCapital9 Corp	NASDAQ
IEAG	Infinite Eagle Acquisition Corp	NASDAQ
CAST	FreeCast, Inc	NASDAQ
SWMR	Swarmer Inc	NASDAQ
MWC	Micware Co. Ltd	NASDAQ
STRF	Strategy Prf F (Strife 10%)	NASDAQ
STRC	Strategy Prf A (Stretch var.)	NASDAQ
STRK.US	Strategy Prf (Strike 8%)	NASDAQ
STRD	Strategy Prf D (Stride 10%)	NASDAQ
QNT.US	Quantinuum	NASDAQ
BOT	Robostrategy Inc	NASDAQ
APMD	Apnimed Inc	NASDAQ
VOGX	Vogenx	NASDAQ
BRVE	Braveheart Bio, Inc.	NASDAQ
ATTO	Attovia Therapeutics, Inc.	NASDAQ
BLSM	BlossomHill Therapeutics, Inc	NASDAQ
LTGO	Latigo Biotherapeutics, Inc	NASDAQ
AEG	Aegon Ltd	NYSE
AEXA	American Exceptionalism Acquisition Corp A	NYSE
AIV	Apartment Investment and Management Co	NYSE
ALUR	Allurion Technologies Inc	NYSE
ARR	ARMOUR Residential REIT Inc	NYSE
AVD	American Vanguard Corporation	NYSE
AXIAY	AXIA ENERGIA - ADR	NYSE
BAK	Braskem S.A.-ADR	NYSE
BBD	Banco Bradesco ADR	NYSE
BBDO	Banco Bradesco SA	NYSE
BBW	Build-A-Bear Workshop Inc	NYSE
BFS	Saul Centers Inc	NYSE
BH	Biglari Holdings Inc-B	NYSE
BHA	Biglari Holdings Inc	NYSE
BLX	Bladex Inc	NYSE
BNT-US	Brookfield Wealth Solutions Ltd	NYSE
BOC	Boston Omaha Corporation	NYSE
BTI	British American Tobacco PLC ADR	NYSE
BWMX	Betterware De Mexico Sapi De	NYSE
CAL	Caleres Inc	NYSE
CATO	Cato Corp-Class A	NYSE
CBAN	Colony Bankcorp	NYSE
CCS	Century Communities Inc	NYSE
CDLR	Cadeler A/S	NYSE
CEPU	Central Puerto SA	NYSE
CHGG	Chegg Inc	NYSE
CHT	Chunghwa Telecom Co. Ltd	NYSE
CIG	Companhia Energetica de Minas Gerais-ADR	NYSE
CION	CION Investment Corporation	NYSE
CMBT	CMB Tech NV	NYSE
CSAN	Cosan SA	NYSE
CTS	CTS Corporation	NYSE
CVM	Cel-Sci Corp	NYSE
DBRG	DigitalBridge Group Inc	NYSE
DDD	3D Systems Corp.	NYSE
DFH	Dream Finders Homes Inc	NYSE
DLX	Deluxe Corporation	NYSE
DMC	Del Monte Corp	NYSE
DOUG	Douglas Elliman Inc	NYSE
DSX	Diana Shipping Inc	NYSE
EBF	Ennis Inc	NYSE
EDN	Empresa Distribuidora Y Comercializadora Norte	NYSE
EFR	Eaton Vance Senior Floating-Rate Trust	NYSE
ELME	Elme Communities	NYSE
ELPC	Companhia Paranaense de Energia - COPEL	NYSE
EVC	Entravision Communications-A	NYSE
EVI	Evi Industries Inc	NYSE
FET.US	Forum Energy Technologies Inc	NYSE
FF	FutureFuel Corp	NYSE
FINV	FinVolution Group	NYSE
FIRY	Firy Inc	NYSE
FOIL	Londian Wason New Energy Tech Inc	NYSE
FOR	Forestar Group Inc	NYSE
GBTG	Global Business Travel Group I	NYSE
GCTS	GCT Semiconductor Holding Inc	NYSE
GDOT	Green Dot Corp	NYSE
GEF.B	Greif Inc	NYSE
GHC	Graham Holdings Co - Class B	NYSE
GIC	Global Industrial Company	NYSE
GLP	Global Partners LP	NYSE
GME	GameStop Corp.	NYSE
GNS.US	Genius Group Ltd	NYSE
GOTU	Gaotu Techedu Inc.	NYSE
GPRK	GeoPark Limited	NYSE
GRBK	Green Brick Partners Inc	NYSE
GRC.US	The Gorman-Rupp Company	NYSE
GWH	Ess Tech Inc	NYSE
HDB	HDFC Bank Ltd-ADR	NYSE
HEI.A	HEICO Corporation	NYSE
HLX	Helix Energy Solutions Group Inc	NYSE
HMC	Honda Motor Co, Ltd-ADR	NYSE
HMY	Harmony Gold Mining Co Ltd-ADR	NYSE
HNI	HNI Corporation	NYSE
HOV	Hovnanian Enterprises Inc	NYSE
HSBC	HSBC-ADR	NYSE
HTT	High Templar Tech Limited	NYSE
HVT	Haverty Furniture Companies Inc	NYSE
IBN	ICICI Bank Ltd-ADR	NYSE
IDT	IDT Corporation	NYSE
IHS	IHS Holding	NYSE
IIIN	Insteel Industries Inc	NYSE
IRS	IRSA Inversiones y Representaciones Sociedad Anónima	NYSE
IX	Orix Corp	NYSE
JOE	The St. Joe Company	NYSE
KEN	Kenon Holdings Ltd	NYSE
KEP	Korea Electric Power Corporation	NYSE
KODK.US	Eastman Kodak Company	NYSE
KT	KT Corporation	NYSE
KWY	Kingsway Corp	NYSE
L	Loews Corp	NYSE
LEN.B	Lennar Corporation	NYSE
LPL	LG Display Co Ltd - ADR	NYSE
LXFR	Luxfer Holdings PLC	NYSE
LYG	Lloyds Banking Group PLC	NYSE
LYNX	Lyntris Inc	NYSE
M.US	Macy&#x27;s Inc	NYSE
MATV	Mativ Holdings Inc	NYSE
MCS.US	The Marcus Corporation	NYSE
MCY	Mercury General Corporation	NYSE
MDT.US	Medtronic PLC	NYSE
MED.US	Medifast Inc	NYSE
MET.US	Metlife Inc	NYSE
MFG	Mizuho Financial Group Inc-ADR	NYSE
MG	Mistras Group Inc	NYSE
MICC.US	MAGNUM ICE CREAM CO BV	NYSE
MIR.US	Mirion Technologies Inc	NYSE
MKC/V	McCormick &amp; Co Inc/MD	NYSE
MLI	Mueller Industries Inc	NYSE
MMI	Marcus &amp; Millichap	NYSE
MPLX.US	MPLX LP	NYSE
MPTI	M-Tron Industries Inc	NYSE
MT.US	ArcelorMittal ADR	NYSE
MTUS	Metallus Inc	NYSE
MX	MagnaChip Semiconductor Corp.	NYSE
NEU	NewMarket Corporation	NYSE
NGG	National Grid plc-ADR	NYSE
NHC	National HealthCare Corporation	NYSE
NLOP	Net Lease Office Properties	NYSE
NOTE	Fiscalnote Holdings Inc	NYSE
NPK	National Presto Industries Inc	NYSE
NUS	Nu Skin Enterprises Inc	NYSE
NXDT	NexPoint Diversified Real Estate Trust	NYSE
ODC	Oil-Dri Corporation of America	NYSE
OGN.US	Organon &amp; Co.	NYSE
ONL	Orion Office Reit Inc.	NYSE
OPY	Oppenheimer Holdings Inc	NYSE
OR.US	OR Royalties Ltd	NYSE
ORC	Orchid Island Ca	NYSE
PACK	Ranpak Holdings Corp	NYSE
PAY.US	Paymentus Holdings Inc	NYSE
PBR.A	Petroleo Brasileiro ADR	NYSE
PHG	Koninklijke Philips NV	NYSE
PHI	PLDT Inc	NYSE
PKX	Posco - ADR	NYSE
PLX	Protalix Biotherapeutics Inc	NYSE
PUK	Prudential plc-ADR	NYSE
RELX	RELX PLC-ADR	NYSE
REX	REX American Resources Corporation	NYSE
RLX	RLX Technology Inc-ADR	NYSE
RMAX	RE/MAX Holdings	NYSE
RPC.US	Ridgepost Capital Inc	NYSE
RTO.US	Rentokil Initial PLC ADR	NYSE
RYZ	Ryerson Holding Corporation	NYSE
SACH	Sachem Capital Corp	NYSE
SAN	Banco Santander SA (US)-ADR	NYSE
SB	Safe Bulkers Inc	NYSE
SBMT	Silver Bow Mining Corp	NYSE
SD.US	SandRidge Energy Inc	NYSE
SEB.US	Seaboard Corporation	NYSE
SFL	SFL Corporation Ltd	NYSE
SHG	Shinhan Financial Group Co Ltd	NYSE
SID	Cia Siderurgica Nacional SA-ADR	NYSE
SKIL	Skillsoft Corp	NYSE
SKM	SK Telecom Co Ltd-ADR	NYSE
SMFG	Sumitomo Mitsui Financial Group Inc-ADR	NYSE
SOAR	Volato Group Inc	NYSE
SPNT	Siriuspoint Ltd	NYSE
SRG.US	Seritage Growth Properties	NYSE
SRI	Stoneridge Inc	NYSE
SSL	Sasol Ltd-ADR	NYSE
SSTK	Shutterstock Inc.	NYSE
SUPV.US	Grupo Supervielle Sa	NYSE
TELFY	Telefonica SA (US)-ADR	NYSE
TEN.US	Tsakos Energy Navigation Limited	NYSE
TG	Tredegar Corporation	NYSE
TGS.US	Transportadora de Gas del Sur SA	NYSE
TK	Teekay Corporation	NYSE
TKC	Turkcell Iletisim Hizmetleri AS	NYSE
TLK	Telkom Indonesia Persero Tbk Pt	NYSE
TM	Toyota Motor Corporation-ADR	NYSE
TOPS	TOP Ships Inc	NYSE
TR	Tootsie Roll Industries Inc	NYSE
TRC	Tejon Ranch Co	NYSE
TSEOQ	Trinseo Plc	NYSE
UA	Under Armour	NYSE
UFI	Unifi Inc	NYSE
UP	Wheels Up Experience Inc	NYSE
USNA	USANA Health Sciences Inc	NYSE
UVV	Universal Corp/VA	NYSE
WF	Woori Financial Group Inc	NYSE
WLY	John Wiley &amp; Sons Inc	NYSE
WMK	Weis Markets Inc	NYSE
WTM	White Mountains Insurance Group Ltd	NYSE
XZO	Exzeo Group Inc	NYSE
YALA	Yalla Group Limited	NYSE
YXT	YXT.COM Group Holding Ltd	NYSE
1FC.DE	FACC AG	Frankfurt
1GBS.DE	GBS Software AG	Frankfurt
1SXP.DE	SCHOTT Pharma AG &amp; Co KgaA	Frankfurt
2HRA.DE	H&amp;R GmbH &amp; Co KgaA	Frankfurt
2INV.DE	2Invest AG	Frankfurt
3SQ1.DE	AHT Syngas Technology NV	Frankfurt
4DS.DE	Daldrup &amp; Soehne AG	Frankfurt
690D.DE	Haier Smart Home Co Ltd	Frankfurt
93M1.DE	MPH Health Care AG	Frankfurt
A1OS.DE	All for One Group SE	Frankfurt
A6T.DE	Artec Technologies AG	Frankfurt
A7A.DE	Heliad AG	Frankfurt
AAD.DE	AMADEUS FIRE AG	Frankfurt
AAG.DE	AUMANN AG	Frankfurt
AAPL.EUR	Apple	Frankfurt
AAQ1.DE	Aap Implantate AG	Frankfurt
ABO.DE	Clearvise AG	Frankfurt
ABX.DE	Advanced Blockchain AG	Frankfurt
ACWN.DE	AS Creation Tapeten AG	Frankfurt
ACX.DE	bet at home com AG	Frankfurt
ADE.DE	Bitcoin Group SE	Frankfurt
ADJ.DE	ADO Properties SA	Frankfurt
ADV.DE	Adtran Networks SE	Frankfurt
AGB2.DE	Agrana Beteiligungs AG	Frankfurt
AJ91.DE	DocCheck AG	Frankfurt
ALG.DE	Albis Leasing AG	Frankfurt
AMD.EUR	Advanced Micro Devices Inc	Frankfurt
AMI.DE	Medondo Holding AG	Frankfurt
AMZN.EUR	Amazon.com Inc	Frankfurt
APM.DE	Ad Pepper Media International NV	Frankfurt
AVGO.EUR	Broadcom Inc	Frankfurt
B7E.DE	Blue Cap AG	Frankfurt
B8A.DE	BAVARIA Industries Group AG	Frankfurt
BDT.DE	Bertrandt AG	Frankfurt
BEZ.DE	Berentzen Gruppe AG	Frankfurt
BIJ.DE	Bijou Brigitte modische Accessoires AG	Frankfurt
BIKE.DE	Bike24 Holding AG	Frankfurt
BIO0.DE	Biotest AG	Frankfurt
BKHT.DE	Brockhaus Technologies AG	Frankfurt
BNN.DE	BRAIN Biotech AG	Frankfurt
BRNK.DE	Branicks Group AG	Frankfurt
BST.DE	Bastei Luebbe AG	Frankfurt
BVB.DE	Borussia Dortmund GmbH &amp; Co. Kommanditgesellschaft auf Aktien	Frankfurt
BWB.DE	Baader Bank AG	Frankfurt
BXT.DE	BioNxt Solutions Inc	Frankfurt
BYW.DE	BayWa AG	Frankfurt
BYW6.DE	BayWa Aktiengesellschaft	Frankfurt
C1V0.DE	mVISE AG	Frankfurt
CA1.DE	Circus SE	Frankfurt
CAP.DE	SCP Standard Capital Partners AG	Frankfurt
CCAP.DE	Corestate Capital Holding SA	Frankfurt
CDZ0.DE	MHP Hotel AG	Frankfurt
CEA.DE	Friwo AG	Frankfurt
CEC.DE	Ceconomy St	Frankfurt
CEK.DE	CeoTronics Audio Video Data Communication AG	Frankfurt
CFC.DE	UET United Electronic Technology AG	Frankfurt
CHG.DE	CHAPTERS Group AG	Frankfurt
CLIQ.DE	CLIQ Digital AG	Frankfurt
COP.DE	CompuGroup Medical SE	Frankfurt
COR.DE	Coreo AG	Frankfurt
CPX.DE	Capsensixx AG	Frankfurt
CRZK.DE	CR Energy AG	Frankfurt
CSH.DE	CENIT AG	Frankfurt
CY1K.DE	Sbf AG	Frankfurt
CYR.DE	Cyan AG	Frankfurt
D6H0.DE	Datagroup SE	Frankfurt
DAM.DE	DATA MODUL Produktion und Vertrieb von elektronischen Systemen AG	Frankfurt
DAR.DE	Datron AG	Frankfurt
DEX.DE	Delticom AG	Frankfurt
DFTK.DE	DF Deutsche Forfait AG	Frankfurt
DIE.DE	Dierig Holding AG	Frankfurt
DKG.DE	Deutsche Konsum REIT-AG	Frankfurt
DLX.DE	Delignit AG	Frankfurt
DMRE.DE	Demire Deutsche Mittelstand Real Estate AG	Frankfurt
DP4A.DE	AP Moeller - Maersk A/S	Frankfurt
DR0.DE	Deutsche Rohstoff AG	Frankfurt
DRW8.DE	Draegerwerk AG &amp; Co KGaA	Frankfurt
DTD2.DE	B+S Banksysteme AG	Frankfurt
DWNI.DE	Deutsche Wohnen	Frankfurt
E4C.DE	Ecotel Communication AG	Frankfurt
E8X.DE	Elexxion AG	Frankfurt
EAD.DE	Erlebnis Akademie AG	Frankfurt
EBK.DE	EnBW Energie Baden Wuerttemberg AG	Frankfurt
ECF.DE	Mountain Alliance AG	Frankfurt
ECK.DE	LUDWIG BECK am Rathauseck Textilhaus Feldmeier AG	Frankfurt
ED4.DE	EDAG Engineering Group AG	Frankfurt
EDL.DE	Edel SE &amp; Co KgaA	Frankfurt
EFF0.DE	Deutsche Effecten und Wechsel Beteiligungsgesellschaft AG	Frankfurt
EKT.DE	ENERGIEKONTOR AG	Frankfurt
ELB.DE	elumeo SE	Frankfurt
EMH.DE	Pferdewetten de AG	Frankfurt
ERAG.DE	Ernst Russ AG	Frankfurt
ETG.DE	Envitec Biogas AG	Frankfurt
FAA.DE	Fabasoft AG	Frankfurt
FC9.DE	FCR Immobilien AG	Frankfurt
FEV.DE	Fortec Elektronik AG	Frankfurt
FF24.DE	Fast Finance 24 Holding AG	Frankfurt
FPH.DE	Francotyp Postalia Holding AG	Frankfurt
FRS.DE	Foris AG	Frankfurt
GFG.DE	Global Fashion Group SA	Frankfurt
GME.DE	Geratherm Medical AG	Frankfurt
GMM.DE	Grammer AG	Frankfurt
GOOG.EUR	Alphabet	Frankfurt
GSC1.DE	Gesco SE	Frankfurt
GTK.DE	Tonkens Agrar AG	Frankfurt
H2O.DE	Enapter AG	Frankfurt
H9W.DE	HWA AG	Frankfurt
HAW.DE	Hawesko Holding SE	Frankfurt
HEN.DE	Henkel AG &amp; Co. KGaA	Frankfurt
HGEA.DE	hGears AG	Frankfurt
HIGH.DE	Cantourage Group SE	Frankfurt
HLG.DE	Highlight Communications AG	Frankfurt
HMU.DE	HMS Bergbau AG	Frankfurt
HNL.DE	Hoenle AG	Frankfurt
HP3A.DE	Ringmetall SE	Frankfurt
HPHA.DE	Heidelberg Pharma AG	Frankfurt
HRPK.DE	7C Solarparken AG	Frankfurt
HTG.DE	HomeToGo SE	Frankfurt
IBU.DE	IBU-tec advanced materials AG	Frankfurt
IC8.DE	InCity Immobilien AG	Frankfurt
IPOK.DE	Heidelberger Beteiligungsholding AG	Frankfurt
IS7.DE	InTiCa Systems SE	Frankfurt
ISHA.DE	Intershop Communications AG	Frankfurt
ITN.DE	Intertainment AG	Frankfurt
IUR.DE	Kap AG	Frankfurt
IVU.DE	IVU Traffic Technologies AG	Frankfurt
JDC.DE	JDC Group AG	Frankfurt
JY0.DE	ParTec AG	Frankfurt
KA8.DE	Klassik Radio AG	Frankfurt
KSB.DE	KSB SE &amp; Co KGaA	Frankfurt
KSC.DE	KPS AG	Frankfurt
KTA.DE	Knaus Tabbert AG	Frankfurt
KWG.DE	KHD Humboldt Wedag International AG	Frankfurt
LEI.DE	Leifheit AG	Frankfurt
LIK.DE	Limes Schlosskliniken AG	Frankfurt
LQAG.DE	Laiqon AG	Frankfurt
LSX.DE	Ls Telcom AG	Frankfurt
LUS1.DE	Lang &amp; Schwarz AG	Frankfurt
M12.DE	M1 Kliniken AG	Frankfurt
M3B0.DE	Pyramid AG	Frankfurt
M3V.DE	Mevis Medical Solutions AG	Frankfurt
M5S.DE	H2 CORE AG	Frankfurt
M5Z.DE	Manz AG	Frankfurt
M7U.DE	Nynomic AG	Frankfurt
MA10.DE	Binect AG	Frankfurt
MAK.DE	MATERNUS-Kliniken-AG	Frankfurt
MBK.DE	Merkur Privatbank KGaA	Frankfurt
MBQ.DE	Mobotix AG	Frankfurt
MED.DE	Mediclin AG	Frankfurt
MLL.DE	Mueller Die lila Logistik SE	Frankfurt
MPCK.DE	MPC Muenchmeyer Petersen Capital AG	Frankfurt
MRX.DE	Mister Spex SE	Frankfurt
MSAG.DE	MS Industrie AG	Frankfurt
MUB.DE	Muehlbauer Holding AG	Frankfurt
MUM.DE	Mensch und Maschine Software SE	Frankfurt
MVV1.DE	MVV Energie AG	Frankfurt
MWB0.DE	mwb Fairtrade Wertpapierhandelsbank AG	Frankfurt
MXHN.DE	MAX Automation SE	Frankfurt
MYM.DE	Mayr-Melnhof Karton AG	Frankfurt
MZX.DE	Masterflex SE	Frankfurt
N4G0.DE	Naga Group AG	Frankfurt
NBG6.DE	Nuernberger Beteiligungs AG	Frankfurt
NC5A.DE	NorCom Information Technology GmbH &amp; Co KgaA	Frankfurt
NCH2.DE	Thyssenkrupp Nucera	Frankfurt
NF4.DE	Netfonds AG	Frankfurt
NFN.DE	Nfon AG	Frankfurt
NN6.DE	NanoRepro AG	Frankfurt
NTG.DE	Nabaltec AG	Frankfurt
NUVA.DE	Noratis AG	Frankfurt
NVM.DE	Novem Group SA	Frankfurt
O4B.DE	OVB Holding AG	Frankfurt
O5G.DE	CPI Property Group SA	Frankfurt
OBS.DE	Orbis Se	Frankfurt
P4N.DE	Polytec Holding AG	Frankfurt
P4O.DE	Plan Optik AG	Frankfurt
P911.DE	Porsche AG	Frankfurt
PDA0.DE	Pro DV AG	Frankfurt
PFV.DE	Pfeiffer Vacuum Technology AG	Frankfurt
PGN.DE	Paragon GmbH &amp; Co KGaA	Frankfurt
PSAN.DE	PSI Software SE	Frankfurt
PSH0.DE	Sernova Biotherapeutics Inc	Frankfurt
PWO.DE	PWO AG	Frankfurt
PYR.DE	Pyrum Innovations AG	Frankfurt
PZS.DE	Scherzer &amp; Co AG	Frankfurt
QB7.DE	Quirin Privatbank AG	Frankfurt
QBY0.DE	Q Beyond Ag Konv Namens Aktien	Frankfurt
R1B.DE	Rubean AG	Frankfurt
RCMN.DE	RCM Beteiligungs AG	Frankfurt
RHK.DE	Rhoen Klinikum AG	Frankfurt
RSL2.DE	R Stahl AG	Frankfurt
RTC.DE	Realtech AG	Frankfurt
S188.DE	SMT Scharf AG	Frankfurt
S6P.DE	Spielvereinigung Unterhaching Fussball GmbH &amp; Co KgaA	Frankfurt
S92.DE	SMA Solar Technology AG	Frankfurt
SB1.DE	Smartbroker Holding AG	Frankfurt
SBX.DE	SynBiotic SE	Frankfurt
SCE.DE	Schweizer Electronic AG	Frankfurt
SF3.DE	STS Group AG	Frankfurt
SIS.DE	First Sensor AG	Frankfurt
SIX3.DE	Sixt SE	Frankfurt
SJJ.DE	Serviceware SE	Frankfurt
SKB.DE	Koenig &amp; Bauer AG	Frankfurt
SLYG.DE	Shelly Group AD	Frankfurt
SMWN.DE	SM Wirtschaftsberatungs AG	Frankfurt
SNG.DE	Singulus Technologies AG	Frankfurt
SPM.DE	Splendid Medien AG	Frankfurt
SRAG.DE	Samara Asset Group PLC	Frankfurt
SRT.DE	Sartorius AG	Frankfurt
ST5.DE	STEICO SE	Frankfurt
STO3.DE	Sto SE &amp; Co KgaA	Frankfurt
SUR.DE	Surteco Group SE	Frankfurt
SVE.DE	Shareholder Value Beteiligungen AG	Frankfurt
SWA.DE	Schloss Wachenheim AG	Frankfurt
SYT.DE	Softing AG	Frankfurt
SYZ.DE	Syzygy AG	Frankfurt
T3T1.DE	Seven Principles AG	Frankfurt
T9Z.DE	Zumtobel Group AG	Frankfurt
TGHN.DE	Logwin AG SA	Frankfurt
TGTA.DE	11 88 0 Solutions AG	Frankfurt
TLIK.DE	Teles AG	Frankfurt
TPG0.DE	Platform Group AG	Frankfurt
TSLA.EUR	Tesla Motors, Inc.	Frankfurt
TTK.DE	Takkt AG	Frankfurt
TTO.DE	TTL Beteiligungs und Grundbesitz AG	Frankfurt
TTR1.DE	technotrans SE	Frankfurt
UBK.DE	Umweltbank AG	Frankfurt
ULC.DE	United Labels AG	Frankfurt
UMD.DE	UMT United Mobility Technology AG	Frankfurt
UN9.DE	Uniqa Insurance Group AG	Frankfurt
UZU.DE	Uzin Utz SE	Frankfurt
V3S.DE	Vectron Systems AG	Frankfurt
V3V.DE	Vita 34 AG	Frankfurt
V6C.DE	Viscom AG	Frankfurt
VEZ.DE	Planethic Group AG	Frankfurt
VG80.DE	Varengold Bank AG	Frankfurt
VIB3.DE	Villeroy &amp; Boch AG	Frankfurt
VIH1.DE	VIB Vermögen AG	Frankfurt
VOE.DE	Voestalpine AG	Frankfurt
VRL.DE	Net Digital AG	Frankfurt
VRV.DE	Verve Group Media SE	Frankfurt
VVV3.DE	OEKOWORLD AG	Frankfurt
VXT.DE	Tmc Content Group AG	Frankfurt
WAH.DE	Wolftank Adisa Holding AG	Frankfurt
WEW.DE	Westwing Group SE	Frankfurt
WFA.DE	Weng Fine Art AG	Frankfurt
WIG1.DE	Sporttotal AG	Frankfurt
WSU.DE	Washtec AG	Frankfurt
WUW.DE	Wuestenrot &amp; Wuerttembergische AG	Frankfurt
XD4.DE	STRABAG SE	Frankfurt
XTP.DE	sino AG	Frankfurt
YOC.DE	Yoc AG	Frankfurt
ZIL2.DE	ElringKlinger	Frankfurt
AB.PA	AB Science SA	Paris
ABCA.PA	ABC Arbitrage SA	Paris
ABEO.PA	Abeo SA	Paris
ABNX.PA	Abionyx Pharma SA	Paris
ABVX.PA	Abivax SA	Paris
ACAN.PA	Acanthe Developpement SE	Paris
ADOC.PA	Adocia SA	Paris
AKW.PA	Akwel SA	Paris
AL2SI.PA	2Crsi SA	Paris
ALAFY.PA	AFYREN SA	Paris
ALAGO.PA	E-Pango SA	Paris
ALAGP.PA	Agripower France SASU	Paris
ALATA.PA	Atari SA	Paris
ALATI.PA	Actia Group SA	Paris
ALAVI.PA	Advini SA	Paris
ALBFR.PA	Sidetrade SA	Paris
ALBI.PA	Gascogne SA	Paris
ALBIO.PA	Biosynex SA	Paris
ALBIZ.PA	Obiz SA	Paris
ALBLD.PA	Bilendi SA	Paris
ALBOA.PA	Boa Concept SA	Paris
ALBON.PA	Compagnie Lebon SA	Paris
ALBPS.PA	Biophytis SA	Paris
ALCAF.PA	ALCAF FP	Paris
ALCAT.PA	Catana Group	Paris
ALCBX.PA	Cibox Inter@ctive SA	Paris
ALCIS.PA	Catering International &amp; Services SA	Paris
ALCJ.PA	Crossject SA	Paris
ALCLA.PA	Claranova SADIR	Paris
ALCLS.PA	Cellectis SA	Paris
ALCOF.PA	Cofidur SA	Paris
ALCOG.PA	Cogra Quarante Huit SA	Paris
ALCPB.PA	Capital B	Paris
ALCRB.PA	Carbios SA	Paris
ALCUR.PA	Arcure SA	Paris
ALDAR.PA	Damartex SA	Paris
ALDBT.PA	DBT SA	Paris
ALDEL.PA	Delfingen Industry SA	Paris
ALDLS.PA	Dlsi SA	Paris
ALDLT.PA	Delta Plus Group SA	Paris
ALDMS.PA	Diagnostic Medical Systems SA	Paris
ALDNE.PA	Dont Nod Entertainment SA	Paris
ALDRV.PA	Drone Volt SA	Paris
ALDUX.PA	Adux SA	Paris
ALEAC.PA	EdiliziAcrobatica SpA	Paris
ALECO.PA	Ecomiam SA	Paris
ALECP.PA	Europacorp SA	Paris
ALEMG.PA	Laboratoires Euromedis SA	Paris
ALENO.PA	Enogia SA	Paris
ALEO2.PA	EO2 SA	Paris
ALERS.PA	Eurobio Scientific SA	Paris
ALESE.PA	Entech SA	Paris
ALFER.PA	Sergeferrari Group SA	Paris
ALFLE.PA	Fleury Michon SA	Paris
ALFLO.PA	Florentaise SA	Paris
ALFOR.PA	Forsee Power SA	Paris
ALFPC.PA	Fountaine Pajot SA	Paris
ALFRE.PA	Freelance.com SA	Paris
ALFUM.PA	Fill Up Media SA	Paris
ALGAE.PA	Fermentalg SA	Paris
ALGEN.PA	Genoway SA	Paris
ALGID.PA	Egide SA	Paris
ALGIL.PA	Groupe Guillin SA	Paris
ALGIR.PA	Signaux Girod SA	Paris
ALHAF.PA	Haffner Energy SA	Paris
ALHEX.PA	Hexaom SA	Paris
ALHF.PA	HF Company SA	Paris
ALHGR.PA	Hoffmann Green Cement Technologies SAS	Paris
ALHOP.PA	Hopscotch Groupe SA	Paris
ALHPI.PA	Hopium SA	Paris
ALHRG.PA	Herige SA	Paris
ALHRS.PA	Hydrogen-Refueling-Solutions SA	Paris
ALHUN.PA	Hunyvers SA	Paris
ALHYP.PA	Hipay Group SA	Paris
ALIBR.PA	Calibre	Paris
ALICA.PA	Icape Holding SA	Paris
ALIKO.PA	Ikonisys SA	Paris
ALIMP.PA	Implanet SA	Paris
ALINN.PA	Innelec Multimedia SA	Paris
ALINS.PA	Intrasense SA	Paris
ALINV.PA	Invibes Advertising NV	Paris
ALITL.PA	IT Link SA	Paris
ALJXR.PA	Archos SA	Paris
ALKAL.PA	Kalray SA	Paris
ALKEY.PA	Keyrus SA	Paris
ALKKO.PA	Kko International SA	Paris
ALKLA.PA	Klarsen SA	Paris
ALKLH.PA	Klea Holding	Paris
ALLAN.PA	Lanson BCC SA	Paris
ALLDL.PA	Groupe LDLC SA	Paris
ALLGO.PA	Largo SA	Paris
ALLIX.PA	Wallix Group SA	Paris
ALLOG.PA	Logic Instrument SA	Paris
ALMCE.PA	Mon Courtier Energie SAS	Paris
ALMDG.PA	Mgi Digital Technology SA	Paris
ALMDT.PA	Median Technologies SA	Paris
ALMIB.PA	Amoeba SA	Paris
ALMIN.PA	Mint SA	Paris
ALMKT.PA	Mauna Kea Technologies SA	Paris
ALMLB.PA	Miliboo SA	Paris
ALMOU.PA	Moulinvest SA	Paris
ALMRB.PA	MR Bricolage SA	Paris
ALNFL.PA	Nfl Biosciences SAS	Paris
ALNN6.PA	Enensys Technologies SA	Paris
ALNOV.PA	Novacyt SA	Paris
ALNRG.PA	Energisme SA	Paris
ALNSE.PA	NSE SA	Paris
ALNTG.PA	Netgem SA	Paris
ALNXT.PA	Nextedia SA	Paris
ALODC.PA	Omer Decugis &amp; Cie SA	Paris
ALOKW.PA	Groupe Okwind SA	Paris
ALOPM.PA	Oncodesign Precision Medicine Opm SA	Paris
ALORA.PA	Altheora SA	Paris
ALORD.PA	Ordissimo SA	Paris
ALPAS.PA	Passat SA	Paris
ALPAU.PA	Paulic Meunerie SA	Paris
ALPDX.PA	Piscines Desjoyaux SA	Paris
ALPJT.PA	Poujoulat SA	Paris
ALPM.PA	Precia SA	Paris
ALPRG.PA	Prologue SA	Paris
ALPUL.PA	Pullup Entertainment SA	Paris
ALPVL.PA	Plastiques du Val de Loire SA	Paris
ALPWG.PA	Prodways Group SA	Paris
ALQWA.PA	Qwamplify SA	Paris
ALRIB.PA	Riber SA	Paris
ALRPD.PA	Rapid Nutrition PLC	Paris
ALSGD.PA	Spineguard SA	Paris
ALSMA.PA	SMAIO SA	Paris
ALSOG.PA	Sogeclair SA	Paris
ALSPT.PA	Spartoo SA	Paris
ALSPW.PA	Spineway SA	Paris
ALSTI.PA	Stif France SAS	Paris
ALSTW.PA	Streamwide SA	Paris
ALTA.PA	Altarea SCA	Paris
ALTAO.PA	Aton SA	Paris
ALTHO.PA	Metavisio SA	Paris
ALTHX.PA	THX Pharma SACA	Paris
ALTME.PA	TME Pharma NV	Paris
ALTOO.PA	Toosla SA	Paris
ALTOU.PA	Touax Sgtr Cite Sgt Cmte Taf Slm Touage Investissements Reunies SCA	Paris
ALTPC.PA	Societe Marseillaise du Tunnel Prado Carenage SA	Paris
ALTUV.PA	Bio-UV Group SA	Paris
ALU10.PA	U10 Corp SA	Paris
ALUNI.PA	Unify Group	Paris
ALUPG.PA	Upergy	Paris
ALVAL.PA	Valbiotis SA	Paris
ALVAP.PA	Kumulus Vape SA	Paris
ALVDM.PA	Voyageurs du Monde SA	Paris
ALVGO.PA	Vogo SA	Paris
ALVIO.PA	Valerio Therapeutics SA	Paris
ALVU.PA	Vente-Unique.Com SA	Paris
ALWEC.PA	We. Connect SA	Paris
ALWF.PA	Winfarm SA	Paris
ALWIN.PA	Winamp Group	Paris
ALWTR.PA	Watera SACA	Paris
ALXIL.PA	Xilam Animation SA	Paris
ARAMI.PA	Aramis Group SAS	Paris
ASY.PA	Assystem SA	Paris
ATEME.PA	Ateme SA	Paris
AURE.PA	Aurea SA	Paris
AVT.PA	Avenir Telecom SA	Paris
BAIN.PA	Societe Anonyme des Bains de Mer et du Cercle des Etrangers a Monaco SA	Paris
BASS.PA	Bassac	Paris
BB.PA	Societe BIC SA	Paris
BIG.PA	Bigben Interactive SA	Paris
BLC.PA	Bastide le Confort Medical SA	Paris
BOI.PA	Boiron SA	Paris
BOL.PA	Bollore SA	Paris
BON.PA	Bonduelle SA	Paris
BSD.PA	Bourse Direct SA	Paris
BUR.PA	Burelle SA	Paris
CAF.PA	Caiss Regio Credi Agric Mutuel Paris Idf	Paris
CARM.PA	Carmila SA	Paris
CAT31.PA	Caisse Regionale De Credit Agricole Mutuel Toulouse 31	Paris
CBOT.PA	Cbo Territoria SA	Paris
CBSM.PA	Soc Centrale Bois Scieries Manche SA	Paris
CCN.PA	Caisse Regionale de Credit Agricole Mutuel de Normandie Seine SC	Paris
CDA.PA	Compagnie des Alpes SA	Paris
CDI.PA	Christian Dior	Paris
CEN.PA	Groupe Crit SA	Paris
CIV.PA	Caisse regionale de Credit Agricole Mutuel dIlle-et-Vilaine	Paris
CMO.PA	Credit Agricole du Morbihan SC	Paris
CNDF.PA	Caisse Reg Credit Agric Mut Nord France	Paris
CO.PA	Casino Guichard Perrachon SA	Paris
COH.PA	Coheris SA	Paris
COVH.PA	Covivio Hotels SCA	Paris
CRAP.PA	Credit Agricole Alpes Provence	Paris
CRAV.PA	Caisse Regionale De Credit Agricole Mutuel Atlantique Vendee	Paris
CRBP2.PA	Caisse Regionale de Credit Agricole Mutuel Brie Picardie	Paris
CRI.PA	Chargeurs SA	Paris
CRLA.PA	Caisse Regionale de Credit Agricole Mutuel du Languedoc	Paris
CRLO.PA	Cr Credit Agricole Mutuel Loire Hte Loir	Paris
CRSU.PA	Caisse Regionale De Credit Agricole Mutuel Sud Rhone Alpes	Paris
CRTO.PA	Caisse Reg Cred Agric Mut Tourain Poitou	Paris
CVX.PA	Carvolix SA	Paris
DBG.PA	Derichebourg SA	Paris
DBV.PA	DBV Technologies	Paris
DEEZR.PA	Deezer SA	Paris
DKUPL.PA	Adl Partner SA	Paris
EAPI.PA	Euroapi SA	Paris
EC.PA	TotalEnergies EP Gabon	Paris
EFG.PA	Eagle Football Group SA	Paris
EKI.PA	Ekinops SA	Paris
ELEC.PA	Electricite de Strasbourg SA	Paris
EMEIS.PA	Emeis SA	Paris
EQS.PA	Equasens SA	Paris
ERA.PA	ERAMET S.A.	Paris
EXE.PA	Exel Industries SA	Paris
EXPL.PA	Soc D Explosifs Produits Chimiques SA	Paris
FDE.PA	La Francaise de l Energie SA	Paris
FGA.PA	Figeac Aero SARL	Paris
FII.PA	Lisi SA	Paris
FNAC.PA	Fnac Darty SA	Paris
GAM.PA	Gaumont SA	Paris
GBT.PA	Guerbet SA	Paris
GDS.PA	Ramsay Generale de Sante SA	Paris
GEA.PA	Gea Grenobloise Electronique Automatisme SA	Paris
GLO.PA	GL Events SA	Paris
GNFT.PA	Genfit	Paris
GPE.PA	Groupe Pizzorno Environnement SA	Paris
GRVO.PA	Graines Voltz SA	Paris
GUI.PA	Guillemot Corporation SA	Paris
HCO.PA	High Co SA	Paris
HDF.PA	Hydrogene De France SA	Paris
IAM.PA	Itissalat Al Maghrib Ste SA	Paris
IDIP.PA	IDI SCA	Paris
IMDA.PA	Immobiliere Dassault SA	Paris
INEA.PA	Fonciere Inea SA	Paris
INF.PA	Infotel SA	Paris
IPH.PA	Innate Pharma SA	Paris
IPS.PA	Ipsos SA	Paris
ITP.PA	Interparfums SA	Paris
JBOG.PA	Bogart SA	Paris
JCQ.PA	Jacquet Metals SA	Paris
KOF.PA	Kaufman &amp; Broad SA	Paris
LACR.PA	Lacroix Group SA	Paris
LAT.PA	Latecoere SA	Paris
LBIRD.PA	Lumibird SA	Paris
LHYFE.PA	Lhyfe SA	Paris
LIN.PA	Linedata Services SA	Paris
LNA.PA	LNA Sante SA	Paris
LPE.PA	Laurent Perrier SA	Paris
LSS.PA	Lectra SA	Paris
MAAT.PA	Maat Pharma SA	Paris
MAU.PA	Etablissements Maurel &amp; Prom SA	Paris
MBWS.PA	Marie Brizard Wine and Spirits SA	Paris
MDM.PA	Maisons du Monde SA	Paris
MEMS.PA	Memscap SA	Paris
MMB.PA	Lagardere SCA	Paris
MMT.PA	Metropole Television SA	Paris
MTU.PA	Manitou BF SA	Paris
NACON.PA	Nacon SAS	Paris
NAE.PA	North Atlantic Energies	Paris
NK.PA	Imerys	Paris
NRG.PA	NRJ Group SA	Paris
NRO.PA	Neurones SA	Paris
NXI.PA	Nexity SA	Paris
ODET.PA	Compagnie de lOdet	Paris
OSE.PA	OSE Immunotherapeutics SA	Paris
PAR.PA	Paris Realty Fund SA	Paris
PARP.PA	Groupe Partouche SA	Paris
PARRO.PA	Parrot SA	Paris
PAT.PA	Patrimoine et Commerce SCA	Paris
PERR.PA	Gerard Perrier Industrie SA	Paris
PEUG.PA	Peugeot Invest SA	Paris
PIG.PA	Haulotte Group SA	Paris
POMRY.PA	Maison Pommery &amp; Associes SA	Paris
POXEL.PA	Poxel SA	Paris
PRC.PA	Artmarket.com SA	Paris
QDT.PA	Quadient SA	Paris
RBO.PA	Roche Bobois SA	Paris
RBT.PA	Robertet SA	Paris
RF.PA	Eurazeo	Paris
RUI.PA	Rubis SCA	Paris
S30.PA	Solutions 30 SE	Paris
SAMS.PA	Samse SA	Paris
SAVE.PA	Savencia SA	Paris
SBT.PA	Oeneo SA	Paris
SCHP.PA	Seche Environnement SA	Paris
SDG.PA	Synergie SE	Paris
SMCP.PA	SMCP SA	Paris
SRP.PA	SRP Groupe SA	Paris
STF.PA	Stef SA	Paris
SWP.PA	Sword Group SE	Paris
THEP.PA	Thermador Groupe SA	Paris
TNG.PA	Transgene SA	Paris
VAC.PA	Pierre et Vacances SA	Paris
VANTI.PA	Vantiva SA	Paris
VETO.PA	Vetoquinol SA	Paris
VIL.PA	Viel et Compagnie SA	Paris
VLA.PA	Valneva SE	Paris
VMX.PA	Verimatrix SA	Paris
WAGA.PA	Waga Energy SA	Paris
WAVE.PA	Wavestone SA	Paris
BRN.ASX	BrainChip Holdings Ltd	Sydney
CMW.ASX	Cromwell Property Group	Sydney
CNU.ASX	Chorus Limited	Sydney
CTD.ASX	Corporate Travel Management Limited	Sydney
CTT.ASX	Cettire Ltd	Sydney
IMU.ASX	Imugene Ltd	Sydney
MMS.ASX	Mcmillan Shakespeare Ltd	Sydney
NVX.ASX	Novonix Limited	Sydney
SGR.ASX	The Star Entertainment Group Limited	Sydney
SOL.ASX	Washington H. Soul Pattinson and Company Limited	Sydney
SPK.ASX	Spark New Zealand Limited	Sydney
WBT.ASX	Weebit Nano Ltd	Sydney
XYZ.ASX	Block Inc	Sydney
ACADE.ST	AcadeMedia AB	Stockholm
ADDTb.ST	Addtech AB	Stockholm
ALIFb.ST	AddLife AB	Stockholm
ALTRA.ST	Altra Fastigheter AB	Stockholm
AMBEA.ST	Ambea AB (publ)	Stockholm
ANODb.ST	Addnode Group AB (publ)	Stockholm
AQ.ST	AQ Group AB	Stockholm
ARJOb.ST	Arjo AB (publ)	Stockholm
ASKER.ST	Asker Healthcare Group AB	Stockholm
ASMDEE.ST	Asmodee Group AB	Stockholm
ASSA-B.ST	ASSA ABLOY AB ser. B	Stockholm
ATCO-A.ST	Atlas Copco AB ser. A	Stockholm
ATCO-B.ST	Atlas Copco AB ser. B	Stockholm
ATRLJb.ST	Atrium Ljungberg AB	Stockholm
ATTE.ST	Attendo AB (publ)	Stockholm
AVANZ.ST	Avanza Bank Holding AB	Stockholm
BALDB.ST	Fastighets AB Balder ser. B	Stockholm
BEIAb.ST	Beijer Alma AB	Stockholm
BEIJb.ST	Beijer Ref AB (publ)	Stockholm
BETSB.ST	Betsson AB Class B	Stockholm
BIOAb.ST	BioArctic AB	Stockholm
BIOGb.ST	Biogaia AB	Stockholm
BONEX.ST	Bonesupport Holding AB	Stockholm
BRAV.ST	Bravida Holding AB	Stockholm
BUFAB.ST	Bufab AB (publ)	Stockholm
BURE.ST	Bure Equity AB	Stockholm
CIBUS.ST	Cibus Real Estate AB (publ)	Stockholm
CLASb.ST	Clas Ohlson AB	Stockholm
CLOEb.ST	Cloetta AB	Stockholm
DIOS.ST	Dios Fastigheter AB	Stockholm
DYVOX.ST	Dynavox Group AB	Stockholm
EKTAB.ST	Elekta AB Ser. B	Stockholm
ELUXB.ST	AB Electrolux Class B	Stockholm
EMBRACB.ST	Embracer Group AB	Stockholm
ENGCONb.ST	Engcon AB	Stockholm
ENITY.ST	Enity Holding AB	Stockholm
EPIA.ST	Epiroc AB	Stockholm
EPROb.ST	Electrolux Professional AB (publ)	Stockholm
ERIC-A.ST	Telefonaktiebolaget LM Ericsson	Stockholm
ERIC-B.ST	Telefonaktiebolaget LM Ericsson	Stockholm
ESSITYB.ST	Essity AB ser. B	Stockholm
GETIB.ST	Getinge AB Ser. B	Stockholm
GRANG.ST	Granges AB	Stockholm
HEXA-B.ST	Hexagon AB ser. B	Stockholm
HM-B.ST	Hennes &amp; Mauritz AB, H &amp; M ser. B	Stockholm
HMSN.ST	HMS Networks AB	Stockholm
HOFI.ST	Hoist Finance AB (publ)	Stockholm
HOLMb.ST	Holmen AB	Stockholm
HPOLB.ST	HEXPOL AB ser. B	Stockholm
HUSQB.ST	Husqvarna AB Ser. B	Stockholm
INDU-A.ST	Industrivärden, AB ser. A	Stockholm
INTE.ST	Intellego Technologies AB	Stockholm
INTEAb.ST	Intea Fastigheter AB (publ)	Stockholm
INVE-A.ST	Investor AB ser. A	Stockholm
INVEB.ST	Investor AB ser. B	Stockholm
INWI.ST	Inwido AB (publ)	Stockholm
IPCOR.ST	International Petroleum Corp	Stockholm
IVSO.ST	Invisio AB	Stockholm
JM.ST	JM AB	Stockholm
KARNO.ST	Karnov Group AB (publ)	Stockholm
KINVB.ST	Kinnevik AB Class B	Stockholm
LAGRb.ST	Lagercrantz Group AB	Stockholm
LATOb.ST	Investment AB Latour	Stockholm
LIAB.ST	Lindab International AB	Stockholm
LIFCOb.ST	Lifco AB (publ)	Stockholm
LUND-B.ST	Lundbergföretagen AB, L E ser. B	Stockholm
MCOVb.ST	Medicover AB	Stockholm
MEDCAP.ST	MedCap AB (publ)	Stockholm
MMGRb.ST	Momentum Group AB	Stockholm
MTGb.ST	Modern Times Group MTG AB	Stockholm
MYCR.ST	Mycronic AB (publ)	Stockholm
NCCb.ST	NCC AB	Stockholm
NDA_SE.ST	Nordea Bank AB	Stockholm
NEWAb.ST	New Wave Group AB	Stockholm
NIBEB.ST	Nibe Industrier AB Ser. B	Stockholm
NOLAb.ST	Nolato AB	Stockholm
NORION.ST	Norion Bank AB	Stockholm
OEMb.ST	OEM International AB	Stockholm
ORRON.ST	Orron Energy AB	Stockholm
OVZON.ST	Ovzon AB (publ)	Stockholm
PANDXb.ST	Pandox AB	Stockholm
PDXI.ST	Paradox Interactive AB (publ)	Stockholm
PEABb.ST	Peab AB	Stockholm
RATOb.ST	Ratos AB	Stockholm
RAYb.ST	RaySearch Laboratories AB (publ)	Stockholm
ROKOb.ST	Roko AB (publ)	Stockholm
RUSTA.ST	Rusta AB (publ)	Stockholm
SAABB.ST	Saab AB Ser. B	Stockholm
SAGAb.ST	Sagax AB	Stockholm
SBBb.ST	Samhallsbyggnadsbolaget I Norden AB	Stockholm
SCAB.ST	Svenska Cellulosa Aktiebolaget SCA	Stockholm
SEB-A.ST	Skandinaviska Enskilda Banken ser. A	Stockholm
SECTb.ST	Sectra AB	Stockholm
SECU-B.ST	Securitas AB ser. B	Stockholm
SF.ST	Stillfront Group AB	Stockholm
SHB-A.ST	Svenska Handelsbanken ser. A	Stockholm
SHBB.ST	Svenska Handelsbanken AB	Stockholm
SHOTE.ST	Scandic Hotels Group AB	Stockholm
SIVE.ST	Sivers Semiconductors AB	Stockholm
SKA-B.ST	Skanska AB ser. B	Stockholm
SKF-A.ST	SKF, AB ser. A	Stockholm
SKF-B.ST	SKF AB Class B	Stockholm
SKISb.ST	SkiStar AB	Stockholm
SLPb.ST	Swedish Logistic Property AB	Stockholm
SSABB.ST	SSAB AB	Stockholm
STORYb.ST	Storytel AB (publ)	Stockholm
STORb.ST	Storskogen Group AB (publ)	Stockholm
SWECb.ST	Sweco AB (publ)	Stockholm
SWED-A.ST	Swedbank AB ser A	Stockholm
TEL2B.ST	Tele2 AB Ser. B	Stockholm
TREL-B.ST	Trelleborg AB ser. B	Stockholm
TRUEb.ST	Truecaller AB	Stockholm
VITR.ST	Vitrolife AB	Stockholm
VITb.ST	Vitec Software Group AB (publ)	Stockholm
VOLV-A.ST	Volvo AB ser. A	Stockholm
VOLV-B.ST	Volvo AB ser. B	Stockholm
WALLb.ST	Wallenstam AB	Stockholm
XVIVO.ST	Xvivo Perfusion AB	Stockholm
ZZb.ST	Zinzino AB	Stockholm
00001.HK	CK Hutchison Holdings Ltd	Hong Kong
00002.HK	CLP Holdings Ltd	Hong Kong
00006.HK	Power Assets Holdings Ltd	Hong Kong
00016.HK	Sun Hung Kai Properties Ltd	Hong Kong
00017.HK	New World Development Co Ltd	Hong Kong
00019.HK	Swire Pacific Ltd	Hong Kong
00027.HK	Galaxy Entertainment Group Ltd	Hong Kong
00066.HK	MTR Corp Ltd	Hong Kong
00135.HK	Kunlun Energy Co Ltd	Hong Kong
00175.HK	Geely Automobile Holdings Ltd	Hong Kong
00241.HK	Alibaba Health Information Tec	Hong Kong
00257.HK	China Everbright Environment Group Ltd	Hong Kong
00268.HK	Kingdee International Software	Hong Kong
00285.HK	BYD Electronic International	Hong Kong
00322.HK	Tingyi Cayman Islands Holding	Hong Kong
00384.HK	China Gas Holdings Ltd	Hong Kong
00388.HK	Hong Kong Exchanges &amp; Clearing	Hong Kong
00763.HK	ZTE Corp	Hong Kong
00857.HK	PetroChina Co Ltd	Hong Kong
00880.HK	SJM Holdings Ltd	Hong Kong
00966.HK	China Taiping Insurance Holdin	Hong Kong
01055.HK	China Southern Airlines Co Ltd	Hong Kong
01093.HK	CSPC Pharmaceutical Group Ltd	Hong Kong
01113.HK	CK Asset Holdings Ltd	Hong Kong
01114.HK	Brilliance China Automotive	Hong Kong
01128.HK	Wynn Macau Ltd	Hong Kong
01177.HK	Sino Biopharmaceutical Ltd	Hong Kong
01211.HK	BYD Co Ltd	Hong Kong
01336.HK	New China Life Insurance Co Ltd	Hong Kong
01928.HK	Sands China Ltd	Hong Kong
02018.HK	AAC Technologies Holdings Inc	Hong Kong
02020.HK	ANTA Sports Products Ltd	Hong Kong
02196.HK	Shanghai Fosun Pharmaceutical	Hong Kong
02269.HK	Wuxi Biologics Cayman Inc	Hong Kong
02313.HK	Shenzhou International Group	Hong Kong
02319.HK	China Mengniu Dairy Co Ltd	Hong Kong
02382.HK	Sunny Optical Technology Group	Hong Kong
02386.HK	Sinopec Engineering Group Co	Hong Kong
02388.HK	BOC Hong Kong Holdings Ltd	Hong Kong
02688.HK	ENN Energy Holdings Ltd	Hong Kong
03690.HK	Meituan Class B	Hong Kong
0390.HK	China Railway Group	Hong Kong
03908.HK	China International Capital Co	Hong Kong
03993.HK	China Molybdenum Co Ltd	Hong Kong
0434.HK	Boyaa Interactive International Limited	Hong Kong
06060.HK	ZhongAn Online P&amp;C Insurance	Hong Kong
06862.HK	Haidilao International Holding	Hong Kong
06881.HK	China Galaxy Securities Co Ltd	Hong Kong
06886.HK	Huatai Securities Co Ltd	Hong Kong
0939.HK	China Construction Bank	Hong Kong
101.HK	Hang Lung Properties Ltd	Hong Kong
12.HK	Henderson Land Development Co Ltd	Hong Kong
1317.HK	China Maple Leaf Educational Systems Ltd	Hong Kong
1359.HK	China Cinda Asset Management Co Ltd	Hong Kong
1398.HK	Industrial And Commercial Bank of China	Hong Kong
144.HK	China Merchants Port Holding	Hong Kong
1456.HK	Guolian Minsheng Securities H	Hong Kong
151.HK	Want Want China Holdings Ltd	Hong Kong
1618.HK	Metallurgical Corporation of China	Hong Kong
1628.HK	Yuzhou Properties Co Ltd	Hong Kong
1658.HK	Postal Savings Bank of China Co	Hong Kong
168.HK	Tsingtao Brewery Company Limited	Hong Kong
1766.HK	CRRC Corporation Limited	Hong Kong
177.HK	Jiangsu Expressway Company Limited	Hong Kong
1776.HK	GF Securities Co Ltd	Hong Kong
1873.HK	Viva Biotech Holdings	Hong Kong
1966.HK	China SCE Property Holdings Ltd	Hong Kong
1988.HK	China Minsheng Bank	Hong Kong
200.HK	Melco International Development Ltd	Hong Kong
2016.HK	China Zheshang Bank Co Ltd	Hong Kong
2607.HK	Shanghai Pharmaceuticals H	Hong Kong
267.HK	CITIC Limited	Hong Kong
2799.HK	China CITIC Financial Asse H	Hong Kong
288.HK	WH Group Ltd	Hong Kong
291.HK	China Resources Beer (Holdings) Company Limited	Hong Kong
293.HK	Cathay Pacific Airways	Hong Kong
3.HK	Hong Kong &amp; China Gas Co Ltd	Hong Kong
300.HK	Midea Group Co Ltd	Hong Kong
316.HK	Orient Overseas International Ltd	Hong Kong
341.HK	Cafe de Coral Holdings Ltd	Hong Kong
358.HK	Jiangxi Copper Co Ltd H	Hong Kong
3618.HK	Chongqing Rural Commercial Bank Co Ltd	Hong Kong
3958.HK	Orient Securities Company Limited	Hong Kong
3968.HK	China Merchants Bank	Hong Kong
3969.HK	China Railway Signal &amp; Com H	Hong Kong
3996.HK	China Energy Engineering Corp Limited	Hong Kong
4.HK	Wharf Holdings Ltd	Hong Kong
6178.HK	Everbright Securities Company Limited	Hong Kong
6186.HK	China Feihe Ltd	Hong Kong
6198.HK	Qingdao Port International H	Hong Kong
669.HK	Techtronic Industries Co Ltd	Hong Kong
670.HK	China Eastern Airlines Corporation Limited	Hong Kong
6806.HK	Shenwan Hongyuan Group Co Ltd	Hong Kong
6818.HK	China Everbright Bank Company Limited	Hong Kong
6936.HK	SF Holding Co Ltd	Hong Kong
778.HK	Fortune Real Estate Investment Trust	Hong Kong
780.HK	Tongcheng Travel Holdings Lt	Hong Kong
788.HK	China Tower Corp Ltd	Hong Kong
823.HK	Link REIT	Hong Kong
83.HK	Sino Land Co Ltd	Hong Kong
836.HK	China Resources Power Holdings Company Limited	Hong Kong
874.HK	Guangzhou Baiyunshan Pharmaceutical Holdings Co Ltd	Hong Kong
960.HK	Longfor Group Holdings Ltd	Hong Kong
991.HK	Datang Intl Power Gen Co H	Hong Kong
2020.OL	2020 Bulkers Ltd	Oslo
5PG.OL	5Th Planet Games A/S	Oslo
AASB.OL	Aasen Sparebank	Oslo
ABG.OL	ABG Sundal Collier Holding ASA	Oslo
ABTEC.OL	Aqua Bio Technology ASA	Oslo
ACR.OL	Axactor ASA	Oslo
ADS.OL	Ads Maritime Holding Plc	Oslo
AFG.OL	Af Gruppen ASA	Oslo
AFISH.OL	Arctic Fish Holding AS	Oslo
AFK.OL	Arendals Fossekompani ASA	Oslo
AGLX.OL	Agilyx ASA	Oslo
AIX.OL	Ayfie International AS	Oslo
AKAST.OL	Akastor ASA	Oslo
AKBM.OL	Aker Biomarine ASA	Oslo
AKER.OL	Aker ASA	Oslo
AKVA.OL	Akva Group ASA	Oslo
ALNG.OL	ALNG ASA	Oslo
ANDF.OL	Andfjord Salmon Group AS	Oslo
AQUA.OL	Aqualis ASA	Oslo
ARCH.OL	Archer Ltd	Oslo
ARR.OL	Arribatec Group ASA	Oslo
ATEA.OL	Atea ASA	Oslo
AURG.OL	Aurskog Sparebank	Oslo
AUSS.OL	Austevoll Seafood ASA	Oslo
AZT.OL	Arcticzymes Technologies ASA	Oslo
B2I.OL	B2 Impact ASA	Oslo
BAKKA.OL	P/F Bakkafrost	Oslo
BCS.OL	Bergen Carbon Solutions AS	Oslo
BEWI.OL	Bewi ASA	Oslo
BIEN.OL	Bien Sparebank ASA	Oslo
BINT.OL	BEVEST ASA	Oslo
BNOR.OL	Bluenord ASA	Oslo
BONHR.OL	Bonheur ASA	Oslo
BOR.OL	Borgestad ASA	Oslo
BOUV.OL	Bouvet ASA	Oslo
BRG.OL	Borregaard ASA	Oslo
BWE.OL	BW Energy Ltd	Oslo
BWO.OL	BW Offshore Ltd	Oslo
CADLR.OL	Cadeler A/S	Oslo
CAMBI.OL	Cambi ASA	Oslo
CAPSL.OL	Capsol Technologies ASA	Oslo
CAPT.OL	Capital Tankers Corp.	Oslo
CLOUD.OL	Cloudberry Clean Energy ASA	Oslo
CONTX.OL	ContextVision AB	Oslo
CYVIZ.OL	Cyviz AS	Oslo
DDRIL.OL	Dolphin Drilling AS	Oslo
DFENS.OL	Fjord Defence Group ASA	Oslo
DNO.OL	DNO ASA	Oslo
DOFG.OL	Dof Group ASA	Oslo
DSRT.OL	Desert Control AS	Oslo
DVD.OL	Deep Value Driller AS	Oslo
EIOF.OL	Eidesvik Offshore ASA	Oslo
ELABS.OL	Elliptic Laboratories ASA	Oslo
ELIMP.OL	Elektroimportoren AS	Oslo
ELK.OL	Elkem ASA	Oslo
ELMRA.OL	Elmera Group ASA	Oslo
ELO.OL	Elopak ASA	Oslo
ENDUR.OL	Endur ASA	Oslo
ENH.OL	SED Energy Holdings PLC	Oslo
ENSU.OL	Ensurge Micropower ASA	Oslo
EPR.OL	Europris ASA	Oslo
EQVA.OL	Eqva ASA	Oslo
FFSB.OL	Flekkefjord Sparebank	Oslo
GENT.OL	Gentian Diagnostics ASA	Oslo
GEOS.OL	Golden Energy Offshore Services ASA	Oslo
GIGA.OL	Gigante Salmon AS	Oslo
GOD.OL	Goodtech ASA	Oslo
GRONG.OL	Grong Sparebank	Oslo
GSF.OL	Grieg Seafood ASA	Oslo
HAUTO.OL	Hoegh Autoliners ASA	Oslo
HAV.OL	Hav Group ASA	Oslo
HAVI.OL	Havila Shipping ASA	Oslo
HELG.OL	Sparebank 1 Helgeland	Oslo
HEX.OL	Hexagon Composites ASA	Oslo
HGSB.OL	Haugesund Sparebank	Oslo
HKY.OL	Havila Kystruten AS	Oslo
HPUR.OL	Hexagon Purus ASA	Oslo
HUDL.OL	Huddlestock Fintech AS	Oslo
HUNT.OL	Hunter Group ASA	Oslo
HYPRO.OL	Hydrogenpro ASA	Oslo
IDEX.OL	Idex Biometrics ASA	Oslo
ININ.OL	Inin Group AS	Oslo
INSTA.OL	Instabank ASA	Oslo
IOX.OL	Interoil Exploration and Production ASA	Oslo
ISLAX.OL	Icelandic Salmon AS	Oslo
ITERA.OL	Itera ASA	Oslo
IWS.OL	Integrated Wind Solutions ASA	Oslo
JAREN.OL	Jaeren Sparebank	Oslo
JIN.OL	Jinhui Shipping and Transportation Ltd	Oslo
KCC.OL	Klaveness Combination Carriers ASA	Oslo
KID.OL	Kid ASA	Oslo
KIT.OL	Kitron ASA	Oslo
KLDVK.OL	Kaldvik AS	Oslo
KOA.OL	Kongsberg Automotive ASA	Oslo
KOMPL.OL	Komplett ASA	Oslo
KRAB.OL	Kraft Bank ASA	Oslo
LINK.OL	Link Mobility Group Holding ASA	Oslo
LOKO.OL	Lokotech Group AS	Oslo
LSG.OL	Leroy Seafood Group ASA	Oslo
LYTIX.OL	LYTIX BIOPHARMA ASA	Oslo
MAS.OL	Masoval AS	Oslo
MEDI.OL	Medistim ASA	Oslo
MELG.OL	Melhus Sparebank	Oslo
MGN.OL	Magnora ASA	Oslo
MING.OL	Sparebank 1 SMN	Oslo
MORG.OL	Sparebanken More	Oslo
MOWI.OL	Mowi ASA	Oslo
MPCC.OL	MPC Container Ships ASA	Oslo
MPCES.OL	MPC Energy Solutions NV	Oslo
MULTI.OL	Multiconsult ASA	Oslo
MVW.OL	M Vest Water AS	Oslo
NAPA.OL	Napatech A/S	Oslo
NAS.OL	Norwegian Air Shuttle	Oslo
NAVA.OL	Navamedic ASA	Oslo
NCOD.OL	Norcod AS	Oslo
NEXT.OL	Next Biometrics Group ASA	Oslo
NISB.OL	Nidaros Sparebank	Oslo
NKR.OL	Nekkar Asa	Oslo
NOAP.OL	Nordic Aqua Partners AS	Oslo
NOHAL.OL	Nordic Halibut AS	Oslo
NOL.OL	Northern Ocean Ltd	Oslo
NOM.OL	Nordic Mining ASA	Oslo
NONG.OL	Sparebank 1 Nord-Norge	Oslo
NORAM.OL	Noram Drilling AS	Oslo
NORBT.OL	Norbit ASA	Oslo
NORCO.OL	Norconsult ASA	Oslo
NORDH.OL	Nordhealth AS	Oslo
NORSE.OL	Norse Atlantic ASA	Oslo
NORTH.OL	North Energy ASA	Oslo
NRC.OL	NRC Group ASA	Oslo
NSKOG.OL	Norske Skog ASA	Oslo
NTI.OL	Norsk Titanium AS	Oslo
NYKD.OL	Nykode Therapeutics ASA	Oslo
ODF.OL	Odfjell SE	Oslo
ODL.OL	Odfjell Drilling Ltd	Oslo
OET.OL	Okeanis Eco Tankers Corp	Oslo
OKEA.OL	Okea ASA	Oslo
OMDA.OL	Omda AS	Oslo
ONCIN.OL	Oncoinvent ASA	Oslo
ORK.OL	Orkla	Oslo
OSUN.OL	Ocean Sun AS	Oslo
OTEC.OL	Otello Corporation ASA	Oslo
OTL.OL	Odfjell Technology Ltd	Oslo
OTOVO.OL	Otovo ASA	Oslo
PARB.OL	Pareto Bank ASA	Oslo
PEN.OL	Panoro Energy ASA	Oslo
PEXIP.OL	Pexip Holding ASA	Oslo
PHO.OL	Photocure ASA	Oslo
PLSV.OL	Paratus Energy Services Ltd	Oslo
PLT.OL	Polight ASA	Oslo
PNOR.OL	Petronor E&amp;P ASA	Oslo
POL.OL	Polaris Media ASA	Oslo
PROT.OL	Protector Forsikring ASA	Oslo
PROXI.OL	Proximar Seafood AS	Oslo
PRS.OL	Prosafe	Oslo
PSE.OL	Petrolia E&amp;P Holdings Plc	Oslo
PYRUM.OL	Pyrum Innovations AG	Oslo
QEC.OL	Questerre Energy Corp (Canada)	Oslo
REACH.OL	Reach Subsea ASA	Oslo
RING.OL	Sparebank 1 Ringerike Hadeland	Oslo
RIVER.OL	River Tech plc	Oslo
ROGS.OL	Rogaland Sparebank	Oslo
ROMER.OL	Romerike Sparebank	Oslo
SALM.OL	SalMar ASA	Oslo
SALME.OL	Salmon Evolution ASA	Oslo
SATS.OL	Sats ASA	Oslo
SB1NO.OL	Sparebank 1 SR Bank ASA	Oslo
SB68.OL	Sparebank 68 Grader Nord	Oslo
SBNOR.OL	Sparebanken Norge	Oslo
SBO.OL	Selvaag Bolig ASA	Oslo
SCANA.OL	Scana ASA	Oslo
SCATC.OL	Scatec ASA	Oslo
SEA1.OL	Siem Offshore Inc	Oslo
SKAND.OL	Skandia Greenpower AS	Oslo
SKUE.OL	Skue Sparebank	Oslo
SMOP.OL	Smartoptics Group ASA	Oslo
SNI.OL	Stolt-Nielsen Ltd	Oslo
SNOR.OL	Sparebank 1 Nordmore	Oslo
SOAG.OL	Sparebank 1 Ostfold Akershus	Oslo
SOFF.OL	Solstad Offshore ASA	Oslo
SOGN.OL	Sogn Sparebank	Oslo
SOMA.OL	Solstad Maritime Holding AS	Oslo
SPOG.OL	Sparebanken Ost	Oslo
SPOL.OL	Sparebank 1 Ostlandet	Oslo
STRO.OL	Strongpoint ASA	Oslo
STST.OL	Stainless Tankers ASA	Oslo
TEKNA.OL	Tekna Holding ASA	Oslo
TINDE.OL	Tinde Sparebank	Oslo
TOM.OL	Tomra Systems	Oslo
TRMED.OL	Thor Medical ASA	Oslo
VEI.OL	Veidekke ASA	Oslo
VEND	Vend Marketplaces ASA	Oslo
VISTN.OL	Vistin Pharma ASA	Oslo
VOIM.OL	Voim ASA	Oslo
VOW.OL	Vow ASA	Oslo
VTURA.OL	Ventura Offshore Holding Ltd	Oslo
VVL.OL	Voss Veksel og Landmandsbank ASA	Oslo
WAWI.OL	Wallenius Wilhelmsen ASA	Oslo
WEST.OL	Western Bulk Chartering AS	Oslo
WSTEP.OL	Webstep ASA	Oslo
WWI.OL	Wilh Wilhelmsen Holding ASA	Oslo
WWIB.OL	Wilh Wilhelmsen Holding ASA	Oslo
XPLRA.OL	Xplora Technologies AS	Oslo
YAR.OL	Yara International	Oslo
ZAL.OL	Zalaris ASA	Oslo
ZAP.OL	Zaptec ASA	Oslo
ZLNA.OL	Zelluna ASA	Oslo
1332.T	Nissui Corp.	Tokyo
1605.T	INPEX Corp.	Tokyo
1721.T	COMSYS Holdings Corp.	Tokyo
1801.T	Taisei Corp.	Tokyo
1802.T	Obayashi Corp.	Tokyo
1803.T	Shimizu Corp.	Tokyo
1808.T	Haseko Corp.	Tokyo
1812.T	Kajima Corp.	Tokyo
1925.T	Daiwa House Industry Co. Ltd.	Tokyo
1928.T	Sekisui House Ltd.	Tokyo
1963.T	JGC Holdings Corp.	Tokyo
2002.T	Nisshin Seifun Group Inc.	Tokyo
2269.T	Meiji Holdings Co. Ltd.	Tokyo
2282.T	NH Foods Ltd.	Tokyo
2413.T	M3 Inc.	Tokyo
2432.T	DeNA Co. Ltd.	Tokyo
2501.T	Sapporo Breweries Ltd	Tokyo
2502.T	Asahi Group Holdings Ltd.	Tokyo
2503.T	Kirin Holdings Co. Ltd.	Tokyo
2768.T	Sojitz Corp.	Tokyo
2801.T	Kikkoman Corp.	Tokyo
2802.T	Ajinomoto Co. Inc.	Tokyo
285A.T	Kioxia Holdings Corp	Tokyo
2871.T	Nichirei Corp.	Tokyo
2914.T	Japan Tobacco Inc.	Tokyo
3086.T	J. Front Retailing Co. Ltd.	Tokyo
3092.T	ZOZO Inc.	Tokyo
3099.T	Isetan Mitsukoshi Holdings Ltd.	Tokyo
3289.T	Tokyu Fudosan Holdings Corp	Tokyo
3382.T	Seven &amp; i Holdings Co. Ltd.	Tokyo
3401.T	Teijin Ltd.	Tokyo
3402.T	Toray Industries Inc.	Tokyo
3405.T	Kuraray Co. Ltd.	Tokyo
3407.T	Asahi Kasei Corp.	Tokyo
3436.T	Sumco Corp	Tokyo
3659.T	Nexon Co. Ltd.	Tokyo
3697.T	SHIFT Inc	Tokyo
3861.T	Oji Holdings Corp.	Tokyo
4004.T	Resonac Holdings Corp.	Tokyo
4005.T	Sumitomo Chemical Co. Ltd.	Tokyo
4021.T	Nissan Chemical Corp.	Tokyo
4042.T	Tosoh Corp.	Tokyo
4043.T	Tokuyama Corp.	Tokyo
4061.T	Denka Co. Ltd.	Tokyo
4062.T	Ibiden Co Ltd	Tokyo
4063.T	Shin-Etsu Chemical Co. Ltd.	Tokyo
4151.T	Kyowa Kirin Co. Ltd.	Tokyo
4183.T	Mitsui Chemicals Inc.	Tokyo
4188.T	Mitsubishi Chemical Group Corp.	Tokyo
4208.T	Ube Corp.	Tokyo
4307.T	Nomura Research Institute Ltd	Tokyo
4324.T	Dentsu Group Inc.	Tokyo
4385.T	Mercari Inc.	Tokyo
4452.T	Kao Corp.	Tokyo
4502.T	Takeda Pharmaceutical Co. Ltd.	Tokyo
4503.T	Astellas Pharma Inc.	Tokyo
4506.T	Sumitomo Pharma Co. Ltd.	Tokyo
4507.T	Shionogi &amp; Co. Ltd.	Tokyo
4519.T	Chugai Pharmaceutical Co. Ltd.	Tokyo
4523.T	Eisai Co. Ltd.	Tokyo
4543.T	Terumo Corp.	Tokyo
4568.T	Daiichi Sankyo Co. Ltd.	Tokyo
4578.T	Otsuka Holdings Co. Ltd.	Tokyo
4661.T	Oriental Land Co. Ltd.	Tokyo
4689.T	LY Corp.	Tokyo
4704.T	Trend Micro Inc.	Tokyo
4751.T	CyberAgent Inc.	Tokyo
4755.T	Rakuten Group Inc.	Tokyo
4901.T	FUJIFILM Holdings Corp.	Tokyo
4902.T	Konica Minolta Inc.	Tokyo
4911.T	Shiseido Co. Ltd.	Tokyo
5019.T	Idemitsu Kosan Co. Ltd.	Tokyo
5020.T	ENEOS Holdings Inc.	Tokyo
5101.T	Yokohama Rubber Co. Ltd.	Tokyo
5108.T	Bridgestone Corp.	Tokyo
5201.T	AGC Inc.	Tokyo
5214.T	Nippon Electric Glass Co. Ltd.	Tokyo
5233.T	Taiheiyo Cement Corp.	Tokyo
5301.T	Tokai Carbon Co. Ltd.	Tokyo
5332.T	TOTO Ltd.	Tokyo
5333.T	NGK Insulators Ltd.	Tokyo
5401.T	Nippon Steel Corp.	Tokyo
5406.T	Kobe Steel Ltd.	Tokyo
5411.T	JFE Holdings Inc.	Tokyo
543A.T	ARCHION Corp	Tokyo
5631.T	The Japan Steel Works Ltd.	Tokyo
5706.T	Mitsui Mining &amp; Smelting Co. Ltd.	Tokyo
5711.T	Mitsubishi Materials Corp.	Tokyo
5713.T	Sumitomo Metal Mining Co. Ltd.	Tokyo
5714.T	DOWA Holdings Co. Ltd.	Tokyo
5801.T	Furukawa Electric Co. Ltd.	Tokyo
5802.T	Sumitomo Electric Industries Ltd.	Tokyo
5803.T	Fujikura Ltd.	Tokyo
5831.T	Shizuoka Financial Group Inc	Tokyo
6098.T	Recruit Holdings Co. Ltd.	Tokyo
6103.T	Okuma Corp.	Tokyo
6113.T	Amada Co. Ltd.	Tokyo
6146.T	Disco Corp.	Tokyo
6178.T	Japan Post Holdings Co. Ltd.	Tokyo
6273.T	SMC Corp.	Tokyo
6301.T	Komatsu Ltd.	Tokyo
6302.T	Sumitomo Heavy Industries Ltd.	Tokyo
6305.T	Hitachi Construction Machinery Co. Ltd.	Tokyo
6326.T	Kubota Corp.	Tokyo
6361.T	Ebara Corp.	Tokyo
6367.T	Daikin Industries Ltd.	Tokyo
6471.T	NSK Ltd.	Tokyo
6472.T	NTN Corp.	Tokyo
6473.T	JTEKT Corp.	Tokyo
6479.T	Minebea Mitsumi Inc.	Tokyo
6501.T	Hitachi Ltd.	Tokyo
6503.T	Mitsubishi Electric Corp.	Tokyo
6504.T	Fuji Electric Co. Ltd.	Tokyo
6506.T	Yaskawa Electric Corp.	Tokyo
6526.T	Socionext Inc.	Tokyo
6532.T	BayCurrent Inc	Tokyo
6645.T	OMRON Corp.	Tokyo
6674.T	GS Yuasa Corp	Tokyo
6701.T	NEC Corp.	Tokyo
6702.T	Fujitsu Ltd.	Tokyo
6723.T	Renesas Electronics Corp.	Tokyo
6724.T	Seiko Epson Corp.	Tokyo
6752.T	Panasonic Holdings Corp.	Tokyo
6753.T	Sharp Corp.	Tokyo
6758.T	Sony Group Corp.	Tokyo
6762.T	TDK Corp.	Tokyo
6770.T	Alps Alpine Co. Ltd.	Tokyo
6841.T	Yokogawa Electric Corp.	Tokyo
6857.T	Advantest Corp.	Tokyo
6861.T	Keyence Corp.	Tokyo
6902.T	Denso Corp.	Tokyo
6920.T	Lasertec Corp.	Tokyo
6952.T	Casio Computer Co. Ltd.	Tokyo
6954.T	FANUC Corp.	Tokyo
6963.T	Rohm Co Ltd	Tokyo
6971.T	Kyocera Corp.	Tokyo
6976.T	Taiyo Yuden Co. Ltd.	Tokyo
6981.T	Murata Manufacturing Co. Ltd.	Tokyo
6988.T	Nitto Denko Corp.	Tokyo
7004.T	Hitachi Zosen Corp.	Tokyo
7011.T	Mitsubishi Heavy Industries Ltd.	Tokyo
7012.T	Kawasaki Heavy Industries Ltd.	Tokyo
7013.T	IHI Corp.	Tokyo
7186.T	First Bank of Toyama Ltd.	Tokyo
7201.T	Nissan Motor Co. Ltd.	Tokyo
7202.T	Isuzu Motors Ltd.	Tokyo
7203.T	Toyota Motor Corp.	Tokyo
7211.T	Mitsubishi Motors Corp.	Tokyo
7261.T	Mazda Motor Corp.	Tokyo
7267.T	Honda Motor Co. Ltd.	Tokyo
7269.T	Suzuki Motor Corp.	Tokyo
7270.T	Subaru Corp.	Tokyo
7272.T	Yamaha Motor Co. Ltd.	Tokyo
7453.T	Ryohin Keikaku Co. Ltd.	Tokyo
7731.T	Nikon Corp.	Tokyo
7733.T	Olympus Corp.	Tokyo
7735.T	SCREEN Holdings Co. Ltd.	Tokyo
7741.T	HOYA Corp.	Tokyo
7751.T	Canon Inc.	Tokyo
7752.T	Ricoh Co. Ltd.	Tokyo
7832.T	Bandai Namco Holdings Inc.	Tokyo
7911.T	TOPPAN Holdings Inc.	Tokyo
7912.T	Dai Nippon Printing Co. Ltd.	Tokyo
7951.T	Yamaha Corp.	Tokyo
7974.T	Nintendo Co. Ltd.	Tokyo
8001.T	ITOCHU Corp.	Tokyo
8002.T	Marubeni Corp.	Tokyo
8015.T	Toyota Tsusho Corp.	Tokyo
8031.T	Mitsui &amp; Co. Ltd.	Tokyo
8035.T	Tokyo Electron Ltd.	Tokyo
8053.T	Sumitomo Corp.	Tokyo
8058.T	Mitsubishi Corp.	Tokyo
8233.T	Takashimaya Co. Ltd.	Tokyo
8252.T	Marui Group Co. Ltd.	Tokyo
8253.T	Credit Saison Co Ltd	Tokyo
8267.T	Aeon Co. Ltd.	Tokyo
8304.T	Aozora Bank Ltd.	Tokyo
8306.T	Mitsubishi UFJ Financial Group Inc.	Tokyo
8308.T	Resona Holdings Inc.	Tokyo
8309.T	Sumitomo Mitsui Trust Holdings Inc.	Tokyo
8316.T	Sumitomo Mitsui Financial Group Inc.	Tokyo
8331.T	The Chiba Bank Ltd.	Tokyo
8354.T	Fukuoka Financial Group Inc.	Tokyo
8411.T	Mizuho Financial Group Inc.	Tokyo
8591.T	ORIX Corp	Tokyo
8601.T	Daiwa Securities Group Inc.	Tokyo
8604.T	Nomura Holdings Inc.	Tokyo
8630.T	Sompo Holdings Inc.	Tokyo
8697.T	Japan Exchange Group Inc.	Tokyo
8725.T	MS&amp;AD Insurance Group Holdings Inc.	Tokyo
8750.T	Dai-ichi Life Holdings Inc.	Tokyo
8766.T	Tokio Marine Holdings Inc.	Tokyo
8795.T	T&amp;D Holdings Inc.	Tokyo
8801.T	Mitsui Fudosan Co. Ltd.	Tokyo
8802.T	Mitsubishi Estate Co. Ltd.	Tokyo
8804.T	Tokyo Tatemono Co. Ltd.	Tokyo
8830.T	Sumitomo Realty &amp; Development Co. Ltd.	Tokyo
9001.T	Tobu Railway Co. Ltd.	Tokyo
9005.T	Tokyu Corp.	Tokyo
9007.T	Odakyu Electric Railway Co. Ltd.	Tokyo
9008.T	Keio Corp.	Tokyo
9009.T	Keisei Electric Railway Co. Ltd.	Tokyo
9020.T	East Japan Railway Co.	Tokyo
9021.T	West Japan Railway Co.	Tokyo
9022.T	Central Japan Railway Co.	Tokyo
9064.T	Yamato Holdings Co. Ltd.	Tokyo
9101.T	Nippon Yusen K.K.	Tokyo
9104.T	Mitsui O.S.K. Lines Ltd.	Tokyo
9107.T	Kawasaki Kisen Kaisha Ltd.	Tokyo
9147.T	Nippon Express Holdings Inc	Tokyo
9201.T	Japan Airlines Co. Ltd.	Tokyo
9202.T	ANA Holdings Inc.	Tokyo
9432.T	Nippon Telegraph and Telephone Corp.	Tokyo
9433.T	KDDI Corp.	Tokyo
9434.T	SoftBank Corp.	Tokyo
9501.T	Tokyo Electric Power Company Holdings Inc.	Tokyo
9502.T	Chubu Electric Power Co. Inc.	Tokyo
9503.T	The Kansai Electric Power Co. Inc.	Tokyo
9531.T	Tokyo Gas Co. Ltd.	Tokyo
9532.T	Osaka Gas Co. Ltd.	Tokyo
9602.T	Toho Co. Ltd.	Tokyo
9735.T	SECOM Co. Ltd.	Tokyo
9766.T	Konami Group Corp.	Tokyo
9843.T	Nitori Holdings Co. Ltd.	Tokyo
9983.T	Fast Retailing Co. Ltd.	Tokyo
9984.T	SoftBank Group Corp.	Tokyo
A2A.MI	A2A Group	Milan
ACE.MI	ACEA S.p.A.	Milan
ANIM.MI	Anima Holding S.p.A	Milan
ARN.MI	Alerion Clean Power S.p.A	Milan
AVIO.MI	Avio SpA	Milan
AZM.MI	Azimut Holding	Milan
BFF.MI	BFF Bank S.p.A	Milan
CE.MI	Credito Emiliano S.p.A	Milan
CEM.MI	Cementir Holding N.V	Milan
DAN.MI	Danieli &amp; C. Officine Meccaniche S.p.A	Milan
DNR.MI	Industrie De Nora S.p.A	Milan
HER.MI	Hera SPA	Milan
ICOP.MI	ICoP SpA SB Societa Benefit	Milan
IRE.MI	Iren	Milan
IVG.MI	Iveco Group N.V	Milan
JUVE.MI	Juventus Football Club	Milan
MFEB.MI	MFE - MediaForEurope NV	Milan
MOL.MI	Gruppo MutuiOnline S.p.A	Milan
PIA.MI	Piaggio &amp; C. SpA	Milan
SL.MI	Sanlorenzo S.p.A	Milan
SOL.MI	SOL S.p.A	Milan
TIP.MI	Tamburi Investment Partners S.p.A	Milan
WBD.MI	Webuild S.p.A	Milan
CMBN.ZU	Cembra Money Bank AG	Zurich
HBAN.ZU	Helvetia Baloise Holding AG	Zurich
LISP.ZU	Chocoladefabriken Lindt &amp; Sprungli AG	Zurich
ACOMO.NV	Acomo NV	Amsterdam
AJAX.NV	AFC Ajax NV	Amsterdam
ALLFG.NV	Allfunds Group PLC	Amsterdam
ALX.NV	Alumexx NV	Amsterdam
AMG.NV	AMG Advanced Metallurgical Group NV	Amsterdam
AMUND.NV	Almunda Professionals NV	Amsterdam
AZRN.NV	Azerion Group NV	Amsterdam
BRNL.NV	Brunel International NV	Amsterdam
CABKA.NV	Cabka NV	Amsterdam
CMCOM.NV	CM.com NV	Amsterdam
CTAC.NV	Ctac NV	Amsterdam
EAS2P.NV	Ease2pay NV	Amsterdam
ENVI.NV	Envipco Holding NV	Amsterdam
EXO.NV	Exor NV	Amsterdam
FFARM.NV	ForFarmers NV	Amsterdam
FLOW.NV	Flow Traders Cooperatief UA	Amsterdam
HAL.NV	HAL Trust	Amsterdam
HEIJM.NV	Koninklijke Heijmans NV	Amsterdam
HEIO.NV	Heineken Holding NV	Amsterdam
HOLCO.NV	Holland Colours NV	Amsterdam
INPST.NV	InPost SA	Amsterdam
JDEP.NV	JDE Peet&#x27;s NV	Amsterdam
KENDR.NV	Kendrion NV	Amsterdam
MORE.NV	Morefield Group NV	Amsterdam
NAI.NV	New Amsterdam Invest NV	Amsterdam
NEDAP.NV	Nedap NV	Amsterdam
NEDSE.NV	MKB Nedsense NV	Amsterdam
NRP.NV	Nepi Rockcastle NV	Amsterdam
NXFIL.NV	NX Filtration NV	Amsterdam
PBH.NV	PB Holding N.V.	Amsterdam
PHARM.NV	Pharming Group NV	Amsterdam
REINA.NV	Reinet Investments SCA	Amsterdam
SIFG.NV	Sif Holding NV	Amsterdam
TOM2.NV	TomTom BV	Amsterdam
VALUE.NV	Value8 NV	Amsterdam
VLK.NV	Van Lanschot Kempen NV	Amsterdam
VVY.NV	Vivoryon Therapeutics NV	Amsterdam
WHA.NV	Wereldhave NV	Amsterdam
ABI.BR	Anheuser Busch InBev	Brussels
ABO.BR	Abo-Group Environment NV	Brussels
ACCB.BR	Accentis NV	Brussels
ACKB.BR	Ackermans &amp; Van Haaren NV	Brussels
AED.BR	Aedifica SA	Brussels
AGFB.BR	AGFA Gevaert NV	Brussels
AGS.BR	Ageas NV	Brussels
ARGX.BR	Argenx Se	Brussels
ASCE.BR	Ascencio SA	Brussels
ATEB.BR	Atenor SA	Brussels
AZE.BR	Azelis Group NV	Brussels
BANI.BR	Banimmo SA	Brussels
BANQ.BR	Banqup Group	Brussels
BAR.BR	Barco NV	Brussels
BEKB.BR	NV Bekaert SA	Brussels
BIOS.BR	Biosenic SA	Brussels
BNB.BR	Nationale Bank Van Belgie NV	Brussels
BPOST.BR	Bpost SA	Brussels
BREB.BR	Brederode SA	Brussels
BTLS.BR	Biotalys NV	Brussels
CENER.BR	Cenergy Holdings SA	Brussels
CFEB.BR	Compagnie dentreprises CFE SA	Brussels
COLR.BR	Colruyt Group	Brussels
COMB.BR	Compagnie du Bois Sauvage SA	Brussels
CPINV.BR	Care Property Invest NV	Brussels
DECB.BR	Deceuninck NV	Brussels
DEME.BR	DEME Group NV	Brussels
DIE.BR	DIeteren Group SA	Brussels
ECONB.BR	Econocom Group SE	Brussels
EKOP.BR	Ekopak NV	Brussels
ELI.BR	Elia Group SA	Brussels
EVS.BR	EVS	Brussels
FAGR.BR	Fagron NV	Brussels
FLUX.BR	Fluxys Belgium NV	Brussels
GBLB.BR	Groupe Bruxelles Lambert	Brussels
GIMB.BR	Gimv NV	Brussels
HOMI.BR	Home Invest Belgium SA	Brussels
HYL.BR	Hyloris Pharmaceuticals SA	Brussels
HYSG.BR	Hybrid Software Group PLC	Brussels
IBAB.BR	Ion Beam Applications SA	Brussels
IEP.BR	Iep Invest NV	Brussels
IMMO.BR	Compagnie Immobiliere de Belgique	Brussels
INCLU.BR	Inclusio SA	Brussels
JEN.BR	Jensen-Group NV	Brussels
KBC.BR	KBC Groep	Brussels
KBCA.BR	Kbc Ancora NV	Brussels
KIN.BR	Kinepolis Group NV	Brussels
LOTB.BR	Lotus Bakeries NV	Brussels
MELE.BR	Melexis NV	Brussels
MONT.BR	Montea NV	Brussels
NEXTA.BR	Nextensa NV	Brussels
NYXH.BR	Nyxoah SA	Brussels
OBEL.BR	Orange Belgium NV	Brussels
ONTEX.BR	Ontex Group NV	Brussels
ONWD.BR	ONWARD Medical NV	Brussels
OPTI.BR	Option	Brussels
PROX.BR	Proximus SA	Brussels
QFG.BR	Quest for Growth NV	Brussels
QRF.BR	Qrf NV	Brussels
RECT.BR	Recticel NV	Brussels
RET.BR	Retail Estates NV	Brussels
SEQUA.BR	Sequana Medical NV	Brussels
SHUR.BR	Shurgard Self Storage Ltd	Brussels
SIP.BR	Sipef NV	Brussels
SOF.BR	Sofina SA	Brussels
SOLB.BR	SOLVAY	Brussels
SYENS.BR	Syensqo SA	Brussels
TESB.BR	Tessenderlo Group NV	Brussels
TEXF.BR	Texaf NV	Brussels
TINC.BR	Tinc NV	Brussels
TITC.BR	Titan SA	Brussels
TUB.BR	Financiere de Tubize SA	Brussels
UCB.BR	UCB SA	Brussels
UMI.BR	Umicore	Brussels
VAN.BR	Van de Velde NV	Brussels
VASTB.BR	Vastned Belgium NV	Brussels
VGP.BR	VGP NV	Brussels
VIO.BR	Viohalco SA	Brussels
WDP.BR	Warehouses De Pauw NV	Brussels
WEB.BR	Warehouses Estates Belgium SA	Brussels
WEHB.BR	Wereldhave Belgium NV	Brussels
XIOR.BR	Xior Student Housing NV	Brussels
ADMCM.HE	Admicom Oyj	Helsinki
AIFORIA.HE	Aiforia Technologies Oyj	Helsinki
AKTIA.HE	Aktia Bank Abp	Helsinki
ALBAV.HE	Alandsbanken Abp	Helsinki
ALEX.HE	Alexandria Group Oyj	Helsinki
ALMAC.HE	Alma Media Oyj	Helsinki
ANORA.HE	Anora Group Oyj	Helsinki
APETIT.HE	Apetit Oyj	Helsinki
ASPO.HE	Aspo Oyj	Helsinki
ATRAV.HE	Atria Oyj	Helsinki
BITTI.HE	Bittium Oyj	Helsinki
CANATU.HE	Canatu Oyj	Helsinki
CAPMAN.HE	CapMan Oyj	Helsinki
CTY1S.HE	Citycon Oyj	Helsinki
DETEC.HE	Detection Technology Oyj	Helsinki
DIGIA.HE	Digia Oyj	Helsinki
ELISA.HE	Elisa Oyj	Helsinki
ENENTO.HE	Enento Group Oyj	Helsinki
EQV1V.HE	eQ Oyj	Helsinki
ETTE.HE	Etteplan Oyj	Helsinki
EVLI.HE	Evli Oyj	Helsinki
FIA1S.HE	Finnair Oyj	Helsinki
FORTUM.HE	Fortum Oyj	Helsinki
FSECURE.HE	F Secure Oyj	Helsinki
FSKRS.HE	Fiskars Oyj Abp	Helsinki
GOFORE.HE	Gofore Oyj	Helsinki
GRK.HE	GRK Infra Oyj	Helsinki
HARVIA.HE	Harvia Oyj	Helsinki
HEALTH.HE	Nightingale Health Oyj	Helsinki
HIAB.HE	Hiab Oyj	Helsinki
HKFOODS.HE	HKFoods Oyj	Helsinki
HUH1V.HE	Huhtamaki Oyj	Helsinki
ICP1V.HE	Incap Oyj	Helsinki
ILKKA.HE	Ilkka Oyj	Helsinki
KALMAR.HE	Kalmar Oyj-B Share	Helsinki
KCR.HE	Konecranes Oyj	Helsinki
KEMIRA.HE	Kemira Oyj	Helsinki
KEMPOWR.HE	Kempower Oyj	Helsinki
KESKOA.HE	Kesko Oyj	Helsinki
KESKOB.HE	Kesko Oyj B	Helsinki
KNEBV.HE	KONE Oyj	Helsinki
KOSKI.HE	Koskisen Oyj	Helsinki
LEMON.HE	Lemonsoft Oyj	Helsinki
LINDEX.HE	Lindex Group Oyj	Helsinki
LUOTEA.HE	Luotea Plc	Helsinki
MANTA.HE	Mandatum Holding Oy	Helsinki
MEKKO.HE	Marimekko Oyj	Helsinki
METSB.HE	Metsa Board	Helsinki
METSO.HE	Metso Corporation	Helsinki
MUSTI.HE	Musti Group Oyj	Helsinki
NESTE.HE	Neste Oyj	Helsinki
NOHOP.HE	NoHo Partners Oyj	Helsinki
NOKIA.HE	Nokia Corp.	Helsinki
NXTMH.HE	Nexstim Oyj	Helsinki
OLVAS.HE	Olvi Oyj	Helsinki
OMASP.HE	Oma Saastopankki Oyj	Helsinki
ORIOLA.HE	Oriola Oyj	Helsinki
ORNBV.HE	Orion Oyj Class B	Helsinki
OUT1V.HE	Outokumpu Oyj	Helsinki
PAMPALO.HE	Endomines Finland Oyj	Helsinki
PIHLIS.HE	Pihlajalinna Oyj	Helsinki
PON1V.HE	Ponsse Oyj	Helsinki
PUUILO.HE	Puuilo Oyj	Helsinki
RAIVV.HE	Raisio Oyj	Helsinki
RAUTE.HE	Raute Oyj	Helsinki
REG1V.HE	Revenio Group Oyj	Helsinki
RELAIS.HE	Relais Group Oyj	Helsinki
REMEDY.HE	Remedy Entertainment Oyj	Helsinki
SAMPO.HE	Sampo Oyj A	Helsinki
SANOMA.HE	Sanoma Oyj	Helsinki
SBI.HE	Sunborn International Oyj	Helsinki
SCANFL.HE	Scanfil Oyj	Helsinki
SFOODS.HE	Solar Foods Oyj	Helsinki
SITOWS.HE	Sitowise Group Oyj	Helsinki
SSABAH.HE	SSAB AB ser. A	Helsinki
SSH1V.HE	SSH Communications Security Oyj	Helsinki
STERV.HE	Stora Enso Oyj	Helsinki
SUMMA.HE	Summa Defence Oyj	Helsinki
SUY1V.HE	Suominen Oyj	Helsinki
TAALA.HE	Taaleri Oyj	Helsinki
TNOM.HE	Talenom Oyj	Helsinki
TOKMAN.HE	Tokmanni Group Oyj	Helsinki
TTALO.HE	Terveystalo Oyj	Helsinki
TYRES.HE	Nokian Renkaat Oyj	Helsinki
UNITED.HE	United Bankers Oyj	Helsinki
UPM.HE	UPM-Kymmene Oyj	Helsinki
VAIAS.HE	Vaisala Oyj	Helsinki
VALMT.HE	Valmet Corporation	Helsinki
VERK.HE	Verkkokauppa.com Oyj	Helsinki
VIK1V.HE	Viking Line Abp	Helsinki
WRT1V.HE	Wärtsilä Oyj Abp	Helsinki
YIT.HE	YIT Oyj	Helsinki
ALKB.CO	ALK Abello A/S	Copenhagen
ALMB.CO	ALM Brand AS	Copenhagen
ALSYDB.CO	AL Sydbank	Copenhagen
AMBUB.CO	Ambu A/S	Copenhagen
AOJb.CO	Broedrene A &amp; O Johansen AS	Copenhagen
BIOPOR.CO	Bioporto AS	Copenhagen
BO.CO	Bang &amp; Olufsen AS	Copenhagen
CARLB.CO	Carlsberg A/S Class B	Copenhagen
CBRAIN.CO	Cbrain A/S	Copenhagen
CHEMM.CO	Chemometec A/S	Copenhagen
COLO-B.CO	Coloplast B A/S	Copenhagen
COLUM.CO	Columbus AS	Copenhagen
CPHCAPST.CO	Copenhagen Capital AS	Copenhagen
DABA.CO	Danske Andelskassers Bank AS	Copenhagen
DANSKE.CO	Danske Bank A/S	Copenhagen
DEMANT.CO	Demant A/S	Copenhagen
DFDS.CO	DFDS AS	Copenhagen
DJUR.CO	Djurslands Bank AS	Copenhagen
DNORD.CO	Dampskibsselskabet Norden A/S	Copenhagen
DSV.CO	DSV A/S	Copenhagen
EMBLA.CO	Embla Medical hf	Copenhagen
FFARMS.CO	Firstfarms AS	Copenhagen
FLS.CO	FLSmidth &amp; Co. A/S	Copenhagen
FLUGb.CO	Flugger group AS	Copenhagen
FOBANK.CO	Foeroya Banki PF	Copenhagen
FYNBK.CO	Fynske Bank AS	Copenhagen
GMAB.CO	Genmab A/S	Copenhagen
GN.CO	GN Store Nord A/S	Copenhagen
GRLA.CO	Groenlandsbanken AS	Copenhagen
GUBRA.CO	Gubra A/S	Copenhagen
GYLDb.CO	Gyldendal AS	Copenhagen
HARBb.CO	Harboes Bryggeri AS	Copenhagen
HH.CO	H+H International A/S	Copenhagen
HLUNB.CO	H. Lundbeck A/S	Copenhagen
HUSCO.CO	HusCompagniet AS	Copenhagen
ISS.CO	ISS A/S	Copenhagen
JDAN.CO	Jeudan AS	Copenhagen
JYSK.CO	Jyske Bank A/S	Copenhagen
KBHL.CO	Copenhagen Airports AS	Copenhagen
KRE.CO	Kreditbanken AS	Copenhagen
LASP.CO	Laan &amp; Spar Bank AS	Copenhagen
LOLB.CO	Lollands Bank AS	Copenhagen
LUXORb.CO	Investeringsselskabet Luxor AS	Copenhagen
MAERSKB.CO	A P Moller Maersk	Copenhagen
MATAS.CO	Matas AS	Copenhagen
MNBA.CO	Moens Bank AS	Copenhagen
MTHH.CO	MT Hoejgaard Holding AS	Copenhagen
NETC.CO	Netcompany Group A/S	Copenhagen
NKT.CO	Nkt A/S	Copenhagen
NNIT.CO	NNIT AS	Copenhagen
NORTHM.CO	North Media AS	Copenhagen
NOVO-B.CO	Novo Nordisk B A/S	Copenhagen
NSIS-B.CO	Novonesis B	Copenhagen
NTGNT.CO	NTG Nordic Transport Group AS	Copenhagen
ORSTED.CO	Orsted A/S	Copenhagen
PAALb.CO	Per Aarsleff Holding AS	Copenhagen
PARKEN.CO	Parken Sport &amp; Entertainment AS	Copenhagen
PNDORA.CO	Pandora A/S	Copenhagen
PRIMOF.CO	Prime Office AS	Copenhagen
RBREW.CO	Royal Unibrew A/S	Copenhagen
RILBA.CO	Ringkjoebing Landbobank AS	Copenhagen
ROCKB.CO	Rockwool International B A/S	Copenhagen
RTX.CO	Rtx AS	Copenhagen
SCHO.CO	Schouw &amp; Co AS	Copenhagen
SJF.CO	SJF Bank A/S	Copenhagen
SKJE.CO	Skjern Bank AS	Copenhagen
SOLARb.CO	Solar AS	Copenhagen
SPGP.CO	SP Group AS	Copenhagen
STOGR.CO	Scandinavian Tobacco Group AS	Copenhagen
TCM.CO	TCM Group AS	Copenhagen
TIV.CO	Tivoli AS	Copenhagen
TRIFOR.CO	Trifork Group AG	Copenhagen
TRMD-A.CO	Torm PLC	Copenhagen
TRYG.CO	Tryg A/S	Copenhagen
UIE.CO	UIE PLC	Copenhagen
VWS.CO	Vestas Wind Systems A/S	Copenhagen
ZEAL.CO	Zealand Pharma A/S	Copenhagen
ALTR.LS	Altri SGPS SA	Lisbon
BCP.LSB	Banco Comercial Portugues SA	Lisbon
COR.LS	Corticeira Amorim SGPS SA	Lisbon
CTT.LS	CTT Correios de Portugal SA	Lisbon
EDP.LSB	EDP - Energias de Portugal SA	Lisbon
EGL.LS	Mota Engil SGPS SA	Lisbon
GALP.LS	Galp Energia SGPS SA	Lisbon
GLINT.LS	Glintt Global SA	Lisbon
IBS.LS	Ibersol SGPS SA	Lisbon
IPR.LS	Impresa Sociedade Gestora de Participacoes Sociais SA	Lisbon
JMT.LSB	Jeronimo Martins SGPS SA	Lisbon
MAR.LS	Martifer SGPS SA	Lisbon
MRL.LS	MERLIN Properties SOCIMI SA	Lisbon
NBA.LS	NOVABASE SGPS SA	Lisbon
NOS.LS	NOS SGPS SA	Lisbon
NVG.LS	Navigator Company SA	Lisbon
PHR.LS	Pharol SA	Lisbon
RAM.LS	Ramada Investimentos e Industria SA	Lisbon
RENE.LS	REN Redes Energeticas Nacionais SGPS S A	Lisbon
SEM.LS	SEMAPA Sociedade de Investimento e Gestao SGPS SA	Lisbon
SNC.LS	Sonaecom SGPS SA	Lisbon
SON.LS	Sonae SGPS SA	Lisbon
TDSA.LS	Teixeira Duarte SA	Lisbon
VAF.LS	VAA Vista Alegre Atlantis SGPS SA	Lisbon
ALM.MC	Laboratorios Almirall SA	Madrid
CAF.MC	Construcciones y Auxiliar de Ferrocarriles S.A	Madrid
CIE.MC	CIE Automotive S.A.	Madrid
DIA.MC	Distribuidora Internacional de Alimentacion SA	Madrid
ENC.MC	Ence Energia Y Celulosa SA	Madrid
FAE.MC	Faes Farma S.A.	Madrid
GEST.MC	Gestamp Automocion	Madrid
GRF.MC	Grifols SA	Madrid
LDA.MC	Línea Directa Aseguradora S.A. Compania de Seguros y Reaseguros	Madrid
LOG.MC	Compania de Distribucion Integral Logista Holdings	Madrid
OHLA.MC	OHL	Madrid
PSG.MC	Prosegur Compania de Seguridad SA	Madrid
ROVI.MC	Laboratorios Farmaceuticos Rovi S.A.	Madrid
TRE.MC	Tecnicas Reunidas	Madrid
BTMCQ	Bitcoin Depot Inc	OTC Markets
IVCAF	Libity	OTC Markets
MAXNQ	Maxeon Solar Technologies Ltd	OTC Markets
NTDOY	Nintendo CO Ltd-ADR	OTC Markets
REEAF.US	REE Automotive Ltd	OTC Markets
RVPH	Reviva Pharmaceuticals Holdi	OTC Markets
SGMOQ	Sangamo Therapeutics Inc	OTC Markets
SNBRQ	Sleep Number Corporation	OTC Markets
2POINTZE.DH	Two Point Zero Group PJSC	Abu Dhabi
ADCB.DH	Abu Dhabi Commercial Bank PJSC	Abu Dhabi
ADIB.DH	Abu Dhabi Islamic Bank PJSC	Abu Dhabi
ADNOCDIS.DH	Abu Dhabi National Oil Company for Distribution PJSC	Abu Dhabi
ADNOCDRI.DH	ADNOC Drilling Company PJSC	Abu Dhabi
ADNOCGAS.DH	ADNOC Gas PLC	Abu Dhabi
ADNOCLS.DH	ADNOC Logistics &amp; Services	Abu Dhabi
ADPORTS.DH	ABU DHABI PORTS CO PJSC	Abu Dhabi
ALDAR.DH	Aldar Properties PJSC	Abu Dhabi
ALPHADHA.DH	Alpha Dhabi Holding PJSC	Abu Dhabi
AMR.DH	Americana Restaurants International PLC	Abu Dhabi
APEX.DH	Apex Investment Company PJSC	Abu Dhabi
ASM.DH	AL Seer Marine Supplies &amp; Equipment Co LLC	Abu Dhabi
BOROUGE.DH	Borouge PLC	Abu Dhabi
BURJEEL.DH	Burjeel Holdings PLC	Abu Dhabi
EAND.DH	Emirates Telecommunications Group	Abu Dhabi
EASYLEAS.DH	Easy Lease Motor Cycle Rental PSC	Abu Dhabi
ESG.DH	ESG Emirates Stallions Group PrJSC	Abu Dhabi
ESHRAQ.DH	Eshraq Investments PJSC	Abu Dhabi
FAB.DH	First Abu Dhabi Bank PJSC	Abu Dhabi
IHC.DH	International Holding Company PJSC	Abu Dhabi
JULPHAR.DH	Gulf Pharmaceutical Industries PSC	Abu Dhabi
LULU.DH	Lulu Retail Holdings PLC	Abu Dhabi
MODON.DH	Modon Holding PSC	Abu Dhabi
NMDC.DH	NMDC Group PJSC	Abu Dhabi
PALMS.DH	Palms Sports PrJSC	Abu Dhabi
PHX.DH	Phoenix Group PLC	Abu Dhabi
PUREHEAL.DH	Pure Health Holding PJSC	Abu Dhabi
AIRARABIA.AE	Air Arabia PJSC	Dubai
AJMANBANK.AE	Ajman Bank PJSC	Dubai
ALANSARI.AE	Al Ansari Financial Services PJSC	Dubai
AMANAT.AE	Amanat Holdings PJSC	Dubai
AMLAK.AE	Amlak Finance PJSC	Dubai
ARMX.AE	Aramex PJSC	Dubai
CBD.AE	Commercial Bank of Dubai PSC	Dubai
DEWA.AE	Dubai Electricity and Water Authority PJSC	Dubai
DEYAAR.AE	Deyaar Development PJSC	Dubai
DFM.AE	Dubai Financial Market PJSC	Dubai
DIB.AE	Dubai Islamic Bank PJSC	Dubai
DIC.AE	Dubai Investments PJSC	Dubai
DSI.AE	Drake &amp; Scull International PJSC	Dubai
DTC.AE	Dubai Taxi Co PJSC	Dubai
DU.AE	Emirates Integrated Telecommunications Company PJSC	Dubai
EMAAR.AE	Emaar Properties PJSC	Dubai
EMAARDEV.AE	Emaar Development PJSC	Dubai
EMIRATESNBD.AE	Emirates NBD Bank PJSC	Dubai
EMPOWER.AE	Emirates Central Cooling Systems Corporation	Dubai
ERC.AE	Emirates Reem Investments Company PJSC	Dubai
ETIHADEN.AE	Etihad Energy Holding PJSC	Dubai
PARKIN.AE	Parkin Company PJSC	Dubai
SALIK.AE	Salik Company PJSC	Dubai
SHUAA.AE	SHUAA Capital PSC	Dubai
SPINNEYS.AE	Spinneys 1961 Holding PLC	Dubai
TAALEEM.AE	Taaleem Holdings PJSC	Dubai
TABREED.AE	National Central Cooling Company PJSC	Dubai
TECOM.AE	TECOM Group PJSC	Dubai
UPP.AE	Union Properties Public Joint Stock Company	Dubai
3IN.L	3i Infrastructure PLC	London
AEWU.L	Aew Uk Reit Plc	London
ALFA.L	Alfa Financial Software Holdings Pl	London
ALNA.L	Alina Holdings Plc	London
ALTN.L	Altyngold Plc	London
ALW.L	Alliance Witan PLC	London
AML.L	Aston Martin Lagonda Global Holdings PLC	London
ANTO.L	Antofagasta	London
AO.L	Ao World Plc	London
API.L	Abrdn Property Income Trust Limited	London
APTD.L	Aptitude Software Group Plc	London
ASAI.L	Asa International Group Plc	London
ASC.L	ASOS PLC	London
ASHM.L	Ashmore Group PLC	London
ASLI.L	Abrdn European Logistics Income Plc	London
ATG.L	Auction Technology Group plc	London
ATYM.L	Atalaya Mining Plc	London
AUTO.L	Autotrader Group PLC	London
AV.L	Aviva	London
AVAP.L	Avation Plc	London
AVON.L	Avon Protection Plc	London
AXB.L	Axis Bank Limited	London
BA.L	BAE Systems plc	London
BAB.L	Babcock International	London
BAG.L	A.G. Barr PLC	London
BARC.L	Barclays	London
BATS.L	British American Tobacco	London
BBOX.L	Tritax Big Box REIT Plc	London
BBY.L	Balfour Beatty PLC	London
BEZ.L	Beazley PLC	London
BGEO.L	Bank of Georgia Group PLC	London
BKG.L	Berkeley Group Holdings PLC	London
BLND.L	British Land	London
BME.L	B&amp;M European Value Retail SA	London
BMS.L	Braemar Plc	London
BMY.L	Bloomsbury Publishing Plc	London
BNZL.L	Bunzl	London
BOOT.L	Boot (Henry) Plc	London
BOWL.L	Hollywood Bowl Group Plc	London
BOY.L	Bodycote PLC	London
BPT.L	Bridgepoint Group plc	London
BRBY.L	Burberry Group	London
BT.L	BT Group	London
BVC.L	Batm Advanced Communications Ld	London
CABP.L	Cab Payments Holdings Plc	London
CAPD.L	Capital Ld	London
CAR.L	Carclo Plc	London
CARD.L	Card Factory PLC	London
CBKD.L	Commercial Intl Bank-Gdr Reg	London
CHRY.L	Chrysalis Investments Limited	London
CLIG.L	City Of London Investment Group Plc	London
CMCX	CMC MARKETS PLC	London
CNE.L	Capricorn Energy PLC	London
CREI.L	Custodian Property Income Reit Plc	London
CTY.L	City of London Investment Trust PLC	London
DIA.L	Dialight Plc	London
FCIT.L	Foreign &amp; Colonial Investment Trust PLC	London
FEML.L	Fidelity Emerging Markets Limited	London
FOXT.L	Foxtons Group Plc	London
FRAS	Frasers Group	London
FSTA.L	Fuller,Smith &amp; Turner Plc	London
GAID.L	GAIL India Limited	London
GDWN.L	Goodwin Plc	London
GEMD.L	Gem Diamonds Ld	London
GENL.L	Genel Energy Plc	London
GLEN.L	Glencore Plc	London
GMS.L	Gulf Marine Services Plc	London
GNC.L	Greencore Group PLC	London
GNS.L	Genus PLC	London
GPE.L	Great Portland Estates PLC	London
GRG.L	Greggs PLC	London
GRI.L	Grainger PLC	London
GROW.L	Molten Ventures Plc	London
GYM.L	The Gym Group Plc	London
HAS.L	Hays PLC	London
HBR.L	Harbour Energy plc	London
HEAD.L	Headlam Group Plc	London
HEMO.L	Hemogenyx Pharmaceuticals Plc	London
HFD.L	Halfords Group PLC	London
HHPD.L	Hon Hai Precision-Gdr Reg S	London
HICL.L	HICL Infrastructure Co Ltd	London
HIK.L	Hikma Pharmaceuticals PLC	London
HILS.L	Hill &amp; Smith PLC	London
HLCL.L	Helical Plc	London
HLMA.L	Halma PLC	London
HMSO.L	Hammerson	London
HOC.L	Hochschild Mining PLC	London
HSBA.L	HSBC Holdings	London
HSBK.L	Halyk Savings Bank-Gdr Reg S	London
HSD.L	Hansard Global Plc	London
HSW.L	Hostelworld Group Plc	London
HSX.L	Hiscox Ltd	London
HTG.L	Hunting PLC	London
HTWS.L	Helios Towers plc	London
HVPE.L	HarbourVest Global Private Equity Ltd	London
HWDN.L	Howden Joinery Group PLC	London
HWG.L	Harworth Group Plc	London
IBST.L	Ibstock PLC	London
IDHC.L	Integrated Diagnostics Holdi	London
IGG.L	IG Group Holdings PLC	London
IHP.L	IntegraFin Holdings plc	London
IMB.L	Imperial Brands PLC	London
IMI.L	IMI	London
INCH.L	Inchcape PLC	London
INF.L	Informa	London
INPP.L	International Public Partnerships Ltd	London
INVP.L	Investec PLC	London
IPO.L	IP Group PLC	London
ITRK.L	Intertek Group	London
ITV.L	ITV	London
IWG.L	IWG PLC	London
JDW.L	J D Wetherspoon PLC	London
JEGI.L	JPMorgan European Growth &amp; Inc	London
JMAT.L	Johnson Matthey	London
JTC.L	JTC PLC	London
JUP.L	Jupiter Fund Management PLC	London
KAP.L	Nac Kazatomprom Jsc-Gdr Regs	London
KLSO.L	Kelso Group Holdings Plc	London
LSL.L	Lsl Property Services Plc	London
LTOD.L	Larsen &amp; Toubro Limited	London
MCB.L	Mcbride Plc	London
MGNS	Morgan Sindall Group plc	London
MHID.L	Mahindra &amp; Mahindra Limited	London
MHPC.L	Mhp Se	London
MNKS.L	Monks Investment Trust PLC	London
MRC.L	Mercantile Investment Trust PLC	London
MTVW.L	Mountview Estates Plc	London
NANO.L	Nanoco Group Plc	London
OMU.L	Old Mutual Limited	London
PAY.L	PayPoint PLC	London
PCA.L	Palace Capital Plc	London
PCTN.L	Picton Property Income Ld	London
PDL.L	Petra Diamonds Ltd	London
PHAR.L	Pharos Energy Plc	London
PIN.L	Pantheon International	London
POLN.L	Pollen Street Group Limited	London
PRE.L	Pensana Plc	London
PRSR.L	Prs Reit (The) Plc	London
PSDL.L	Phoenix Spree Deutschland Limited	London
PSH.L	Pershing Square Holdings Ltd	London
PYX.L	Pyx Resources Limited	London
RCP.L	RIT Capital Partners PLC	London
REC.L	Record Plc	London
RESI.L	Residential Secure Income Plc	London
RGL.L	Regional Reit Ld	London
RIGD.L	Reliance Industries Limited	London
RWA.L	Robert Walters Plc	London
SBID.L	State Bank of India	London
SDP.L	Schroder AsiaPacific Fund	London
SDR.L	Schroders	London
SEQI.L	Sequoia Economic Infrastructure Income Fund	London
SERE.L	Schroder European Reit Plc	London
SIHL.L	Symphony International Holdi	London
SMT.L	Scottish Mortgage Investment Trust	London
SNR.L	Senior PLC	London
SPI.L	Spire Healthcare Group PLC	London
SREI.L	Schroder Real Estate Inv. Tst. Ld	London
SSIT.L	Seraphim Space Investment Trust Plc	London
STB.L	Secure Trust Bank Plc	London
STVG.L	Stv Group Plc	London
TBCG.L	TBC Bank Group PLC	London
TEM.L	Templeton Emerging Markets Investment Tr	London
TGA.L	Thungela Resources Limited	London
TMIP.L	Taylor Maritime Investments Limited	London
TMPL.L	Temple Bar Investment Trust PLC	London
TOWN.L	Town Centre Securities Plc	London
TPT.L	Topps Tiles Plc	London
TRIG.L	Renewables Infrastructure Group Ltd	London
TTG.L	Tt Electronics Plc	London
TTST.L	Tata Steel Limited	London
VID.L	Videndum Plc	London
VOF.L	VinaCapital Vietnam Opportunity Fund	London
VP.L	Vp Plc	London
YNGA.L	Young &amp; CoS Brewery Plc	London
YNGN.L	Young &amp; CoS Brewery Plc -Nv	London
AAU.L	Ariana Resources Plc	London AIM
ABDX.L	Abingdon Health Plc	London AIM
AEET.L	Parvus Energy Efficiency Trust PLC	London AIM
ARBB.L	Arbuthnot Banking Group Plc	London AIM
ARCM.L	Arc Minerals Ld	London AIM
ASPL.L	Aseana Properties Ltd	London AIM
AXL.L	Arrow Exploration Corp.	London AIM
BOR.L	Borders &amp; Southern Petroleum Plc	London AIM
BVXP.L	Bioventix Plc	London AIM
CAM.L	Camellia Plc	London AIM
CHAR.L	Chariot Limited	London AIM
CPP.L	Cppgroup Plc	London AIM
CRTA.L	Cirata Plc	London AIM
EKF.L	Ekf Diagnostics Holdings Plc	London AIM
EMAN.L	Everyman Media Group Plc	London AIM
EME.L	Empyrean Energy Plc	London AIM
ENW.L	Enwell Energy Plc	London AIM
EOG.L	Europa Oil &amp; Gas Holdings	London AIM
FNTL.L	Fintel Plc	London AIM
FUM.L	Futura Medical Plc	London AIM
GATC.L	Gattaca Plc	London AIM
GTLY.L	Gateley (Holdings) Plc	London AIM
HE1.L	Helium One Global Ltd	London AIM
HPOW.L	H-Power PLC	London AIM
HSP.L	Hargreaves Services Plc	London AIM
IMM.L	Immupharma Plc	London AIM
ING.L	Ingenta Plc	London AIM
IQE.L	Iqe Plc	London AIM
JLP.L	Jubilee Metals Group Plc	London AIM
KEFI.L	Kefi Gold And Copper Plc	London AIM
KEYS.L	Keystone Law Group Plc	London AIM
KMK.L	Kromek Group Plc	London AIM
KP2.L	Kore Potash Plc	London AIM
LGLD.L	Lg Electronics Inc-Gdr Regs	London AIM
LIT.L	Litigation Capital Management Ltd	London AIM
LIV.L	Livermore Investments Group Ld	London AIM
MTC.L	Mothercare Plc	London AIM
NAH.L	Nahl Group Plc	London AIM
NCYT.L	Novacyt S.A.	London AIM
NFX.L	Nuformix Plc	London AIM
NIOX.L	Niox Group Plc	London AIM
OBD.L	Oxford Biodynamics Plc	London AIM
ORCP.L	Oracle Power Plc	London AIM
ORR.L	Oriole Resources Plc	London AIM
PANR.L	Pantheon Resources Plc	London AIM
PHE.L	Powerhouse Energy Group Plc	London AIM
POLB.L	Poolbeg Pharma Plc	London AIM
PRM.L	Proteome Sciences Plc	London AIM
PXEN.L	Prospex Energy Plc	London AIM
PXS.L	Provexis Plc	London AIM
QED.L	Quadrise Plc	London AIM
RCN.L	Redcentric Plc	London AIM
REVB.L	Revolution Beauty Group Plc	London AIM
SALT.L	Microsalt Plc	London AIM
SDG.L	Sanderson Design Group Plc	London AIM
SEA.L	Seascape Energy Asia PLC	London AIM
SEE.L	Seeing Machines Ld	London AIM
SOS.L	Sosandar Plc	London AIM
SOU.L	Sound Energy Plc	London AIM
SPSY.L	Spectra Systems Corporation	London AIM
SRB.L	Serabi Gold Plc	London AIM
STAF.L	Staffline Group Plc	London AIM
STAR.L	Star Energy Group Plc	London AIM
SUP.L	Supreme Plc	London AIM
SYME.L	Supply@Me Capital Plc	London AIM
TENG.L	Ten Lifestyle Group Plc	London AIM
TERN.L	Tern Plc	London AIM
TFW.L	Thorpe(F.W.) Plc	London AIM
TMT.L	Tmt Investments Plc	London AIM
TRB.L	Tribal Group Plc	London AIM
UJO.L	Union Jack Oil Plc	London AIM
VRS.L	Versarien Plc	London AIM
VTU.L	Vertu Motors Plc	London AIM
W7L.L	Warpaint London Plc	London AIM
WINE.L	Naked Wines Plc	London AIM
WJG.L	Watkin Jones Plc	London AIM
WRKS.L	Theworks.Co.Uk Plc	London AIM
YU..L	Yu Group Plc	London AIM
ZIOC.L	Zanaga Iron	London AIM
SAOC	Aramco Saudi Arabian Oil Corp	Saudi Arabia
