A.US	A
AA	AA
AADX	AADX
AAMI	AAMI
AAP	AAP
AAPL.24-7	AAPL
AAT	AAT
AAUC	AAUC
ABBV	ABBV
ABCB	ABCB
ABEV	ABEV
ABG	ABG
ABM	ABM
ABR	ABR
ABT.US	ABT
ABX	ABX
ACA.US	ACA
ACCO	ACCO
ACEL	ACEL
ACH.US	ACH
ACHR	ACHR
ACI	ACI
ACM	ACM
ACN	ACN
ACRE	ACRE
ACVA	ACVA
AD	AD
ADC	ADC
ADIG	ADIG
ADM	ADM
ADNT	ADNT
ADT	ADT
AEE	AEE
AEG	AEG
AEM	AEM
AEO	AEO
AER	AER
AERO.US	AERO
AES	AES
AESI	AESI
AEXA	AEXA
AFG	AFG
AFL	AFL
AG	AG
AGBK	AGBK
AGCO	AGCO
AGI	AGI
AGL	AGL
AGM	AGM
AGO	AGO
AGRO	AGRO
AGX	AGX
AHR	AHR
AHRT	AHRT
AI	AI
AIG	AIG
AIN	AIN
AIR.US	AIR
AIT	AIT
AIV	AIV
AIZ	AIZ
AJG	AJG
AKA.US	AKA
AKR	AKR
ALB	ALB
ALG	ALG
ALH	ALH
ALIT	ALIT
ALK	ALK
ALL	ALL
ALLE	ALLE
ALLY	ALLY
ALSN	ALSN
ALTG	ALTG
ALUR	ALUR
ALV	ALV
ALX	ALX
AM	AM
AMBP	AMBP
AMC	AMC
AMCR	AMCR
AME	AME
AMG	AMG
AMH	AMH
AMN	AMN
AMP.US	AMP
AMPX	AMPX
AMPY	AMPY
AMR	AMR
AMRC	AMRC
AMRX	AMRX
AMRZ	AMRZ
AMT	AMT
AMTB	AMTB
AMTM	AMTM
AMWL	AMWL
AMX	AMX
AMZN.24-7	AMZN
AN	AN
ANDG	ANDG
ANET	ANET
ANF	ANF
ANGX	ANGX
ANVS	ANVS
AON	AON
AORT	AORT
AOS	AOS
APAM	APAM
APD	APD
APG	APG
APH	APH
APLE	APLE
APO	APO
APTV	APTV
AQN	AQN
AR.US	AR
ARCO	ARCO
ARE	ARE
ARES	ARES
ARI	ARI
ARIS	ARIS
ARLO	ARLO
ARMK	ARMK
AROC	AROC
ARR	ARR
ARW	ARW
ARX	ARX
AS	AS
ASAN	ASAN
ASB	ASB
ASC	ASC
ASH	ASH
ASIX	ASIX
ASPN	ASPN
ASR	ASR
ASX	ASX
ATEN	ATEN
ATHM.CH	ATHM
ATI	ATI
ATKR	ATKR
ATMU	ATMU
ATNM	ATNM
ATO	ATO
ATR	ATR
ATS	ATS
AU	AU
AUB	AUB
AVA	AVA
AVD	AVD
AVEX	AVEX
AVNT.US	AVNT
AVTR	AVTR
AVY	AVY
AWI	AWI
AWK	AWK
AWR	AWR
AX	AX
AXIAY	AXIAY
AXP	AXP
AXS.US	AXS
AXTA	AXTA
AYI	AYI
AZO	AZO
AZUL	AZUL
AZZ	AZZ
B	B
BA	BA
BABA	BABA
BAC	BAC
BAH	BAH
BAK	BAK
BALL	BALL
BAM	BAM
BANC	BANC
BAP	BAP
BARK	BARK
BAX	BAX
BB	BB
BBAI	BBAI
BBAR	BBAR
BBD	BBD
BBDC	BBDC
BBDO	BBDO
BBT	BBT
BBUC	BBUC
BBVA.US	BBVA
BBW	BBW
BBWI	BBWI
BBY	BBY
BC	BC
BCC	BCC
BCE	BCE
BCH.US	BCH
BCO	BCO
BCS	BCS
BCSF	BCSF
BDC	BDC
BDN	BDN
BDX	BDX
BE	BE
BEKE	BEKE
BEN	BEN
BEPC	BEPC
BETA	BETA
BF-B	BF-B
BF.A	BF-A
BFAM	BFAM
BFH	BFH
BFLY	BFLY
BFS	BFS
BG	BG
BGS	BGS
BH	BH
BHA	BHA
BHB	BHB
BHC	BHC
BHE	BHE
BHP	BHP
BHVN	BHVN
BILL	BILL
BIO.US	BIO
BIP	BIP
BIPC	BIPC
BIRK	BIRK
BJ	BJ
BKD	BKD
BKE	BKE
BKH	BKH
BKR	BKR
BKSY	BKSY
BKTI	BKTI
BKU	BKU
BKV	BKV
BLCO	BLCO
BLDR	BLDR
BLK	BLK
BLND.US	BLND
BLSH	BLSH
BLX	BLX
BMA	BMA
BMI	BMI
BMNR	BMNR
BMO	BMO
BMY	BMY
BN.US	BN
BNL	BNL
BNS	BNS
BNT-US	BNT-US
BNY	BNY
BOBS	BOBS
BOC	BOC
BOH	BOH
BOOT	BOOT
BORR	BORR
BOX	BOX
BP.US	BP
BPMC CVR	BPMC CVR
BR	BR
BRBR	BRBR
BRC	BRC
BRCC	BRCC
BRK.B	BRK-B
BRO	BRO
BROS	BROS
BRSL	BRSL
BRSP	BRSP
BRT	BRT
BRX	BRX
BSAC	BSAC
BSBR	BSBR
BSM	BSM
BSX.US	BSX
BTG.US	BTG
BTGO	BTGO
BTI	BTI
BTU	BTU
BUD	BUD
BUR	BUR
BURL	BURL
BV.US	BV
BVN	BVN
BW	BW
BWA	BWA
BWMX	BWMX
BWXT	BWXT
BX	BX
BXC	BXC
BXDC	BXDC
BXMT	BXMT
BXP	BXP
BXSL	BXSL
BY	BY
BYD	BYD
BZH	BZH
C	C
CAAP	CAAP
CABO	CABO
CACI	CACI
CAG	CAG
CAH	CAH
CAL	CAL
CALX.US	CALX
CALY	CALY
CANG	CANG
CARR	CARR
CARS	CARS
CAT	CAT
CATO	CATO
CAVA	CAVA
CB	CB
CBAN	CBAN
CBL.US	CBL
CBRE	CBRE
CBT	CBT
CBU	CBU
CBZ	CBZ
CC.US	CC
CCEP	CCEP
CCI	CCI
CCJ	CCJ
CCK	CCK
CCL	CCL
CCS	CCS
CCU	CCU
CDE	CDE
CDLR	CDLR
CDP	CDP
CDRE	CDRE
CE	CE
CEPU	CEPU
CF	CF
CFG	CFG
CFR	CFR
CGAU	CGAU
CHCT	CHCT
CHD	CHD
CHE	CHE
CHGG	CHGG
CHH	CHH
CHPT	CHPT
CHT	CHT
CHWY	CHWY
CI	CI
CIB	CIB
CIEN	CIEN
CIG	CIG
CIM	CIM
CINT	CINT
CION	CION
CL	CL
CLB	CLB
CLF.US	CLF
CLH	CLH
CLS	CLS
CLVT	CLVT
CLW	CLW
CLX	CLX
CM	CM
CMBT	CMBT
CMC	CMC
CMCL	CMCL
CMG	CMG
CMI	CMI
CMP	CMP
CMS	CMS
CMT	CMT
CMTG	CMTG
CNA	CNA
CNC	CNC
CNH.US	CNH
CNI	CNI
CNK	CNK
CNM	CNM
CNMD	CNMD
CNNE	CNNE
CNO	CNO
CNP	CNP
CNQ	CNQ
CNR	CNR
CNS	CNS
CNX	CNX
CODI	CODI
COF	COF
COHR	COHR
COLD	COLD
COMP.US	COMP
CON.US	CON
COOK	COOK
COP	COP
COR	COR
COTY	COTY
COUR	COUR
CP	CP
CPA	CPA
CPAY	CPAY
CPF	CPF
CPK	CPK
CPNG	CPNG
CPRI	CPRI
CPS	CPS
CPT	CPT
CQP	CQP
CR	CR
CRBG	CRBG
CRC	CRC
CRCL	CRCL
CRD.A	CRD-A
CRGY	CRGY
CRH	CRH
CRI	CRI
CRK	CRK
CRL	CRL
CRM	CRM
CRS	CRS
CSAN	CSAN
CSL	CSL
CSQR	CSQR
CSR	CSR
CSTM	CSTM
CSV	CSV
CSW	CSW
CTEV	CTEV
CTGO	CTGO
CTO	CTO
CTOS	CTOS
CTRE	CTRE
CTRI	CTRI
CTS	CTS
CTVA	CTVA
CUBE	CUBE
CUBI	CUBI
CURB	CURB
CURV	CURV
CUZ	CUZ
CVE	CVE
CVEO	CVEO
CVI.US	CVI
CVLG	CVLG
CVM	CVM
CVNA	CVNA
CVR.THS	CVR
CVS	CVS
CVSA	CVSA
CVX.US	CVX
CW	CW
CWEN	CWEN
CWH	CWH
CWK.US	CWK
CWT	CWT
CX	CX
CXM	CXM
CXT	CXT
CXW	CXW
CYD	CYD
CYH	CYH
D	D
DAC	DAC
DAL	DAL
DAN	DAN
DAR	DAR
DAVA	DAVA
DB	DB
DBD	DBD
DBI	DBI
DBRG	DBRG
DCH.US	DCH
DCI	DCI
DCO	DCO
DCOM	DCOM
DD	DD
DDD	DDD
DDS	DDS
DE	DE
DEA	DEA
DECK	DECK
DEI	DEI
DELL	DELL
DEO	DEO
DFH	DFH
DFIN	DFIN
DG.US	DG
DGX	DGX
DHI	DHI
DHR	DHR
DHT	DHT
DIN	DIN
DINO	DINO
DIS	DIS
DK	DK
DKL	DKL
DKS	DKS
DLB	DLB
DLR	DLR
DLX	DLX
DMC	DMC
DNA	DNA
DNN	DNN
DNOW	DNOW
DOC	DOC
DOCN	DOCN
DOCS	DOCS
DOLE	DOLE
DOUG	DOUG
DOV	DOV
DOW	DOW
DQ	DQ
DRD	DRD
DRI	DRI
DSX	DSX
DT	DT
DTE	DTE
DTM	DTM
DUK	DUK
DV	DV
DVA	DVA
DVN	DVN
DX	DX
DXC	DXC
DY	DY
E	E
EAF	EAF
EAT	EAT
EBF	EBF
EBS	EBS
EC	EC
ECG	ECG
ECL	ECL
ECVT	ECVT
ED	ED
EDN	EDN
EDU	EDU
EE	EE
EFC	EFC
EFOR	EFOR
EFR	EFR
EFX	EFX
EFXT	EFXT
EG	EG
EGHT	EGHT
EGO	EGO
EGP.US	EGP
EGY	EGY
EHC	EHC
EIG	EIG
EIX	EIX
EL	EL
ELAN	ELAN
ELF	ELF
ELME	ELME
ELPC	ELPC
ELS	ELS
ELV	ELV
EMA	EMA
EMBJ	EMBJ
EME	EME
EMN	EMN
EMR	EMR
ENB	ENB
ENIC	ENIC
ENOV	ENOV
ENR	ENR
ENS.US	ENS
ENVA	ENVA
EOG	EOG
EPAC	EPAC
EPAM	EPAM
EPC	EPC
EPD	EPD
EPM	EPM
EPR	EPR
EPRT	EPRT
EQBK	EQBK
EQH	EQH
EQNR	EQNR
EQT	EQT
EQX	EQX
ERO	ERO
EROC	EROC
EROK	EROK
ES	ES
ESAB	ESAB
ESE	ESE
ESI	ESI
ESNT	ESNT
ESRT	ESRT
ESS	ESS
ESTC	ESTC
ET	ET
ETD	ETD
ETN	ETN
ETR	ETR
ETSY	ETSY
EVC	EVC
EVEX	EVEX
EVH	EVH
EVI	EVI
EVR	EVR
EVRG	EVRG
EVTC	EVTC
EVVAQ	EVVAQ
EW	EW
EXE	EXE
EXK	EXK
EXP	EXP
EXPD	EXPD
EXR	EXR
F	F
FAF	FAF
FBIN	FBIN
FBK	FBK
FBP	FBP
FBRT	FBRT
FC	FC
FCF	FCF
FCN	FCN
FCPT	FCPT
FCX	FCX
FDS	FDS
FDX	FDX
FDXF	FDXF
FE	FE
FET.US	FET
FF	FF
FG	FG
FHI	FHI
FHN	FHN
FICO	FICO
FIG	FIG
FIGS	FIGS
FINV	FINV
FIRY	FIRY
FIS.US	FIS
FITB	FITB
FIX	FIX
FLG	FLG
FLO	FLO
FLR.US	FLR
FLS	FLS
FMC	FMC
FMS	FMS
FMX	FMX
FN	FN
FNB	FNB
FND	FND
FNF	FNF
FNV	FNV
FOIL	FOIL
FOR	FOR
FOUR	FOUR
FPI	FPI
FPS	FPS
FR.US	FR
FRO	FRO
FRT	FRT
FSK	FSK
FSM	FSM
FSRNQ	FSRNQ
FSS	FSS
FTAI	FTAI
FTI	FTI
FTRE	FTRE
FTS	FTS
FTV	FTV
FUBO	FUBO
FUL	FUL
FUN.US	FUN
FVRR	FVRR
G.US	G
GAP	GAP
GATX	GATX
GBCI	GBCI
GBTG	GBTG
GBX.US	GBX
GCO	GCO
GCTS	GCTS
GD	GD
GDDY	GDDY
GDOT	GDOT
GE	GE
GEF	GEF
GEF.B	GEF-B
GEL	GEL
GENI	GENI
GEO	GEO
GETY	GETY
GEV	GEV
GFF	GFF
GFI.US	GFI
GFL	GFL
GFR	GFR
GGB	GGB
GGG	GGG
GHC	GHC
GHM	GHM
GIB	GIB
GIC	GIC
GIL	GIL
GIS	GIS
GKOS	GKOS
GL	GL
GLOB	GLOB
GLP	GLP
GLW	GLW
GM	GM
GME	GME
GME.WS	GME
GMED	GMED
GMRS	GMRS
GNE	GNE
GNK.US	GNK
GNL	GNL
GNRC	GNRC
GNS.US	GNS
GNW	GNW
GOLD.US	GOLD
GOLF	GOLF
GOOG.24-7	GOOG
GOOS	GOOS
GOTU	GOTU
GPC	GPC
GPI	GPI
GPK	GPK
GPMT	GPMT
GPN	GPN
GPOR	GPOR
GPRK	GPRK
GRBK	GRBK
GRC.US	GRC
GRCL.CVR	GRCL
GRDN	GRDN
GRND	GRND
GRNT	GRNT
GROY	GROY
GS	GS
GSBD	GSBD
GSK	GSK
GSL	GSL
GTES	GTES
GTN	GTN
GTY	GTY
GVA	GVA
GWH	GWH
GWRE	GWRE
GWW	GWW
GXO	GXO
H.US	H
HAE	HAE
HAFN	HAFN
HAL	HAL
HASI	HASI
HAWK	HAWK
HAYW	HAYW
HBM	HBM
HCA	HCA
HCC	HCC
HCI	HCI
HD	HD
HDB	HDB
HE	HE
HEI	HEI
HEI.A	HEI-A
HESM	HESM
HG	HG
HGTY	HGTY
HGV	HGV
HHH	HHH
HIG	HIG
HII	HII
HIMS	HIMS
HIPO	HIPO
HIW	HIW
HL	HL
HLF	HLF
HLI	HLI
HLIO	HLIO
HLLY	HLLY
HLN	HLN
HLT	HLT
HLX	HLX
HMC	HMC
HMN	HMN
HMY	HMY
HNGE	HNGE
HNI	HNI
HOG	HOG
HOMB	HOMB
HOV	HOV
HP	HP
HPE	HPE
HPP	HPP
HPQ	HPQ
HR	HR
HRB	HRB
HRI	HRI
HRL	HRL
HRTG	HRTG
HSBC	HSBC
HSY	HSY
HTB	HTB
HTGC	HTGC
HTH	HTH
HTT	HTT
HTZ	HTZ
HUBB	HUBB
HUBS	HUBS
HUM	HUM
HUN	HUN
HUYA.US	HUYA
HVT	HVT
HWM	HWM
HXL	HXL
HY	HY
HYLN	HYLN
HZO	HZO
IAG.US	IAG
IBM	IBM
IBN	IBN
IBP	IBP
IBTA	IBTA
ICE	ICE
ICL	ICL
IDA	IDA
IDR.US	IDR
IDT	IDT
IE	IE
IEX	IEX
IFF	IFF
IFS	IFS
IGMS CVR	IGMS CVR
IHG	IHG
IHS	IHS
IIIN	IIIN
IIPR	IIPR
IMAX	IMAX
IMO	IMO
INFQ	INFQ
INFY	INFY
INGM	INGM
INGR	INGR
INN	INN
INSP	INSP
INSW	INSW
INTT	INTT
INVH	INVH
INVX	INVX
IONQ	IONQ
IOT	IOT
IP.US	IP
IPI	IPI
IQV	IQV
IR	IR
IRM	IRM
IRS	IRS
IRT	IRT
IT	IT
ITGR	ITGR
ITT	ITT
ITUB	ITUB
ITW	ITW
IVR	IVR
IVT	IVT
IVZ.US	IVZ
IX	IX
J	J
JBGS	JBGS
JBI	JBI
JBL	JBL
JBS	JBS
JBTM	JBTM
JCI	JCI
JEF	JEF
JELD	JELD
JHX	JHX
JILL	JILL
JKS	JKS
JLL	JLL
JMIA	JMIA
JMKE	JMKE
JNJ	JNJ
JOBY	JOBY
JOE	JOE
JPM	JPM
JXN	JXN
KAI	KAI
KB	KB
KBH	KBH
KBR	KBR
KD	KD
KDK	KDK
KEN	KEN
KEP	KEP
KEX	KEX
KEY	KEY
KEYS	KEYS
KFRC	KFRC
KFY	KFY
KGC	KGC
KGS.US	KGS
KIM	KIM
KKR	KKR
KLAR	KLAR
KLC	KLC
KMI	KMI
KMPR	KMPR
KMT	KMT
KMX	KMX
KN	KN
KNF	KNF
KNOP	KNOP
KNTK	KNTK
KNX	KNX
KO	KO
KODK.US	KODK
KOF	KOF
KOP	KOP
KOS	KOS
KR	KR
KRC	KRC
KREF	KREF
KRG	KRG
KRMN	KRMN
KRO	KRO
KSS	KSS
KT	KT
KTB	KTB
KVUE	KVUE
KVYO	KVYO
KWR	KWR
KWY	KWY
L	L
LAC	LAC
LAD	LAD
LADR	LADR
LAR	LAR
LAW	LAW
LAZ	LAZ
LB	LB
LBRT	LBRT
LCII	LCII
LCLN	LCLN
LCTX	LCTX
LDI	LDI
LDOS	LDOS
LEA	LEA
LEG	LEG
LEN	LEN
LEN.B	LEN-B
LEU	LEU
LEVI	LEVI
LH	LH
LHX	LHX
LII	LII
LION	LION
LLFLQ	LLFLQ
LLY	LLY
LMND	LMND
LMT	LMT
LNC	LNC
LNG	LNG
LNN	LNN
LOAR	LOAR
LOMA	LOMA
LOW	LOW
LPG	LPG
LPL	LPL
LPX	LPX
LRN	LRN
LSPD	LSPD
LTC.US	LTC
LTH	LTH
LTM	LTM
LU	LU
LUCK	LUCK
LUMN	LUMN
LUV	LUV
LUXE	LUXE
LVS	LVS
LW	LW
LXFR	LXFR
LXP	LXP
LXU	LXU
LYB	LYB
LYG	LYG
LYNX	LYNX
LYV	LYV
LZB	LZB
LZM	LZM
M.US	M
MA	MA
MAA	MAA
MAC	MAC
MAGN	MAGN
MAIN	MAIN
MAIR	MAIR
MAN	MAN
MANE	MANE
MANU	MANU
MAS	MAS
MATV	MATV
MATX	MATX
MAX	MAX
MBC	MBC
MBI	MBI
MC	MC
MCB	MCB
MCD	MCD
MCK	MCK
MCO	MCO
MCS.US	MCS
MCY	MCY
MD	MD
MDT.US	MDT
MDU	MDU
MEC	MEC
MED.US	MED
MEI	MEI
MET.US	MET
META.24-7	META
MFA	MFA
MFC	MFC
MFG	MFG
MG	MG
MGA	MGA
MGM	MGM
MGY	MGY
MH	MH
MHK	MHK
MHO	MHO
MIAX	MIAX
MICC.US	MICC
MIR.US	MIR
MKC	MKC
MKC/V	MKC/V
MKL	MKL
MLI	MLI
MLM	MLM
MLR	MLR
MMI	MMI
MMM	MMM
MMS	MMS
MNSO	MNSO
MNTN	MNTN
MO	MO
MOD	MOD
MOG.A	MOG-A
MOH	MOH
MOS	MOS
MOV	MOV
MP	MP
MPC	MPC
MPLX.US	MPLX
MPT	MPT
MPTI	MPTI
MRK	MRK
MRP	MRP
MRSH	MRSH
MRTX.CVR	MRTX
MS	MS
MSA	MSA
MSCI	MSCI
MSDL	MSDL
MSFT.24-7	MSFT
MSGE	MSGE
MSGS	MSGS
MSI	MSI
MSM	MSM
MT.US	MT
MTB	MTB
MTD	MTD
MTDR	MTDR
MTG	MTG
MTH	MTH
MTN	MTN
MTRN	MTRN
MTUS	MTUS
MTW	MTW
MTX	MTX
MTZ	MTZ
MUFG	MUFG
MUR	MUR
MUSA	MUSA
MUX	MUX
MWA	MWA
MX	MX
MXL	MXL
MYE	MYE
MYO	MYO
NABL	NABL
NAK	NAK
NAT	NAT
NATL	NATL
NBHC	NBHC
NBR	NBR
NCLH	NCLH
NE	NE
NEE	NEE
NEM	NEM
NET	NET
NEU	NEU
NEXA	NEXA
NFG	NFG
NG.US	NG
NGG	NGG
NGS	NGS
NGVC	NGVC
NGVT	NGVT
NHC	NHC
NHI	NHI
NI	NI
NIC	NIC
NIO	NIO
NIQ	NIQ
NJR	NJR
NKE	NKE
NLOP	NLOP
NLY	NLY
NMAX	NMAX
NMR.US	NMR
NNI	NNI
NNN	NNN
NOAH	NOAH
NOC	NOC
NOG	NOG
NOK	NOK
NOMD	NOMD
NOTE	NOTE
NOV	NOV
NOW	NOW
NP	NP
NPK	NPK
NPKI	NPKI
NPO	NPO
NPWR	NPWR
NRDY	NRDY
NRG	NRG
NRGV	NRGV
NSC	NSC
NSP	NSP
NSTB	NSTB
NTB	NTB
NTR	NTR
NTST	NTST
NU	NU
NUE	NUE
NUS	NUS
NUVB	NUVB
NVDA.24-7	NVDA
NVGS	NVGS
NVO	NVO
NVR	NVR
NVS	NVS
NVST	NVST
NVT	NVT
NWG	NWG
NWN	NWN
NX	NX
NXDR	NXDR
NXDT	NXDT
NXE	NXE
NXRT	NXRT
NYT	NYT
O	O
OBDC	OBDC
OBK	OBK
OC	OC
ODC	ODC
OEC	OEC
OFG	OFG
OFRM	OFRM
OGE	OGE
OGN.US	OGN
OGS	OGS
OHI	OHI
OI	OI
OII	OII
OIS	OIS
OKE	OKE
OKLO	OKLO
OLN	OLN
OLP	OLP
OMC	OMC
OMF	OMF
ONIT	ONIT
ONL	ONL
ONON	ONON
ONT.US	ONT
ONTO	ONTO
OOMA	OOMA
OPAD	OPAD
OPFI	OPFI
OPLN	OPLN
OPTU	OPTU
OPY	OPY
OR.US	OR
ORA.US	ORA
ORC	ORC
ORCL	ORCL
ORI	ORI
ORN	ORN
OSCR	OSCR
OSG	OSG
OSK	OSK
OTF	OTF
OTIS	OTIS
OUT	OUT
OVV	OVV
OWL	OWL
OXM	OXM
OXY	OXY
OZ	OZ
P	P
PAC	PAC
PACK	PACK
PAG	PAG
PAGS	PAGS
PAM	PAM
PANW	PANW
PAR	PAR
PARR	PARR
PATH	PATH
PAY.US	PAY
PAYC	PAYC
PB	PB
PBA	PBA
PBF	PBF
PBH	PBH
PBI	PBI
PBR	PBR
PBR.A	PBR-A
PCG	PCG
PCOR	PCOR
PCRX	PCRX
PD	PD
PDM	PDM
PEB	PEB
PEG	PEG
PEN	PEN
PFE	PFE
PFGC	PFGC
PFS	PFS
PFSI	PFSI
PG	PG
PGR	PGR
PH	PH
PHG	PHG
PHI	PHI
PHIN	PHIN
PHM	PHM
PHR	PHR
PII	PII
PINE	PINE
PINS	PINS
PIPR	PIPR
PJT	PJT
PK	PK
PKE	PKE
PKG	PKG
PKX	PKX
PL	PL
PLD	PLD
PLGO	PLGO
PLNT	PLNT
PLOW	PLOW
PLX	PLX
PM	PM
PMT	PMT
PNC	PNC
PNFP	PNFP
PNR	PNR
PNW	PNW
POR	POR
POST	POST
PPG	PPG
PPL	PPL
PRG	PRG
PRGO	PRGO
PRI	PRI
PRIM	PRIM
PRK	PRK
PRKS	PRKS
PRLB	PRLB
PRM	PRM
PRMB	PRMB
PRU	PRU
PS	PS
PSA	PSA
PSFE	PSFE
PSN.US	PSN
PSO	PSO
PSQH	PSQH
PSTL	PSTL
PSX	PSX
PUK	PUK
PUMP.US	PUMP
PVH	PVH
PWR	PWR
PXED	PXED
Q	Q
QSR	QSR
QTWO	QTWO
QUAD.US	QUAD
QXO	QXO
R	R
RACE	RACE
RAL	RAL
RAMP	RAMP
RBA	RBA
RBLX	RBLX
RBRK	RBRK
RC	RC
RCI	RCI
RCL	RCL
RCUS	RCUS
RDDT	RDDT
RDN	RDN
RDW.US	RDW
RDY	RDY
REA	REA
REF	REF
REI	REI
RELX	RELX
REPX	REPX
RES	RES
REX	REX
REXR	REXR
REZI	REZI
RF	RF
RGA	RGA
RGR	RGR
RH	RH
RHI	RHI
RHP	RHP
RIG	RIG
RIO	RIO
RITM	RITM
RJF	RJF
RKT	RKT
RL	RL
RLGT	RLGT
RLI	RLI
RLJ	RLJ
RLX	RLX
RM	RM
RMAX	RMAX
RMD	RMD
RNG	RNG
RNGR	RNGR
RNR	RNR
RNST	RNST
ROG	ROG
ROK	ROK
ROL	ROL
RPC.US	RPC
RPM	RPM
RPT	RPT
RRC	RRC
RRX	RRX
RS	RS
RSG	RSG
RSI	RSI
RSKD	RSKD
RTO.US	RTO
RTX	RTX
RVLV	RVLV
RVTY	RVTY
RWT	RWT
RXO	RXO
RY	RY
RYAN	RYAN
RYN	RYN
RYZ	RYZ
S.US	S
SA	SA
SACH	SACH
SAFE.US	SAFE
SAH	SAH
SAM	SAM
SAN	SAN
SAP	SAP
SAR.US	SAR
SARO	SARO
SB	SB
SBDS	SBDS
SBH	SBH
SBMT	SBMT
SBS	SBS
SBSI	SBSI
SBSW	SBSW
SCCO	SCCO
SCHW	SCHW
SCI	SCI
SCL	SCL
SCM	SCM
SD.US	SD
SDHC	SDHC
SDRL	SDRL
SE	SE
SEAT	SEAT
SEB.US	SEB
SEG	SEG
SEI.US	SEI
SES	SES
SF.US	SF
SFBS	SFBS
SFL	SFL
SGHC	SGHC
SGI	SGI
SHAK	SHAK
SHEL	SHEL
SHG	SHG
SHO	SHO
SHW	SHW
SID	SID
SIG	SIG
SITC	SITC
SITE	SITE
SJM	SJM
SKE	SKE
SKIL	SKIL
SKM	SKM
SKT	SKT
SKY.US	SKY
SLB	SLB
SLF	SLF
SLG	SLG
SLQT	SLQT
SLVM	SLVM
SM	SM
SMA	SMA
SMBK	SMBK
SMFG	SMFG
SMG	SMG
SMHI	SMHI
SMP.US	SMP
SMR	SMR
SMRT	SMRT
SMWB	SMWB
SN	SN
SNA	SNA
SNAP	SNAP
SNDR	SNDR
SNN.US	SNN
SNOW	SNOW
SNX.US	SNX
SO	SO
SOAR	SOAR
SOBO	SOBO
SOC	SOC
SOLV	SOLV
SON	SON
SONN CVR	SONN CVR
SONY	SONY
SPB	SPB
SPCE	SPCE
SPG	SPG
SPGI	SPGI
SPHR	SPHR
SPIR	SPIR
SPNT	SPNT
SPOT	SPOT
SPXC	SPXC
SQM	SQM
SR	SR
SRE	SRE
SRFM	SRFM
SRG.US	SRG
SRI	SRI
SSB	SSB
SSD	SSD
SSL	SSL
SSMR	SSMR
SSTK	SSTK
ST	ST
STAG	STAG
STC	STC
STDN	STDN
STE	STE
STEM	STEM
STLA.US	STLA
STM.US	STM
STN	STN
STNG	STNG
STT	STT
STUB	STUB
STVN	STVN
STWD	STWD
STZ	STZ
SU	SU
SUI.US	SUI
SUN	SUN
SUPV.US	SUPV
SURF.CVR	SURF
SUZ	SUZ
SVV	SVV
SW	SW
SWK	SWK
SWX	SWX
SXC	SXC
SXI	SXI
SXT.US	SXT
SYF	SYF
SYK	SYK
SYY	SYY
T.US	T
TAC	TAC
TAK	TAK
TAL	TAL
TALO	TALO
TAP	TAP
TBBB	TBBB
TBI	TBI
TBN	TBN
TD	TD
TDAY	TDAY
TDC	TDC
TDG	TDG
TDOC	TDOC
TDS	TDS
TDW	TDW
TDY	TDY
TE	TE
TECK	TECK
TEL.US	TEL
TELFY	TELFY
TEN.US	TEN
TEO	TEO
TEVA	TEVA
TEX	TEX
TFC	TFC
TFII	TFII
TFPM	TFPM
TFX	TFX
TG	TG
TGLS	TGLS
TGS.US	TGS
TGT	TGT
THC	THC
THG	THG
THO	THO
TIC	TIC
TIMB	TIMB
TJX	TJX
TK	TK
TKC	TKC
TKO	TKO
TKR	TKR
TLK	TLK
TLYS	TLYS
TM	TM
TME	TME
TMO	TMO
TMP	TMP
TNC	TNC
TNET	TNET
TNK	TNK
TNL	TNL
TOL	TOL
TOPS	TOPS
TOST	TOST
TPB	TPB
TPC	TPC
TPL	TPL
TPR	TPR
TPVG	TPVG
TR	TR
TRC	TRC
TREX	TREX
TRGP	TRGP
TRIN	TRIN
TRN.US	TRN
TRNO	TRNO
TROX	TROX
TRP	TRP
TRTX	TRTX
TRU.US	TRU
TRV	TRV
TS	TS
TSEOQ	TSEOQ
TSLX	TSLX
TSM	TSM
TSN	TSN
TT	TT
TTAM	TTAM
TTC	TTC
TTE	TTE
TTI	TTI
TU	TU
TV	TV
TWLO	TWLO
TWO	TWO
TX	TX
TXNM	TXNM
TXT	TXT
TYL	TYL
U	U
UA	UA
UAA	UAA
UAMY	UAMY
UAVS	UAVS
UBER	UBER
UBS	UBS
UCB	UCB
UDR	UDR
UE	UE
UEC	UEC
UFI	UFI
UGI	UGI
UGP	UGP
UHS	UHS
UI	UI
UIS	UIS
UL.US	UL
ULS	ULS
UMC	UMC
UMH	UMH
UNF	UNF
UNFI	UNFI
UNH	UNH
UNM	UNM
UNP	UNP
UP	UP
UPS	UPS
URG	URG
URI	URI
USAC	USAC
USB	USB
USFD	USFD
USNA	USNA
USPH	USPH
UTI	UTI
UTL	UTL
UTZ	UTZ
UUUU	UUUU
UVE	UVE
UVV	UVV
UWMC	UWMC
V	V
VAC	VAC
VAL.US	VAL
VALE	VALE
VEEV	VEEV
VET.US	VET
VFC	VFC
VG	VG
VGNT	VGNT
VIA	VIA
VICI	VICI
VIK	VIK
VIPS	VIPS
VIRT	VIRT
VIST	VIST
VIV.US	VIV
VLGDF	VLGDF
VLN	VLN
VLO	VLO
VLRS	VLRS
VLTO	VLTO
VMC	VMC
VMI	VMI
VMRK	VMRK
VNO	VNO
VNT	VNT
VOYA.US	VOYA
VOYG	VOYG
VPG	VPG
VRT	VRT
VRTS	VRTS
VSH	VSH
VST	VST
VSTS	VSTS
VSXY	VSXY
VTEX	VTEX
VTMX	VTMX
VTOL	VTOL
VTR	VTR
VTS	VTS
VVV.US	VVV
VVX	VVX
VYX	VYX
VZ	VZ
W.US	W
WAB	WAB
WAL	WAL
WAT	WAT
WBI	WBI
WBX	WBX
WCC	WCC
WCN	WCN
WD	WD
WDS	WDS
WEAV	WEAV
WEC	WEC
WELL.US	WELL
WES	WES
WEX	WEX
WF	WF
WFC	WFC
WGO	WGO
WH	WH
WHD	WHD
WHK	WHK
WHR	WHR
WIT	WIT
WK	WK
WKC	WKC
WLK	WLK
WLY	WLY
WM	WM
WMB	WMB
WMK	WMK
WMS	WMS
WNC	WNC
WOLF	WOLF
WOR	WOR
WPC	WPC
WPM	WPM
WPP	WPP
WRB.US	WRB
WRBY	WRBY
WS	WS
WSM	WSM
WSO	WSO
WST	WST
WTI	WTI
WTM	WTM
WTRG	WTRG
WTS	WTS
WTTR	WTTR
WU	WU
WWW	WWW
WY	WY
XHR	XHR
XIFR	XIFR
XOM	XOM
XPER	XPER
XPEV	XPEV
XPO	XPO
XPOF	XPOF
XPRO	XPRO
XYL	XYL
XYZ	XYZ
XZO	XZO
YALA	YALA
YELP	YELP
YETI	YETI
YEXT	YEXT
YMM	YMM
YOU	YOU
YPF	YPF
YSS	YSS
YUM	YUM
YUMC	YUMC
YXT	YXT
ZBH	ZBH
ZEPP	ZEPP
ZETA.US	ZETA
ZGN	ZGN
ZH	ZH
ZIM	ZIM
ZIMMER-CVR	ZIMMER-CVR
ZIP	ZIP
ZTO	ZTO
ZTS	ZTS
ZWS	ZWS
ZYNE.CVR	ZYNE
