A.US	Agilent Technologies Inc	156.30			0.64%
AA	Alcoa	50.55	55.56%	Moderate Buy	0.77%
AADX	Applied Aerospace & Defense, Inc.	15.50	83.33%	Strong Buy	0%
AAMI	Acadian Asset Management Inc.	90.85	100.00%	Hold	0.24%
AAP	Advance Auto Parts Inc	42.39	85.00%	Hold	2.35%
AAPL.24-7	Apple 24/7	309.23			0%
AAT	American Assets Trust Inc	22.83	66.67%	Moderate Sell	5.96%
AAUC	Allied Gold Corp	22.92	75.00%	Strong Buy	0%
ABBV	AbbVie Inc	261.83	82.61%	Strong Buy	2.58%
ABCB	Ameris Bancorp	86.12	66.67%	Moderate Buy	0.93%
ABEV	Ambev ADR	2.83	66.67%	Moderate Sell	4.22%
ABG	Asbury Automotive Group Inc	215.37	80.00%	Hold	0%
ABM	ABM Industries Inc	47.10	75.00%	Hold	2.42%
ABR	Arbor Realty Trust Inc	5.18	66.67%	Moderate Sell	18.11%
ABT.US	Abbott Laboratories	114.14			2.13%
ABX	Abacus Global Management, Inc	9.16	80.00%	Strong Buy	0%
ACA.US	Arcosa Inc	145.40			0.14%
ACCO	ACCO Brands Corporation	4.23	100.00%	Moderate Buy	8.84%
ACEL	Accel Entertainment Inc	12.10	50.00%	Moderate Buy	0%
ACH.US	Accendra Health Inc	1.31			0%
ACHR	Archer Aviation Inc	6.09	83.33%	Strong Buy	0%
ACI	Albertsons Cos Inc	11.98	60.00%	Hold	5.17%
ACM	AECOM	65.18	77.78%	Strong Buy	1.84%
ACN	Accenture Plc	181.35	54.55%	Moderate Buy	3.52%
ACRE	Ares Commercial Real Estate Corporation	4.71	40.00%	Hold	12.58%
ACVA	ACV Auctions Inc	7.67	50.00%	Hold	0%
AD	Array Digital Infrastructure Inc	35.54	50.00%	Hold	0%
ADC	Agree Realty Corp	74.45	80.00%	Strong Buy	4.27%
ADIG	ADI Global Distribution Inc	22.57	100.00%	Hold	0%
ADM	Archer-Daniels-Midland Co	81.70	75.00%	Hold	2.58%
ADNT	Adient plc	19.49	60.00%	Moderate Buy	0%
ADT	ADT Inc.	7.37	60.00%	Hold	2.98%
AEE	Ameren Corp	108.79	58.33%	Moderate Buy	2.75%
AEG	Aegon Ltd	9.01			5.16%
AEM	Agnico Eagle Mines Ltd	212.04	70.00%	Moderate Buy	0.79%
AEO	American Eagle Outfitters Inc	16.00	81.82%	Hold	3.09%
AER	AerCap Holdings NV	146.79	90.00%	Strong Buy	1.00%
AERO.US	Aeromexico Group	13.28			0%
AES	AES Corp	14.77	100.00%	Hold	4.77%
AESI	AESI Holdings Inc	12.99	42.86%	Hold	0%
AEXA	American Exceptionalism Acquisition Corp A	11.62			0%
AFG	American Financial Group Inc	143.65	66.67%	Moderate Buy	2.43%
AFL	Aflac Inc	116.17	54.55%	Hold	2.08%
AG	First Majestic Silver Corp	21.19	75.00%	Strong Buy	0.24%
AGBK	AGI Inc	5.98	100.00%	Moderate Buy	0%
AGCO	AGCO Corp	104.02	46.15%	Hold	1.10%
AGI	Alamos Gold Inc	36.69	100.00%	Strong Buy	0.34%
AGL	agilon health inc.	92.73	81.82%	Hold	0%
AGM	Federal Agricultural Mortgage Corporation	220.85	100.00%	Moderate Buy	2.81%
AGO	Assured Guaranty Ltd.	74.28	50.00%	Moderate Buy	1.99%
AGRO	Adecoagro S.A.	10.94	50.00%	Hold	2.67%
AGX	Argan Inc	516.58	66.67%	Moderate Buy	0.40%
AHR	American Healthcare REIT Inc	55.77	100.00%	Strong Buy	1.79%
AHRT	AH Realty Trust Inc	6.63	50.00%	Moderate Sell	8.40%
AI	C3.ai Inc.	10.31	55.56%	Moderate Sell	0%
AIG	American International Group Inc	75.75	71.43%	Moderate Buy	2.43%
AIN	Albany International Corp	58.89	100.00%	Hold	1.88%
AIR.US	Aar Corp	132.39			0%
AIT	Applied Industrial Technologies Inc	340.34	100.00%	Strong Buy	0.58%
AIV	Apartment Investment and Management Co	2.61			0%
AIZ	Assurant Inc	282.00	100.00%	Strong Buy	1.21%
AJG	Arthur J.Gallagher & Co	259.61	78.95%	Strong Buy	1.02%
AKA.US	a.k.a. Brands Holding	10.71			0%
AKR	Acadia Realty Trust	21.03	83.33%	Strong Buy	3.80%
ALB	Albemarle Corporation	134.19	60.00%	Moderate Buy	1.13%
ALG	Alamo Group Inc	162.46	50.00%	Moderate Buy	0.80%
ALH	Alliance Laundry Holdings Inc	23.18	83.33%	Strong Buy	0%
ALIT	Alight Solutions Inc.	13.41	50.00%	Hold	11.25%
ALK	Alaska Air Group Inc	40.18	90.91%	Strong Buy	0%
ALL	Allstate Corp	254.54	45.00%	Hold	1.64%
ALLE	Allegion	161.72	71.43%	Moderate Buy	1.31%
ALLY	Ally Financial Inc	42.29	84.62%	Strong Buy	2.80%
ALSN	Allison Transmission Holdings Inc	129.12	75.00%	Hold	0.86%
ALTG	Alta Equipment Group Inc	6.41	50.00%	Moderate Buy	0%
ALUR	Allurion Technologies Inc	1.95			0%
ALV	Autoliv Inc	121.69	62.50%	Moderate Buy	2.76%
ALX	Alexander's Inc	272.26	100.00%	Moderate Sell	6.79%
AM	Antero Midstream Corp	22.26	80.00%	Hold	4.07%
AMBP	Ardagh Metal Packaging SA	5.25	71.43%	Hold	5.60%
AMC	AMC Entertainment Holdings Inc	2.47	42.86%	Moderate Buy	0%
AMCR	Amcor PLC	47.81	54.55%	Moderate Buy	5.33%
AME	AMETEK Inc	239.08	75.00%	Strong Buy	0.54%
AMG	Affiliated Managers Group	352.61	100.00%	Strong Buy	0.01%
AMH	American Homes 4 Rent	34.37	53.85%	Moderate Buy	3.67%
AMN	AMN Healthcare Services Inc.	34.79	57.14%	Hold	0%
AMP.US	Ameriprise Financial Inc	547.09			1.19%
AMPX	Amprius Technologies Inc	10.20	100.00%	Strong Buy	0%
AMPY	Amplify Energy Corp	4.91	100.00%	Moderate Buy	0%
AMR	Alpha Metallurgical Resources, Inc	194.30	100.00%	Hold	0%
AMRC	Ameresco Inc	22.19	55.56%	Moderate Buy	0%
AMRX	Amneal Pharmaceuticals Inc	17.90	100.00%	Strong Buy	0%
AMRZ	Amrize Ltd	44.62	61.54%	Moderate Buy	0%
AMT	American Tower Corp	175.72	87.50%	Strong Buy	3.97%
AMTB	Amerant Bancorp Inc	28.44	50.00%	Moderate Buy	1.25%
AMTM	Amentum Holdings Inc	20.61	60.00%	Hold	0%
AMWL	American Well Corp	11.79	85.71%	Hold	0%
AMX	America Movil, S.A.B. de C.V.-ADR	23.39	80.00%	Strong Buy	0%
AMZN.24-7	Amazon 24/7	258.41			0%
AN	AutoNation	200.09	80.00%	Strong Buy	0%
ANDG	Andersen Group Inc	50.31	66.67%	Moderate Buy	0%
ANET	Arista Networks Inc	183.75	100.00%	Strong Buy	0%
ANF	Abercrombie & Fitch Company	105.02	53.85%	Moderate Buy	0%
ANGX	Angel Studios Inc	4.37	100.00%	Strong Buy	0%
ANVS	Annovis Bio	1.79	100.00%	Strong Buy	0%
AON	Aon plc	351.93	68.75%	Moderate Buy	0.88%
AORT	Artivion Inc	27.98	100.00%	Strong Buy	0%
AOS	A O Smith Corp	62.43	50.00%	Hold	2.28%
APAM	Artisan Partners Asset Management Inc.	42.05	50.00%	Hold	5.72%
APD	Air Products & Chemicals Inc	300.33	60.00%	Moderate Buy	2.36%
APG	APi Group Corporation	41.93	100.00%	Strong Buy	0%
APH	Amphenol Corporation	153.11	90.00%	Strong Buy	0.58%
APLE	Apple Hospitality REIT Inc	16.50	75.00%	Hold	5.76%
APO	Apollo Global Management Inc	129.98	81.82%	Strong Buy	1.62%
APTV	Aptiv PLC	47.03	80.00%	Strong Buy	0%
AQN	Algonquin Power & Utilities Corp	5.82	71.43%	Moderate Buy	4.56%
AR.US	Antero Resources Corp	37.66			0%
ARCO	Arcos Dorados Holdings Inc	7.80	100.00%	Moderate Buy	3.27%
ARE	Alexandria Real Estate Equities Inc	52.94	63.64%	Hold	6.51%
ARES	Ares Management Corporation	140.23	75.00%	Strong Buy	3.50%
ARI	Apollo Commercial Real Estate Finance Inc	6.94	66.67%	Moderate Buy	61.07%
ARIS	Aris Mining Corp	20.19	100.00%	Moderate Buy	0%
ARLO	Arlo Technologies Inc	13.04	100.00%	Strong Buy	0%
ARMK	Aramark	59.37	91.67%	Strong Buy	0.80%
AROC	Archrock Inc	32.28	100.00%	Strong Buy	2.77%
ARR	ARMOUR Residential REIT Inc	16.32	100.00%	Hold	17.63%
ARW	Arrow Electronics Inc	206.64	50.00%	Hold	0%
ARX	Accelerant Holdings	19.57	71.43%	Moderate Buy	0%
AS	Amer Sports Inc	32.53	100.00%	Strong Buy	0%
ASAN	Asana	9.50	50.00%	Hold	0%
ASB	Associated Banc-Corp	30.76	57.14%	Moderate Buy	3.08%
ASC	Ardmore Shipping Corporation	18.19	100.00%	Moderate Buy	3.53%
ASH	Ashland Inc	72.82	70.00%	Moderate Buy	2.29%
ASIX	Advansix Inc	17.33	100.00%	Hold	3.73%
ASPN	Aspen Aerogels Inc	5.11	66.67%	Moderate Buy	0%
ASR	Grupo Aeroportuario del Sureste S. A. B. de C. V.	259.16	66.67%	Moderate Buy	0%
ASX	ASE Technology Holding -ADR	36.51	100.00%	Moderate Buy	1.11%
ATEN	A10 Networks Inc	25.53	75.00%	Strong Buy	0.92%
ATHM.CH	Autohome-ADR	22.12			0%
ATI	ATI Inc	209.22	100.00%	Strong Buy	0%
ATKR	Atkore Inc.	93.49	100.00%	Hold	1.41%
ATMU	Atmus Filtration Technologies Inc	49.37	66.67%	Moderate Buy	0.44%
ATNM	Actinium Pharmaceuticals Inc	1.12	100.00%	Moderate Buy	0%
ATO	Atmos Energy Corp	170.52	57.14%	Moderate Buy	2.32%
ATR	AptarGroup Inc.	132.96	75.00%	Strong Buy	1.42%
ATS	ATS Corp	19.28	66.67%	Moderate Buy	0%
AU	AngloGold Ashanti Ltd-ADR	115.14	83.33%	Strong Buy	4.39%
AUB	Atlantic Union Bankshares Corporation	41.02	60.00%	Moderate Buy	3.60%
AVA	Avista Corporation	38.23	66.67%	Moderate Sell	5.24%
AVD	American Vanguard Corporation	2.23			0%
AVEX	AEVEX Corp	18.08	100.00%	Strong Buy	0%
AVNT.US	Avient Corporation	43.73			2.45%
AVTR	Avantor Inc	14.25	78.57%	Hold	0%
AVY	Avery Dennison Corp	182.68	85.71%	Strong Buy	2.08%
AWI	Armstrong World Industries Inc.	178.11	80.00%	Strong Buy	0.76%
AWK	American Water Works Co Inc	137.21	62.50%	Hold	2.54%
AWR	American States Water Company	89.31	100.00%	Hold	2.32%
AX	Axos Financial Inc	95.96	80.00%	Strong Buy	0%
AXIAY	AXIA ENERGIA - ADR	9.81	100.00%	Moderate Buy	0%
AXP	American Express CO	331.15	52.38%	Moderate Buy	1.05%
AXS.US	AXIS Capital Holdings Limited	98.60			1.78%
AXTA	Axalta Coating Systems	35.50	55.56%	Moderate Buy	0%
AYI	Acuity Inc.	341.65	60.00%	Moderate Buy	0.22%
AZO	Autozone Inc	2960.00	85.00%	Strong Buy	0%
AZUL	Azul SA-SPDN ADR	7.63	100.00%	Moderate Buy	0%
AZZ	Azz Inc	139.43	60.00%	Moderate Buy	0.59%
B	Barrick Mining Corp	46.27	54.55%	Moderate Buy	1.93%
BA	Boeing	215.10	94.44%	Strong Buy	0%
BABA	Alibaba-ADR	130.53	100.00%	Strong Buy	0.88%
BAC	Bank of America Corp	61.86	87.50%	Strong Buy	1.82%
BAH	Booz Allen Hamilton Holding Corp	76.36	45.45%	Hold	3.01%
BAK	Braskem S.A.-ADR	1.98	50.00%	Moderate Sell	0%
BALL	Ball Corp	62.61	77.78%	Strong Buy	1.26%
BAM	Brookfield Asset Management Ltd	51.52	54.55%	Moderate Buy	3.59%
BANC	Banc Of California	18.65	85.71%	Strong Buy	2.36%
BAP	Credicorp Ltd	370.21	66.67%	Moderate Buy	3.86%
BARK	The Original Bark Co	9.94	100.00%	Moderate Buy	0%
BAX	Baxter International Inc	26.41	90.00%	Hold	0.76%
BB	BlackBerry Limited	8.14	71.43%	Moderate Buy	0%
BBAI	Bigbear.Ai Holdings Inc	3.07	100.00%	Hold	0%
BBAR	Banco BBVA Argentina SA	14.08	50.00%	Moderate Sell	3.04%
BBD	Banco Bradesco ADR	2.98	50.00%	Moderate Buy	1.36%
BBDC	Barings Bdc Inc	9.40	60.00%	Moderate Buy	11.67%
BBDO	Banco Bradesco SA	3.02			0%
BBT	Beacon Financial Corp	31.58	66.67%	Moderate Buy	4.08%
BBUC	Brookfield Business Corp	28.02	75.00%	Strong Buy	0%
BBVA.US	Banco Bilbao Vizcaya Argentaria SA-ADR	28.63			3.69%
BBW	Build-A-Bear Workshop Inc	37.78			2.31%
BBWI	Bath & Body Works Inc	19.64	54.55%	Moderate Buy	5.14%
BBY	Best Buy Co Inc	85.73	66.67%	Hold	4.45%
BC	Brunswick Corp	81.06	75.00%	Hold	2.17%
BCC	Boise Cascade Company	81.77	50.00%	Moderate Buy	1.07%
BCE	BCE Inc	23.78	58.33%	Moderate Buy	5.35%
BCH.US	Banco de Chile	41.05			0%
BCO	Brinks Co	113.12	100.00%	Strong Buy	0.92%
BCS	Barclays PLC-ADR	26.49	100.00%	Moderate Buy	2.27%
BCSF	Bain Capital Specialty Finance Inc	12.10	100.00%	Hold	13.85%
BDC	Belden Inc	123.89	100.00%	Strong Buy	0.16%
BDN	Brandywine Realty Trust	3.03	100.00%	Hold	10.56%
BDX	Becton Dickinson & Co.	187.62	50.00%	Moderate Buy	1.95%
BE	Bloom Energy Corp	202.48	50.00%	Moderate Buy	0%
BEKE	KE Holdings Inc.-ADR	16.99	100.00%	Moderate Buy	1.55%
BEN	Franklin Templeton Inc	33.97	44.44%	Hold	3.82%
BEPC	Brookfield Renewable Corp	33.44	66.67%	Moderate Sell	4.60%
BETA	BETA Technologies, Inc	25.48	100.00%	Strong Buy	0%
BF-B	Brown-Forman Corporation	28.41			3.23%
BF.A	Brown Forman Corporation	28.96	100.00%	Hold	3.16%
BFAM	Bright Horizons Family Solutions	73.61	60.00%	Moderate Buy	0%
BFH	Bread Financial Holdings Inc	103.18	54.55%	Moderate Buy	0.65%
BFLY	Butterfly Network Inc.	9.17	100.00%	Strong Buy	0%
BFS	Saul Centers Inc	34.02			7.00%
BG	Bunge Global S.A.	116.57	100.00%	Strong Buy	2.51%
BGS	B&G Foods Inc.	3.33	80.00%	Hold	19.22%
BH	Biglari Holdings Inc-B	390.90			0%
BHA	Biglari Holdings Inc	1980.00			0%
BHB	Bar Harbor Bankshares	39.38	50.00%	Moderate Buy	3.33%
BHC	Bausch Health Companies Inc	6.81	100.00%	Hold	0%
BHE	Benchmark Electronics Inc	73.36	100.00%	Moderate Buy	0.94%
BHP	BHP Group Ltd ADR	93.63	100.00%	Hold	2.74%
BHVN	Biohaven Ltd	13.48	76.92%	Strong Buy	0%
BILL	BILL Holdings Inc	47.40	60.00%	Moderate Buy	0%
BIO.US	Bio-Rad Laboratories Inc	376.46			0%
BIP	Brookfield Infrastructure Partners LP	38.94	80.00%	Strong Buy	0%
BIPC	Brookfield Infrastructure Corp	39.60	100.00%	Moderate Sell	4.48%
BIRK	Birkenstock Holding Ltd	34.55	76.47%	Strong Buy	0%
BJ	BJ's Wholesale Club Holdings Inc	91.30	50.00%	Moderate Buy	0%
BKD	Brookdale Senior Living Inc	11.81	100.00%	Strong Buy	0%
BKE	The Buckle Inc	42.64	100.00%	Hold	3.15%
BKH	Black Hills Corporation	73.29	100.00%	Strong Buy	3.88%
BKR	Baker Hughes Company	62.78	85.71%	Strong Buy	1.48%
BKSY	Blacksky Technology Inc	26.73	80.00%	Strong Buy	0%
BKTI	BK Technologies Corp	78.03	100.00%	Moderate Buy	0%
BKU	BankUnited Inc.	46.21	50.00%	Hold	2.76%
BKV	BKV Corp	26.10	100.00%	Strong Buy	0%
BLCO	Bausch + Lomb Corp	17.20	44.44%	Moderate Buy	0%
BLDR	Builders FirstSource Inc	70.32	52.94%	Moderate Buy	0%
BLK	BlackRock Inc	1140.00	92.31%	Strong Buy	1.89%
BLND.US	Blend Labs Inc.	1.46			0%
BLSH	Bullish	28.44	57.14%	Moderate Buy	0%
BLX	Bladex Inc	53.26			5.03%
BMA	Banco Macro S A	72.87	100.00%	Moderate Buy	6.19%
BMI	Badger Meter Inc	128.13	66.67%	Moderate Buy	1.21%
BMNR	Bitmine Immersion Technologies Inc	21.57	100.00%	Moderate Buy	0.04%
BMO	Bank of Montreal	172.90	50.00%	Moderate Buy	2.78%
BMY	Bristol-Myers Squibb Co	65.47	50.00%	Moderate Buy	3.75%
BN.US	Brookfield Corp	41.37			0.62%
BNL	Broadstone Net Lease Inc	21.21	66.67%	Moderate Buy	5.52%
BNS	The Bank of Nova Scotia	86.44	90.00%	Hold	3.63%
BNT-US	Brookfield Wealth Solutions Ltd	41.48			0%
BNY	Bank of New York Mellon Corp	157.24	64.29%	Moderate Buy	1.40%
BOBS	Bob's Discount Furniture, Inc	18.05	83.33%	Strong Buy	0%
BOC	Boston Omaha Corporation	13.81			0%
BOH	Bank of Hawaii Corp	77.59	66.67%	Hold	3.61%
BOOT	Boot Barn Holdings Inc	160.22	100.00%	Strong Buy	0%
BORR	Borr Drilling Ltd	4.43	50.00%	Moderate Sell	0%
BOX	Box Inc	32.90	44.44%	Moderate Buy	0%
BP.US	BP plc ADR	45.14			4.51%
BPMC CVR	Sanofi and BPMC Acquisition CVR	0.00			0%
BR	Broadridge Financial Solutions	178.50	50.00%	Moderate Buy	2.14%
BRBR	BellRing Brands Inc	10.45	57.14%	Moderate Buy	0%
BRC	Brady Corporation	90.73	100.00%	Moderate Buy	1.07%
BRCC	Brc Inc-A	0.86	100.00%	Strong Buy	0%
BRK.B	Berkshire Hathaway Inc	496.86	66.67%	Moderate Buy	0%
BRO	Brown & Brown Inc	72.08	68.75%	Hold	0.91%
BROS	Dutch Bros Inc.	49.37	94.12%	Strong Buy	0%
BRSL	Brightstar Lottery	11.58	60.00%	Moderate Buy	7.52%
BRSP	BrightSpire Capital Inc	4.86	66.67%	Moderate Buy	13.03%
BRT	BRT Apartments Corp	14.62	50.00%	Moderate Buy	6.87%
BRX	Brixmor Property Group Inc	29.48	80.00%	Strong Buy	4.13%
BSAC	Banco Santander Chile-ADR	34.57	66.67%	Moderate Buy	4.21%
BSBR	Banco Santander Brasil SA	5.57	50.00%	Moderate Sell	5.94%
BSM	Black Stone Minerals LP	14.77	100.00%	Hold	0%
BSX.US	Boston Scientific Corp	49.37			0%
BTG.US	B2Gold Corp	5.38			1.45%
BTGO	BitGo Holdings, Inc	6.60	80.00%	Strong Buy	0%
BTI	British American Tobacco PLC ADR	56.70	100.00%	Moderate Buy	5.76%
BTU	Peabody Energy Corporation	26.86	50.00%	Moderate Buy	1.09%
BUD	Anheuser-Busch Inbev Sa-ADR	77.92	85.71%	Strong Buy	1.71%
BUR	Burford Capital Ltd	4.26	100.00%	Moderate Buy	0%
BURL	Burlington Stores Inc	333.23	75.00%	Strong Buy	0%
BV.US	BrightView Holdings Inc	11.15			0%
BVN	Compañía de Minas Buenaventura S.A.A	34.16	50.00%	Moderate Buy	0%
BW	Babcock & Wilcox Enterprises Inc	8.43	100.00%	Moderate Buy	0%
BWA	BorgWarner Inc	64.80	72.73%	Moderate Buy	1.00%
BWMX	Betterware De Mexico Sapi De	15.92			7.91%
BWXT	BWX Technologies Inc.	156.44	80.00%	Strong Buy	0.68%
BX	BlackStone Group LP	141.35	60.00%	Moderate Buy	3.65%
BXC	BlueLinx Holdings Inc	82.93	50.00%	Moderate Buy	0%
BXDC	Blackstone Digital Infrastructure Trust Inc	19.93	50.00%	Moderate Buy	0%
BXMT	Blackstone Mortgage Trust Inc	14.35	50.00%	Moderate Buy	13.17%
BXP	Boston Properties Inc	67.78	53.33%	Moderate Buy	4.14%
BXSL	Blackstone Secured Lending Fund	24.67	50.00%	Moderate Buy	12.44%
BY	Byline Bancorp Inc	38.33	75.00%	Hold	1.25%
BYD	Boyd Gaming	80.95	53.33%	Moderate Buy	0.94%
BZH	Beazer Homes USA Inc	33.13	100.00%	Hold	0%
C	Citigroup	129.67	78.57%	Strong Buy	1.88%
CAAP	Corporación América Airports SA	23.27	100.00%	Moderate Buy	0%
CABO	Cable One Inc.	26.22	75.00%	Hold	0%
CACI	CACI International Inc	646.35	75.00%	Strong Buy	0%
CAG	ConAgra Foods Inc	16.27	61.54%	Hold	7.46%
CAH	Cardinal Health Inc	228.46	86.67%	Strong Buy	0.89%
CAL	Caleres Inc	12.89	100.00%	Hold	2.06%
CALX.US	Calix Inc	40.38			0%
CALY	Callaway Golf Company	15.79	55.56%	Moderate Buy	0%
CANG	Cango Inc	1.62	100.00%	Moderate Buy	0%
CARR	Carrier Global Corp	60.15	55.56%	Moderate Buy	1.57%
CARS	Cars.com Inc	12.27	50.00%	Moderate Buy	0%
CAT	Caterpillar	815.39	57.14%	Moderate Buy	0.74%
CATO	Cato Corp-Class A	3.04			0%
CAVA	CAVA Group Inc	72.03	73.68%	Moderate Buy	0%
CB	Chubb Corp	342.87	55.00%	Hold	1.15%
CBAN	Colony Bankcorp	21.38			2.21%
CBL.US	CBL & Associates Properties Inc	57.17			3.56%
CBRE	CBRE Group Inc	151.79	90.00%	Strong Buy	0%
CBT	Cabot Corporation	84.93	50.00%	Hold	2.14%
CBU	Community Bank System Inc	63.13	75.00%	Hold	2.96%
CBZ	Cbiz Inc	55.01	66.67%	Moderate Buy	0%
CC.US	The Chemours	15.69			2.19%
CCEP	Coca-Cola Europacific partners	106.85	66.67%	Moderate Buy	2.23%
CCI	Crown Castle International	75.39	64.29%	Moderate Buy	5.63%
CCJ	Cameco Corp	95.59	88.89%	Strong Buy	0.17%
CCK	Crown Holdings Inc	117.15	66.67%	Moderate Buy	1.10%
CCL	Carnival Corp Ltd	25.37	85.71%	Strong Buy	1.75%
CCS	Century Communities Inc	69.46			1.75%
CCU	Cia Cervecerias unidas-ADR	12.02	100.00%	Moderate Sell	2.80%
CDE	Coeur Mining Inc	21.11	80.00%	Strong Buy	0.10%
CDLR	Cadeler A/S	24.09			0%
CDP	COPT Defense Properties	37.12	66.67%	Moderate Buy	3.35%
CDRE	Cadre Holdings Inc	33.85	85.71%	Moderate Buy	1.16%
CE	Celanese Corp	46.98	61.54%	Moderate Buy	0.26%
CEPU	Central Puerto SA	12.89			0%
CF	CF Industries Holdings Inc	125.70	50.00%	Hold	1.62%
CFG	Citizens Financial Group Inc	69.71	82.35%	Strong Buy	2.63%
CFR	Cullen/Frost Bankers Inc.	164.81	53.85%	Hold	2.45%
CGAU	Centerra Gold Inc	23.49	66.67%	Moderate Buy	0%
CHCT	Community Healthcare Trust Incorporated	14.87	66.67%	Moderate Buy	11.85%
CHD	Church & Dwight Co Inc	97.41	53.85%	Moderate Buy	1.23%
CHE	Chemed Corp	534.88	66.67%	Moderate Buy	0.46%
CHGG	Chegg Inc	0.75	100.00%	Hold	0%
CHH	Choice Hotels International Inc	109.25	50.00%	Hold	1.05%
CHPT	Chargepoint Holdings Inc.	5.79	80.00%	Hold	0%
CHT	Chunghwa Telecom Co. Ltd	43.36			3.71%
CHWY	Chewy	23.88	78.95%	Strong Buy	0%
CI	Cigna Group	274.41	75.00%	Strong Buy	2.21%
CIB	Grupo Cibest S.A	98.65	50.00%	Moderate Buy	2.52%
CIEN	Ciena Corp	392.48	76.92%	Strong Buy	0%
CIG	Companhia Energetica de Minas Gerais-ADR	1.88			0%
CIM	Chimera Investment Corp	11.58	100.00%	Hold	14.24%
CINT	CI&T Inc	3.67	66.67%	Moderate Buy	0%
CION	CION Investment Corporation	7.30			20.74%
CL	Colgate-Palmolive	89.70	64.29%	Moderate Buy	2.31%
CLB	Core Laboratories Inc	12.29	100.00%	Moderate Sell	0.32%
CLF.US	Cleveland-Cliffs Inc	10.74			0%
CLH	Clean Harbors Inc.	321.95	72.73%	Moderate Buy	0%
CLS	Celestica Inc	302.00	92.31%	Strong Buy	0%
CLVT	Clarivate Plc	2.07	66.67%	Hold	0%
CLW	Clearwater Paper Corporation	21.71	75.00%	Hold	0%
CLX	Clorox Co	106.04	71.43%	Moderate Sell	4.66%
CM	Canadian Imperial Bank of Commerce	115.69	54.55%	Moderate Buy	2.58%
CMBT	CMB Tech NV	17.62			0%
CMC	Commercial Metals Co	65.28	63.64%	Moderate Buy	1.15%
CMCL	Caledonia Mining Corporation Plc	24.91	100.00%	Moderate Buy	2.83%
CMG	Chipotle Mexican Grill Inc	35.29	87.50%	Strong Buy	0%
CMI	Cummins Inc (Ex. Cummins Engine Inc)	593.24	81.82%	Strong Buy	1.74%
CMP	Compass Minerals International Inc.	24.62	33.33%	Hold	0%
CMS	CMS Energy Corp	69.83	50.00%	Moderate Buy	3.30%
CMT	Core Molding Technologies Inc	26.18	100.00%	Moderate Buy	0%
CMTG	Claros Mortgage Trust Inc	1.76	66.67%	Moderate Sell	0%
CNA	CNA Financial Corporation	49.48	100.00%	Moderate Sell	3.84%
CNC	Centene Corp	64.14	60.00%	Moderate Buy	0%
CNH.US	CNH Industrial NV	10.95			0.84%
CNI	Canadian National Railway Co	128.23	52.63%	Moderate Buy	2.01%
CNK	Cinemark Holdings Inc	36.89	54.55%	Moderate Buy	0.96%
CNM	Core & Main Inc	44.46	44.44%	Moderate Buy	0%
CNMD	Conmed Corp.	51.38	83.33%	Hold	0.39%
CNNE	Cannae Holdings Inc	15.02	100.00%	Moderate Buy	3.87%
CNO	CNO Financial Group Inc	53.11	100.00%	Hold	1.29%
CNP	Centerpoint Energy Inc	40.20	50.00%	Moderate Buy	2.94%
CNQ	Canadian Natural Resources Ltd	51.03	66.67%	Moderate Buy	3.40%
CNR	Core Natural Resources Inc	93.77	100.00%	Hold	0.42%
CNS	Cohen & Steers Inc	80.79	100.00%	Moderate Buy	3.23%
CNX	CNX Resources Corp	36.46	71.43%	Moderate Sell	0%
CODI	Compass Diversified	11.56	75.00%	Strong Buy	0%
COF	Capital One Financial Corp	212.48	90.00%	Strong Buy	1.47%
COHR	Coherent Corp	290.03	68.75%	Moderate Buy	0%
COLD	Americold Realty Trust	15.02	54.55%	Hold	6.03%
COMP.US	Compass Inc.	11.92			0%
CON.US	Concentra Group Holdings	34.81			0.89%
COOK	Traeger Inc	53.94	83.33%	Hold	0%
COP	ConocoPhillips Co	134.89	88.24%	Strong Buy	2.49%
COR	Cencora Inc	314.69	75.00%	Strong Buy	0.75%
COTY	Coty Inc	2.75	77.78%	Hold	0%
COUR	Coursera Inc.	5.85	60.00%	Moderate Buy	0%
CP	Canadian Pacific Railway LTD	94.83	77.78%	Strong Buy	0.71%
CPA	Copa Holdings SA	128.29	100.00%	Strong Buy	5.11%
CPAY	Corpay Inc	412.00	75.00%	Strong Buy	0%
CPF	Central Pacific Financial Corp	37.50	50.00%	Moderate Buy	3.02%
CPK	Chesapeake Utilities Corporation	137.58	75.00%	Hold	2.08%
CPNG	Coupang Inc.	16.26	80.00%	Moderate Buy	0%
CPRI	Capri Holdings Ltd	13.77	53.85%	Moderate Buy	0%
CPS	Cooper-Standard Holdings Inc	27.49	50.00%	Moderate Buy	0%
CPT	Camden Property Trust	107.92	64.71%	Hold	3.92%
CQP	Cheniere Energy Partners LP	68.67	62.50%	Moderate Sell	0%
CR	Crane Co	206.50	100.00%	Strong Buy	0.47%
CRBG	Corebridge Financial Inc	31.81	81.82%	Strong Buy	3.07%
CRC	California Resources Corporation	53.41	100.00%	Strong Buy	3.01%
CRCL	Circle Internet Group Inc	83.66	61.90%	Moderate Buy	0%
CRD.A	Crawford & Company	12.73	100.00%	Moderate Buy	2.30%
CRGY	Crescent Energy Company	13.81	83.33%	Strong Buy	3.41%
CRH	CRH PLC	93.09	100.00%	Strong Buy	2.01%
CRI	Carter's	36.24	75.00%	Hold	2.80%
CRK	Comstock Resources Inc	13.82	70.00%	Hold	0%
CRL	Charles River Laboratories International Inc	291.45	84.62%	Strong Buy	0%
CRM	Salesforce Inc	205.43	69.44%	Moderate Buy	0.82%
CRS	Carpenter Technology Corporation	489.08	85.71%	Strong Buy	0.16%
CSAN	Cosan SA	2.54	50.00%	Hold	0%
CSL	Carlisle Companies Incorporated	357.55	66.67%	Moderate Buy	1.24%
CSQR	Csquare, Inc	20.25	90.00%	Strong Buy	0%
CSR	Centerspace	54.16	66.67%	Moderate Buy	5.71%
CSTM	Constellium Se	26.53	80.00%	Strong Buy	0%
CSV	Carriage Services Inc	34.53	100.00%	Strong Buy	1.31%
CSW	Csw Industri Inc	322.62	66.67%	Moderate Buy	0.35%
CTEV	Claritev Corp	34.08	83.33%	Strong Buy	0%
CTGO	Contango Silver & Gold Inc	20.33	100.00%	Strong Buy	0%
CTO	CTO Realty Growth Inc	21.98	100.00%	Strong Buy	6.97%
CTOS	Custom Truck One Source Inc	9.82	80.00%	Strong Buy	0%
CTRE	CareTrust REIT Inc	39.76	77.78%	Strong Buy	3.66%
CTRI	Centuri Holdings Inc	21.78	60.00%	Moderate Buy	0%
CTS	CTS Corporation	57.78			0.28%
CTVA	Corteva Inc	79.46	78.57%	Strong Buy	0.88%
CUBE	CubeSmart	41.18	53.85%	Moderate Buy	5.16%
CUBI	Customers Bancorp Inc	79.57	75.00%	Strong Buy	0%
CURB	Curbline Properties Corp	29.47	66.67%	Moderate Buy	2.24%
CURV	Torrid Holdings Inc	2.09	80.00%	Hold	0%
CUZ	Cousins Properties Inc	29.58	85.71%	Strong Buy	4.31%
CVE	Cenovus Energy Inc	32.48	90.00%	Strong Buy	1.80%
CVEO	Civeo Corp	34.61	100.00%	Moderate Buy	0%
CVI.US	CVR Energy	35.83			0.51%
CVLG	Covenant Logistics Group Inc	34.73	100.00%	Strong Buy	0.80%
CVM	Cel-Sci Corp	1.46			0%
CVNA	Carvana Co	71.52	76.47%	Strong Buy	0%
CVR.THS	TreeHouse Foods CVR	0.00			0%
CVS	CVS Health Corp	93.65	94.12%	Strong Buy	2.86%
CVSA	Covista Inc	128.04	100.00%	Strong Buy	0%
CVX.US	Chevron	205.77			3.43%
CW	Curtiss-Wright Corporation	648.28	60.00%	Moderate Buy	0.15%
CWEN	Clearway Energy Inc	32.64	85.71%	Strong Buy	5.61%
CWH	Camping World Holdings Inc.	6.49	87.50%	Strong Buy	3.82%
CWK.US	Cushman & Wakefield PLC	14.70			0%
CWT	California Water Service Group	50.02	100.00%	Moderate Buy	2.63%
CX	Cemex, S.A.B. de C.V.-ADR	10.60	75.00%	Strong Buy	0.89%
CXM	Sprinklr Inc	7.20	66.67%	Hold	0%
CXT	Crane NXT Co	49.46	80.00%	Strong Buy	1.39%
CXW	Corecivic Inc	33.51	100.00%	Strong Buy	0%
CYD	China Yuchai International Ltd	38.71	100.00%	Moderate Buy	2.18%
CYH	Community Health Systems Inc	2.98	50.00%	Hold	0%
D	Dominion Energy Inc	67.47	70.00%	Moderate Buy	4.01%
DAC	Danaos Corp	148.70	100.00%	Moderate Buy	2.40%
DAL	Delta Air Lines Inc (DE)	81.06	100.00%	Strong Buy	0.94%
DAN	Dana Holding Corp	30.75	66.67%	Moderate Buy	1.45%
DAR	Darling Ingredients Inc	67.84	85.71%	Strong Buy	0%
DAVA	Endava plc-ADR	3.07	100.00%	Hold	0%
DB	Deutsche-Bank	37.56	70.00%	Moderate Buy	3.09%
DBD	Diebold Nixdorf Inc	67.81	100.00%	Moderate Buy	0%
DBI	Designer Brands Inc	5.74	100.00%	Hold	3.48%
DBRG	DigitalBridge Group Inc	15.91			0.25%
DCH.US	Dauch Corporation	6.36			0%
DCI	Donaldson Company	92.44	75.00%	Hold	1.33%
DCO	Ducommun Incorporated	189.08	80.00%	Strong Buy	0%
DCOM	Dime Commercial Bancshares Inc	40.30	100.00%	Moderate Buy	2.47%
DD	DuPont de Nemours Inc.	138.46	70.00%	Moderate Buy	1.67%
DDD	3D Systems Corp.	3.16	100.00%	Hold	0%
DDS	Dillards Inc	597.94	66.67%	Moderate Sell	0.19%
DE	Deere & Co	620.94	50.00%	Moderate Buy	1.00%
DEA	Easterly Government Properties Inc	24.78	100.00%	Hold	7.32%
DECK	Deckers Outdoor Corp	88.86	55.56%	Moderate Buy	0%
DEI	Douglas Emmett Inc	11.86	66.67%	Hold	6.45%
DELL	Dell Technologies Inc C	434.78	70.00%	Moderate Buy	0.52%
DEO	Diageo plc ADR	93.85	100.00%	Moderate Buy	3.51%
DFH	Dream Finders Homes Inc	14.69			0%
DFIN	Donnelley Financial Solutions Inc	48.52	100.00%	Moderate Buy	0%
DG.US	Dollar General Corporation	120.58			1.91%
DGX	Quest Diagnostics Inc	241.30	63.64%	Moderate Buy	1.36%
DHI	D.R. Horton Inc	147.33	63.64%	Hold	1.21%
DHR	Danaher Corp	215.91	85.00%	Strong Buy	0.66%
DHT	DHT Holdings Inc	19.80	50.00%	Moderate Buy	12.36%
DIN	Dine Brands Global Inc	34.38	100.00%	Hold	3.01%
DINO	HF Sinclair Corp.	92.72	50.00%	Moderate Buy	2.59%
DIS	Walt Disney	107.32	95.24%	Strong Buy	1.39%
DK	Delek US Holdings Inc	64.04	50.00%	Moderate Buy	1.43%
DKL	Delek Logistics Partners LP	53.71	100.00%	Hold	0%
DKS	Dicks Sporting Goods Inc	179.34	76.47%	Strong Buy	2.69%
DLB	Dolby Laboratories Inc.	64.19	100.00%	Strong Buy	2.21%
DLR	Digital Realty Trust Inc	194.30	84.00%	Strong Buy	2.56%
DLX	Deluxe Corporation	23.90			5.08%
DMC	Del Monte Corp	31.47			3.82%
DNA	Ginkgo Bioworks Holdings	6.96	50.00%	Moderate Sell	0%
DNN	Denison Mines Corp	3.14	100.00%	Strong Buy	0%
DNOW	DNOW Inc	15.54	100.00%	Strong Buy	0%
DOC	Healthpeak Properties Inc	21.20	76.92%	Hold	5.70%
DOCN	DigitalOcean Holdings Inc.	114.35	85.71%	Strong Buy	0%
DOCS	Doximity Inc.	25.94	46.67%	Moderate Buy	0%
DOLE	Dole Plc	13.37	100.00%	Hold	2.55%
DOUG	Douglas Elliman Inc	1.93			0%
DOV	Dover Corp	199.88	77.78%	Strong Buy	1.03%
DOW	Dow Inc.	32.90	54.55%	Moderate Buy	4.33%
DQ	Daqo New Energy Corp-ADR	14.98	50.00%	Moderate Buy	0%
DRD	DRDGOLD Limited	29.51	100.00%	Moderate Buy	1.71%
DRI	Darden Restaurants Inc	217.95	57.89%	Moderate Buy	2.76%
DSX	Diana Shipping Inc	2.65			1.85%
DT	Dynatrace Inc	49.18	88.00%	Strong Buy	0%
DTE	DTE Energy Co	138.15	60.00%	Moderate Buy	3.39%
DTM	DT Midstream Inc.	129.99	50.00%	Moderate Buy	2.68%
DUK	Duke Energy Corp	122.69	57.14%	Moderate Buy	3.57%
DV	DoubleVerify Holdings Inc	13.31	92.31%	Hold	0%
DVA	DaVita HealthCare Partners Inc	175.24	50.00%	Moderate Buy	0%
DVN	Devon Energy Corp	49.30	94.44%	Strong Buy	2.12%
DX	Dynex Capital Inc	13.25	100.00%	Strong Buy	16.96%
DXC	DXC Technology Co	10.70	87.50%	Hold	0%
DY	Dycom Industries Inc.	400.23	100.00%	Strong Buy	0%
E	Eni SpA-ADR	57.35	100.00%	Hold	4.33%
EAF	GrafTech International Ltd.	6.68	75.00%	Hold	0%
EAT	Brinker Intl.	233.10	86.67%	Strong Buy	0%
EBF	Ennis Inc	22.15			4.64%
EBS	Emergent BioSolutions Inc	4.82	50.00%	Hold	0%
EC	Ecopetrol SA-ADR	17.65	75.00%	Hold	3.70%
ECG	Everus Construction Group Inc	125.32	83.33%	Strong Buy	0%
ECL	Ecolab Inc	281.48	88.24%	Strong Buy	1.01%
ECVT	Ecovyst Inc	10.32	75.00%	Strong Buy	0%
ED	Consolidated Edison Inc	108.31	40.00%	Hold	3.30%
EDN	Empresa Distribuidora Y Comercializadora Norte	22.12	100.00%	Moderate Buy	0%
EDU	New Oriental Education & Technology Group Inc-ADR	54.91	66.67%	Moderate Buy	0%
EE	Excelerate Energy Inc.	39.36	57.14%	Moderate Buy	0.84%
EFC	Ellington Financial Inc	13.62	60.00%	Moderate Buy	11.45%
EFOR	Everforth Inc	32.17	60.00%	Moderate Buy	0%
EFR	Eaton Vance Senior Floating-Rate Trust	10.52			8.75%
EFX	Equifax Inc	192.41	76.19%	Strong Buy	1.10%
EFXT	Enerflex Ltd	20.09	75.00%	Strong Buy	0%
EG	Everest Group Ltd	368.36	69.23%	Hold	2.16%
EGHT	8x8 Inc	2.02	100.00%	Moderate Buy	0%
EGO	Eldorado Gold Corp	42.65	71.43%	Moderate Buy	0.33%
EGP.US	EastGroup Properties Inc	201.14			3.08%
EGY	VAALCO Energy Inc	6.03	100.00%	Moderate Buy	5.26%
EHC	Encompass Health Corp	120.91	100.00%	Strong Buy	0.63%
EIG	Employers Holdings Inc	48.13	100.00%	Moderate Buy	2.74%
EIX	Edison International	74.66	50.00%	Hold	4.83%
EL	Estee Lauder Companies Inc	96.15	55.56%	Moderate Buy	1.37%
ELAN	Elanco Animal Health Inc	23.56	91.67%	Strong Buy	0%
ELF	elf Beauty Inc	98.46	70.59%	Moderate Buy	0%
ELME	Elme Communities	1.62			1.67%
ELPC	Companhia Paranaense de Energia - COPEL	10.77	100.00%	Moderate Buy	0%
ELS	Equity LifeStyle Properties Inc	65.44	66.67%	Moderate Buy	3.23%
ELV	Elevance Health Inc	396.28	64.71%	Moderate Buy	1.71%
EMA	Emera Inc	51.78	50.00%	Moderate Buy	0%
EMBJ	Embraer SA-ADR	75.08	100.00%	Strong Buy	0.11%
EME	Emcor Group Inc	787.39	85.71%	Strong Buy	0.19%
EMN	Eastman Chemical Co	73.79	60.00%	Moderate Buy	4.52%
EMR	Emerson Electric Co	154.72	62.50%	Moderate Buy	1.41%
ENB	Enbridge Inc	50.99	60.00%	Moderate Buy	5.52%
ENIC	Enel Chile Sa	4.41	100.00%	Hold	4.34%
ENOV	Enovis Corp	26.18	90.00%	Strong Buy	0%
ENR	Energizer Holdings Inc	20.99	83.33%	Hold	6.99%
ENS.US	EnerSys	189.97			0.55%
ENVA	Enova International Inc	237.39	100.00%	Strong Buy	0%
EOG	EOG Resources Inc	152.19	55.00%	Moderate Buy	2.67%
EPAC	Enerpac Tool Group Corp	36.99	50.00%	Moderate Buy	0.11%
EPAM	EPAM Systems Inc.	106.76	50.00%	Moderate Buy	0%
EPC	Edgewell Personal Care	27.56	50.00%	Moderate Buy	2.10%
EPD	Enterprise Products Partners LP	38.43	54.55%	Moderate Buy	0%
EPM	Evolution Petroleum Corporation	3.55	100.00%	Hold	13.60%
EPR	EPR Properties	61.22	50.00%	Moderate Buy	5.99%
EPRT	Essential Properties Realty Trust Inc	31.17	100.00%	Strong Buy	4.02%
EQBK	Equity Bancshares Inc	49.88	57.14%	Moderate Buy	1.44%
EQH	Equitable Holdings Inc.	48.75	100.00%	Strong Buy	2.33%
EQNR	Equinor ASA-ADR	42.86	50.00%	Moderate Sell	3.55%
EQT	EQT Corp	53.89	84.21%	Strong Buy	1.23%
EQX	Equinox Gold Corp	12.88	100.00%	Strong Buy	0.39%
ERO	Ero Copper Corp	36.02	62.50%	Moderate Buy	0%
EROC	ERock, Inc.	13.01	100.00%	Strong Buy	0%
EROK	EagleRock Land, LLC	26.16	85.71%	Strong Buy	0%
ES	Eversource Energy	72.15	50.00%	Hold	4.39%
ESAB	ESAB Corporation	78.58	100.00%	Strong Buy	0.52%
ESE	ESCO Technologies Inc	284.57	100.00%	Moderate Buy	0.11%
ESI	Element Solutions Inc	35.54	83.33%	Strong Buy	0.91%
ESNT	Essent Group	68.53	60.00%	Moderate Buy	1.94%
ESRT	Empire State Realty Trust Inc	4.79	66.67%	Moderate Sell	2.90%
ESS	Essex Property Trust Inc	287.71	50.00%	Moderate Buy	3.57%
ESTC	Elastic NV	85.90	64.00%	Moderate Buy	0%
ET	Energy Transfer LP	21.21	90.91%	Strong Buy	0%
ETD	Ethan Allen Interiors Inc	22.93	100.00%	Hold	6.62%
ETN	Eaton Corp PLC	415.29	81.82%	Strong Buy	1.04%
ETR	Entergy Corp	107.34	86.67%	Strong Buy	2.45%
ETSY	Etsy Inc	81.21	54.55%	Moderate Buy	0%
EVC	Entravision Communications-A	8.03			2.48%
EVEX	Eve Holding Inc	2.54	85.71%	Strong Buy	0%
EVH	Evolent Health Inc	4.70	75.00%	Strong Buy	0%
EVI	Evi Industries Inc	15.19	100.00%	Moderate Buy	0%
EVR	Evercore Inc.	287.09	50.00%	Moderate Buy	1.17%
EVRG	Evergy Inc	83.16	77.78%	Strong Buy	4.26%
EVTC	EVERTEC Inc	29.73	66.67%	Moderate Buy	0.67%
EVVAQ	Enviva Inc	0.00			0%
EW	Edwards Lifesciences Corp	89.83	83.33%	Strong Buy	0%
EXE	Expand Energy Corp	96.07	81.25%	Strong Buy	2.39%
EXK	Endeavour Silver Corp	10.97	100.00%	Strong Buy	0%
EXP	Eagle Materials Inc.	202.92	88.89%	Hold	0.48%
EXPD	Expeditors International of Washington	186.40	50.00%	Hold	0.84%
EXR	Extra Space Storage Inc	147.26	60.00%	Moderate Buy	4.41%
F	Ford Motor Co	13.99	46.67%	Moderate Buy	4.16%
FAF	First American Financial Corp	71.99	100.00%	Strong Buy	3.07%
FBIN	Fortune Brands Innovations Inc	44.98	44.44%	Moderate Buy	2.87%
FBK	Fb Financial Corporation	58.54	100.00%	Strong Buy	1.40%
FBP	First BanCorp/Puerto Rico	28.22	71.43%	Moderate Buy	2.66%
FBRT	Franklin BSP Realty Trust Inc	8.07	100.00%	Moderate Buy	13.23%
FC	Franklin Covey Co	20.01	100.00%	Strong Buy	0%
FCF	First Commonwealth Financial Corporation	21.25	75.00%	Strong Buy	2.61%
FCN	FTI Consulting Inc	153.49	66.67%	Moderate Buy	0%
FCPT	Four Corners Property Trust	25.38	75.00%	Hold	6.25%
FCX	Freeport-McMoRan Inc	71.22	76.92%	Strong Buy	0.39%
FDS	Factset Research Systems Inc.	300.06	50.00%	Moderate Sell	1.49%
FDX	FedEx Corporation	326.04	89.47%	Strong Buy	1.45%
FDXF	FEDEX FREIGHT HOLDING CO	136.40	70.00%	Moderate Buy	0%
FE	FirstEnergy Corp	47.18	54.55%	Moderate Buy	3.96%
FET.US	Forum Energy Technologies Inc	78.60			0%
FF	FutureFuel Corp	5.58			3.42%
FG	F&G Annuities & Life Inc	22.64	100.00%	Hold	4.30%
FHI	Federated Hermes Inc	63.13	40.00%	Hold	2.26%
FHN	First Horizon Corporation	24.68	60.00%	Moderate Buy	2.60%
FICO	Fair Isaac Corporation	1150.00	71.43%	Moderate Buy	0%
FIG	Figma Inc	27.31	55.56%	Moderate Buy	0%
FIGS	FIGS Inc.	14.41	66.67%	Moderate Buy	0%
FINV	FinVolution Group	4.40	100.00%	Moderate Buy	7.03%
FIRY	Firy Inc	10.24			0%
FIS.US	Fidelity National Information Services Inc	40.58			4.06%
FITB	Fifth Third Bancorp	54.50	73.33%	Moderate Buy	2.92%
FIX	Comfort Systems USA Inc	1670.00	88.89%	Strong Buy	0.18%
FLG	Flagstar Financial Inc	13.49	69.23%	Moderate Buy	0.30%
FLO	Flowers Foods	7.10	100.00%	Hold	12.48%
FLR.US	Fluor Corp	52.16			0%
FLS	Flowserve Corp	78.10	60.00%	Moderate Buy	1.08%
FMC	FMC Corp	10.88	69.23%	Hold	7.44%
FMS	Fresenius Medical Care AG	23.43	66.67%	Moderate Sell	3.69%
FMX	Fomento Economico Mexicano SAB-ADR	118.71	66.67%	Moderate Buy	4.43%
FN	Fabrinet	444.87	75.00%	Strong Buy	0%
FNB	F.N.B. Corporation	18.53	80.00%	Strong Buy	2.64%
FND	Floor & Decor Holdings Inc.	54.70	58.82%	Moderate Buy	0%
FNF	Fidelity National Financial Inc	47.44	75.00%	Strong Buy	4.32%
FNV	Franco-Nevada Corp	258.14	62.50%	Moderate Buy	0.62%
FOIL	Londian Wason New Energy Tech Inc	22.06			0%
FOR	Forestar Group Inc	28.88	100.00%	Hold	0%
FOUR	Shift4 Payments Inc	47.86	53.33%	Moderate Buy	0%
FPI	Farmland Partners Inc	10.12	100.00%	Hold	2.94%
FPS	Forgent Power Solutions, Inc	33.36	100.00%	Strong Buy	0%
FR.US	First Industrial Realty Trust Inc	62.62			3.00%
FRO	Frontline PLC	43.56	50.00%	Hold	7.17%
FRT	Federal Realty Investment Trust	117.25	60.00%	Moderate Buy	3.87%
FSK	FS KKR Capital Corp	11.91	100.00%	Hold	18.00%
FSM	Fortuna Silver Mines Inc	11.90	66.67%	Moderate Buy	0%
FSRNQ	Fisker Inc	0.00			0%
FSS	Federal Signal Corporation	121.99	100.00%	Strong Buy	0.48%
FTAI	FTAI Aviation Ltd	197.81	100.00%	Strong Buy	0.81%
FTI	TechnipFMC Plc	77.62	90.00%	Strong Buy	0.26%
FTRE	Fortrea Holdings Inc	18.19	50.00%	Moderate Buy	0%
FTS	Fortis Inc	56.24	50.00%	Hold	3.37%
FTV	Fortive Corporation	59.40	71.43%	Moderate Buy	0.40%
FUBO	FuboTV Inc	10.59	80.00%	Strong Buy	0%
FUL	H.B. Fuller Company	59.16	80.00%	Strong Buy	1.64%
FUN.US	Six Flags Entertainment Corp	16.79			0%
FVRR	Fiverr International	9.18	100.00%	Hold	0%
G.US	Genpact Limited	36.93			1.93%
GAP	Gap, Inc.	19.65	53.33%	Moderate Buy	3.43%
GATX	GATX Corporation	176.70	100.00%	Strong Buy	1.44%
GBCI	Glacier Bancorp Inc	47.25	100.00%	Strong Buy	2.79%
GBTG	Global Business Travel Group I	9.46			0%
GBX.US	The Greenbrier Companies Inc	45.81			2.87%
GCO	Genesco Inc	34.15	66.67%	Moderate Buy	0%
GCTS	GCT Semiconductor Holding Inc	1.99			0%
GD	General Dynamics Corp	386.07	50.00%	Moderate Buy	1.61%
GDDY	GoDaddy Inc.	98.19	53.33%	Moderate Buy	0%
GDOT	Green Dot Corp	13.34	50.00%	Moderate Buy	0%
GE	General Electric Co	344.64	100.00%	Strong Buy	0.48%
GEF	Greif Inc	86.43	66.67%	Moderate Sell	2.62%
GEF.B	Greif Inc	110.00			3.09%
GEL	Genesis Energy LP	16.04	100.00%	Moderate Buy	0%
GENI	Genius Sports Limited	7.93	81.82%	Strong Buy	0%
GEO	GEO Group Inc	31.72	100.00%	Strong Buy	0%
GETY	Getty Images Holdings Inc	0.27	100.00%	Hold	0%
GEV	GE Vernova LLC	966.01	85.71%	Strong Buy	0.18%
GFF	Griffon Corporation	100.13	100.00%	Moderate Buy	0.84%
GFI.US	Gold Fields Ltd-ADR	45.45			3.70%
GFL	GFL Environmental Inc	41.17	81.82%	Moderate Buy	0%
GFR	Greenfire Resources Ltd	6.37	66.67%	Moderate Buy	0%
GGB	Gerdau SA-ADR	4.33	66.67%	Moderate Buy	3.47%
GGG	Graco Inc.	81.71	83.33%	Hold	1.44%
GHC	Graham Holdings Co - Class B	1150.00			0.64%
GHM	Graham Corp	99.99	80.00%	Strong Buy	0%
GIB	CGI Group	74.26	57.14%	Hold	0.65%
GIC	Global Industrial Company	38.73	100.00%	Hold	2.79%
GIL	Gildan Activewear Inc	55.45	87.50%	Strong Buy	2.13%
GIS	General Mills Inc	39.61	50.00%	Hold	6.10%
GKOS	Glaukos Corp	184.89	92.86%	Strong Buy	0%
GL	Globe Life Inc	170.49	80.00%	Strong Buy	0.70%
GLOB	Globant SA	39.63	71.43%	Moderate Buy	0%
GLP	Global Partners LP	50.57	100.00%	Hold	0%
GLW	Corning Inc	151.45	70.00%	Moderate Buy	0.75%
GM	General Motors Co	86.15	94.12%	Strong Buy	0.75%
GME	GameStop Corp.	18.04			0%
GME.WS	GameStop Corp. warrant	1.51			0%
GMED	Globus Medical Inc	85.67	75.00%	Strong Buy	0%
GMRS	GMR Solutions Inc	14.14	87.50%	Strong Buy	0%
GNE	Genie Energy Ltd	15.03	100.00%	Hold	2.00%
GNK.US	Genco Shipping & Trading Limited	26.09			6.79%
GNL	Global Net Lease Inc	9.09	75.00%	Strong Buy	8.41%
GNRC	Generac Holdings Inc	206.75	70.59%	Moderate Buy	0%
GNS.US	Genius Group Ltd	0.17			0%
GNW	Genworth Financial Inc	9.86	100.00%	Moderate Buy	0%
GOLD.US	Gold.com Inc	45.66			1.30%
GOLF	Acushnet Holdings Corp	89.25	100.00%	Hold	1.10%
GOOG.24-7	Google 24/7	341.38			0%
GOOS	Canada Goose Holdings Inc	8.55	37.50%	Hold	0%
GOTU	Gaotu Techedu Inc.	1.68			0%
GPC	Genuine Parts Co	132.92	57.14%	Moderate Buy	3.12%
GPI	Group 1 Automotive Inc	263.82	50.00%	Moderate Buy	0.80%
GPK	Graphic Packaging Holding Co	11.63	87.50%	Hold	3.68%
GPMT	Granite Point Mortgage Trust Inc	1.12	100.00%	Hold	17.70%
GPN	Global Payments Inc	92.28	59.09%	Moderate Buy	1.07%
GPOR	Gulfport Energy Corporation	174.35	60.00%	Moderate Buy	0%
GPRK	GeoPark Limited	9.78			1.08%
GRBK	Green Brick Partners Inc	70.87			0%
GRC.US	The Gorman-Rupp Company	77.85			0.97%
GRCL.CVR	Gracell Biotechnologies Inc. CVR	0.00			0%
GRDN	Guardian Pharmacy Services Inc	37.48	100.00%	Strong Buy	0%
GRND	Grindr Inc.	15.66	100.00%	Strong Buy	0%
GRNT	Granite Ridge Resources Inc	5.18	50.00%	Moderate Buy	8.61%
GROY	Gold Royalty Corp	3.39	100.00%	Strong Buy	0%
GS	Goldman Sachs Group Inc	1000.00	53.33%	Moderate Buy	1.64%
GSBD	Goldman Sachs BDC Inc	9.92	66.67%	Moderate Sell	15.29%
GSK	GlaxoSmithKline plc ADR	51.96	66.67%	Moderate Buy	3.47%
GSL	Global Ship Lease Inc	43.38	100.00%	Moderate Buy	6.90%
GTES	Gates Industrial Corporation plc	25.89	77.78%	Strong Buy	0%
GTN	Gray Media Inc	4.91	66.67%	Moderate Buy	6.48%
GTY	Getty Realty Corp	33.37	71.43%	Moderate Buy	5.81%
GVA	Granite Construction Inc	122.97	75.00%	Moderate Buy	0.42%
GWH	Ess Tech Inc	0.39			0%
GWRE	Guidewire Software Inc	181.79	92.86%	Strong Buy	0%
GWW	WW Grainger Inc	1300.00	66.67%	Hold	0.72%
GXO	GXO Logistics Inc.	45.37	92.86%	Strong Buy	0%
H.US	Hyatt Hotels Corp	179.48			0.33%
HAE	Haemonetics Corp.	108.22	66.67%	Moderate Buy	0%
HAFN	Hafnia Ltd	7.89	100.00%	Hold	0%
HAL	Halliburton Co	35.69	76.47%	Strong Buy	1.92%
HASI	Hannon Armstrong Sustainable Infrastructure Capital Inc	40.62	83.33%	Strong Buy	4.28%
HAWK	HawkEye 360, Inc	21.61	88.89%	Strong Buy	0%
HAYW	Hayward Holdings Inc	14.72	50.00%	Moderate Buy	0%
HBM	Hudbay Minerals Inc	28.15	100.00%	Strong Buy	0%
HCA	HCA Holdings Inc	406.27	60.00%	Moderate Buy	0.70%
HCC	Warrior Met Coal Inc	103.36	60.00%	Moderate Buy	0.30%
HCI	Hci Group Inc	182.03	100.00%	Strong Buy	0.88%
HD	Home Depot Inc	334.49	72.00%	Moderate Buy	2.76%
HDB	HDFC Bank Ltd-ADR	23.34	100.00%	Moderate Buy	1.73%
HE	Hawaiian Electric Industries Inc	11.61	50.00%	Moderate Sell	0%
HEI	Heico Corporation	350.58	64.29%	Moderate Buy	0.07%
HEI.A	HEICO Corporation	257.87			0.10%
HESM	Hess Midstream	39.10	50.00%	Moderate Sell	7.89%
HG	Hamilton Insurance Group Ltd	34.77	57.14%	Moderate Buy	0%
HGTY	Hagerty Inc	12.81	66.67%	Moderate Buy	0%
HGV	Hilton Grand Vacations Inc	44.82	66.67%	Moderate Buy	0%
HHH	Howard Hughes Holdings Inc	67.93	50.00%	Moderate Buy	0%
HIG	The Hartford Financial Services Group Inc	137.12	64.29%	Moderate Buy	1.70%
HII	Huntington Ingalls Industries Inc	301.40	57.14%	Moderate Buy	1.84%
HIMS	Hims & Hers Health Inc	31.86	72.73%	Moderate Buy	0%
HIPO	Hippo Holdings Inc	32.69	50.00%	Moderate Buy	0%
HIW	Highwoods Properties Inc	31.47	100.00%	Hold	6.37%
HL	Hecla Mining Company	20.82	57.14%	Moderate Buy	0.07%
HLF	Herbalife Nutrition Ltd.	12.15	66.67%	Moderate Buy	0%
HLI	Houlihan Lokey Inc.	128.06	62.50%	Moderate Buy	1.94%
HLIO	Helios Technologies Inc	76.31	100.00%	Strong Buy	0.55%
HLLY	Holley Inc	3.04	83.33%	Strong Buy	0%
HLN	Haleon PLC-ADR	9.87	100.00%	Moderate Buy	1.97%
HLT	Hilton Worldwide Holdings Inc	329.61	62.50%	Moderate Buy	0.23%
HLX	Helix Energy Solutions Group Inc	10.46			0%
HMC	Honda Motor Co, Ltd-ADR	32.60			3.99%
HMN	Horace Mann Educators Corporation	50.41	100.00%	Moderate Buy	2.81%
HMY	Harmony Gold Mining Co Ltd-ADR	22.02			1.73%
HNGE	Hinge Health Inc	85.62	92.86%	Strong Buy	0%
HNI	HNI Corporation	47.80			2.78%
HOG	Harley-Davidson Inc	27.63	44.44%	Hold	2.61%
HOMB	Home BancShares Inc/AR	30.19	62.50%	Moderate Buy	2.84%
HOV	Hovnanian Enterprises Inc	118.13			0%
HP	Helmerich & Payne Inc	44.10	50.00%	Moderate Buy	2.30%
HPE	Hewlett Packard Enterprise Co	52.89	62.50%	Moderate Buy	1.04%
HPP	Hudson Pacific Properties Inc	14.83	50.00%	Hold	0%
HPQ	Hewlett Packard	29.47	62.50%	Moderate Sell	4.00%
HR	Healthcare Realty Trust Inc	19.41	55.56%	Moderate Buy	4.95%
HRB	H&R Block Inc	53.04	50.00%	Hold	3.13%
HRI	Herc Holdings	161.66	66.67%	Moderate Buy	1.73%
HRL	Hormel Foods Corp	24.08	66.67%	Moderate Buy	4.89%
HRTG	Heritage Insurance Holdings	33.63	100.00%	Moderate Buy	0%
HSBC	HSBC-ADR	102.33	33.33%	Hold	3.60%
HSY	Hershey Co	188.31	70.59%	Moderate Buy	3.07%
HTB	Hometrust Bancshares Inc	46.71	100.00%	Moderate Buy	1.20%
HTGC	Hercules Capital Inc	17.03	50.00%	Moderate Buy	9.28%
HTH	Hilltop Holdings Inc	38.63	100.00%	Hold	2.07%
HTT	High Templar Tech Limited	2.47			0%
HTZ	Hertz Global Holdings Inc	2.09	62.50%	Moderate Sell	0%
HUBB	Hubbell Inc.	469.76	50.00%	Moderate Buy	1.19%
HUBS	HubSpot	239.86	51.85%	Moderate Buy	0%
HUM	Humana Inc	380.73	47.83%	Moderate Buy	0.93%
HUN	Huntsman Corp	10.16	60.00%	Hold	5.14%
HUYA.US	HUYA Inc	2.17			0%
HVT	Haverty Furniture Companies Inc	27.46			4.78%
HWM	Howmet Aerospace Inc	273.64	78.57%	Strong Buy	0.18%
HXL	Hexcel Corp	94.11	75.00%	Hold	0.76%
HY	Hyster-Yale Materials Handling Inc	32.93	100.00%	Moderate Buy	4.16%
HYLN	Hyliion Holdings Corp	3.37	50.00%	Moderate Buy	0%
HZO	Marinemax Inc	52.25	66.67%	Moderate Buy	0%
IAG.US	Iamgold Corp	20.50			0%
IBM	International Business Machines Corporation (IBM)	233.69	66.67%	Moderate Buy	2.86%
IBN	ICICI Bank Ltd-ADR	29.67	100.00%	Moderate Buy	0.83%
IBP	Installed Building Products Inc	244.61	83.33%	Hold	0.61%
IBTA	Ibotta Inc	36.48	50.00%	Hold	0%
ICE	Intercontinental Exchange Inc	158.61	92.31%	Strong Buy	1.24%
ICL	ICL Group Ltd	5.52	100.00%	Hold	3.29%
IDA	IDACORP Inc	140.11	80.00%	Strong Buy	2.57%
IDR.US	Idaho Strategic Resources Inc	31.12			0%
IDT	IDT Corporation	67.19			0.38%
IE	Ivanhoe Electric Inc	10.29	100.00%	Moderate Buy	0%
IEX	IDEX Corp	233.75	80.00%	Strong Buy	1.23%
IFF	International Flavors & Fragra	83.39	83.33%	Strong Buy	1.90%
IFS	Intercorp Financial Services Inc	53.74	50.00%	Moderate Buy	3.28%
IGMS CVR	IGMS CVR delisting	0.00			0%
IHG	InterContinental Hotels Group PLC-ADR	159.74	60.00%	Moderate Buy	1.56%
IHS	IHS Holding	8.36			0%
IIIN	Insteel Industries Inc	30.36			0.39%
IIPR	Innovative Industrial Properties Inc. A	56.73	33.33%	Hold	13.40%
IMAX	IMAX Corp	52.74	77.78%	Strong Buy	0%
IMO	Imperial Oil Ltd.	136.86	50.00%	Moderate Sell	1.67%
INFQ	Infleqtion Inc	12.55	100.00%	Strong Buy	0%
INFY	Infosys Limited-ADR	11.83	100.00%	Hold	4.39%
INGM	Ingram Micro Holding Corporation	27.28	57.14%	Moderate Buy	1.21%
INGR	Ingredion Inc	107.02	80.00%	Hold	3.07%
INN	Summit Hotel Properties Inc	6.16	100.00%	Moderate Buy	5.19%
INSP	Inspire Medical Systems Inc.	61.27	57.14%	Hold	0%
INSW	International Seaways Inc	99.36	100.00%	Moderate Buy	0.45%
INTT	inTEST Corporation	12.17	100.00%	Moderate Buy	0%
INVH	Invitation Homes Inc	30.27	46.67%	Moderate Buy	3.95%
INVX	Innovex International Inc	29.15	50.00%	Moderate Buy	0%
IONQ	IONQ Inc	41.53	88.89%	Strong Buy	0%
IOT	Samsara Inc	38.98	71.43%	Moderate Buy	0%
IP.US	International Paper Co	40.36			4.46%
IPI	Intrepid Potash Inc	38.28	66.67%	Moderate Sell	0%
IQV	IQVIA Holdings Inc.	256.05	93.75%	Strong Buy	0%
IR	Ingersoll Rand Inc.	79.33	83.33%	Strong Buy	0.10%
IRM	Iron Mountain Inc	122.94	100.00%	Strong Buy	2.77%
IRS	IRSA Inversiones y Representaciones Sociedad Anónima	14.54			9.55%
IRT	Independence Realty Trust Inc	16.63	66.67%	Moderate Buy	4.16%
IT	Gartner Inc	193.68	58.33%	Hold	0%
ITGR	Integer Holdings Corporation	125.21	87.50%	Hold	0%
ITT	ITT Inc	208.15	100.00%	Strong Buy	0.71%
ITUB	Itau Unibanco Holding ADR	7.17	100.00%	Moderate Buy	5.72%
ITW	Illinois Tool Works Inc	282.74	66.67%	Hold	2.28%
IVR	Invesco Mortgage Capital Inc	7.55	66.67%	Moderate Sell	20.48%
IVT	InvenTrust Properties Corp	33.19	80.00%	Strong Buy	2.98%
IVZ.US	Invesco Ltd	31.36			2.65%
IX	Orix Corp	37.54	100.00%	Hold	2.57%
J	Jacobs Engineering Group Inc	147.94	66.67%	Moderate Buy	1.15%
JBGS	JBG SMITH Properties	12.37	100.00%	Moderate Sell	5.60%
JBI	Janus International Group Inc.	5.12	100.00%	Moderate Buy	0%
JBL	Jabil Inc	316.65	100.00%	Strong Buy	0.10%
JBS	Jbs NV	13.55	87.50%	Strong Buy	0%
JBTM	JBT Marel Corp.	116.16	100.00%	Strong Buy	0.34%
JCI	Johnson Controls Inc	143.16	57.14%	Moderate Buy	1.12%
JEF	Jefferies Financial Group Inc	51.78	60.00%	Moderate Buy	3.06%
JELD	JELD-WEN Holding Inc	2.08	100.00%	Hold	0%
JHX	James Hardie Industries plc	30.03	90.00%	Strong Buy	0%
JILL	JJill Inc	20.32	75.00%	Hold	1.68%
JKS	JinkoSolar Holding Co Ltd-ADR	15.87	66.67%	Moderate Sell	9.42%
JLL	Jones Lang Lasalle Inc	384.30	71.43%	Moderate Buy	0%
JMIA	Jumia Technologies AG-ADR	6.64	100.00%	Strong Buy	0%
JMKE	Jersey Mike’s Subs Inc	22.58	100.00%	Moderate Buy	0%
JNJ	Johnson & Johnson	267.37	81.25%	Strong Buy	1.94%
JOBY	Joby Aviation Inc	7.58	42.86%	Hold	0%
JOE	The St. Joe Company	68.81			1.13%
JPM	JPMorgan Chase & Co	351.55	62.50%	Moderate Buy	1.71%
JXN	Jackson Financial Inc	129.14	50.00%	Moderate Buy	2.62%
KAI	Kadant Inc	314.06	66.67%	Moderate Buy	0.45%
KB	KB Financial Group Inc-ADR	113.24	100.00%	Moderate Buy	2.10%
KBH	KB Home	54.46	70.00%	Hold	1.81%
KBR	KBR Inc	37.90	60.00%	Moderate Buy	1.71%
KD	Kyndryl Holdings Inc	12.31	80.00%	Hold	0%
KDK	Kodiak Robotics Inc	3.82	100.00%	Strong Buy	0%
KEN	Kenon Holdings Ltd	65.20			5.81%
KEP	Korea Electric Power Corporation	11.23			4.64%
KEX	Kirby Corp	139.22	100.00%	Strong Buy	0%
KEY	KeyCorp	21.85	62.50%	Moderate Buy	3.75%
KEYS	Keysight Technologies Inc	316.51	90.00%	Strong Buy	0%
KFRC	Kforce Inc	58.13	50.00%	Moderate Buy	2.71%
KFY	Korn Ferry	84.59	80.00%	Strong Buy	2.42%
KGC	Kinross Gold Corp	31.43	100.00%	Strong Buy	0.56%
KGS.US	Kodiak Gas Services Inc	60.60			3.19%
KIM	Kimco Realty Corp	24.16	55.56%	Moderate Buy	4.29%
KKR	KKR & Co LP	107.02	92.31%	Strong Buy	0.70%
KLAR	Klarna Group plc	14.00	52.94%	Moderate Buy	0%
KLC	Kindercare Learning Cos Inc	2.78	42.86%	Moderate Sell	0%
KMI	Kinder Morgan Inc	31.61	50.00%	Moderate Buy	3.81%
KMPR	Kemper Corporation	27.26	66.67%	Moderate Sell	4.74%
KMT	Kennametal Inc	29.78	62.50%	Moderate Sell	2.67%
KMX	CarMax Inc	61.05	76.92%	Hold	0%
KN	Knowles Corporation	34.01	50.00%	Moderate Buy	0%
KNF	Knife River Corp	65.96	60.00%	Moderate Buy	0%
KNOP	Knot Offshore Partners Lp	10.51	50.00%	Moderate Buy	1.66%
KNTK	Kinetik Holdings Inc	54.39	73.33%	Moderate Buy	5.89%
KNX	Knight-Swift Transportation Holdings Inc.	69.41	94.12%	Strong Buy	1.06%
KO	Coca-Cola	90.50	88.89%	Strong Buy	2.28%
KODK.US	Eastman Kodak Company	9.69			0%
KOF	Coca-Cola Femsa SAB de CV	113.24	80.00%	Hold	3.78%
KOP	Koppers Holdings Inc	45.88	66.67%	Moderate Buy	0.75%
KOS	Kosmos Energy Ltd	3.02	60.00%	Moderate Sell	0%
KR	Kroger Co	56.32	53.33%	Moderate Buy	2.49%
KRC	Kilroy Realty Corp	36.76	54.55%	Hold	5.90%
KREF	KKR Real Estate Finance Trust Inc	7.48	66.67%	Moderate Sell	11.21%
KRG	Kite Realty Group Trust	26.27	62.50%	Moderate Buy	4.35%
KRMN	Karman Holdings Inc	54.36	87.50%	Strong Buy	0%
KRO	Kronos Worldwide Inc	8.13	100.00%	Moderate Sell	2.44%
KSS	Kohl's Corp	17.33	50.00%	Moderate Sell	2.84%
KT	KT Corporation	18.67			2.16%
KTB	Kontoor Brands Inc.	78.99	75.00%	Strong Buy	2.57%
KVUE	Kenvue Inc	18.93	100.00%	Hold	4.37%
KVYO	Klaviyo Inc	18.11	95.00%	Strong Buy	0%
KWR	Quaker Chemical Corporation	164.83	100.00%	Strong Buy	1.25%
KWY	Kingsway Corp	10.03			0%
L	Loews Corp	110.70			0.23%
LAC	Lithium Americas Corp	2.97	85.71%	Hold	0%
LAD	Lithia Motors Inc	370.67	61.54%	Moderate Buy	0.64%
LADR	Ladder Capital Corp	9.98	50.00%	Moderate Buy	9.27%
LAR	Lithium Argentina AG	5.98	100.00%	Strong Buy	0%
LAW	CS Disco Inc	4.34	100.00%	Moderate Buy	0%
LAZ	Lazard Inc	42.77	33.33%	Hold	4.53%
LB	LandBridge Company LLC	87.03	50.00%	Moderate Buy	0.49%
LBRT	Liberty Energy Inc	19.24	63.64%	Moderate Buy	1.81%
LCII	LCI Industries	105.44	50.00%	Moderate Buy	5.64%
LCLN	Lincoln International Inc	23.32	57.14%	Moderate Buy	0%
LCTX	Lineage Cell Therapeutics In	1.08	100.00%	Strong Buy	0%
LDI	Loandepot Inc -Class A	0.87	66.67%	Moderate Sell	0%
LDOS	Leidos Holdings Inc	141.37	64.29%	Moderate Buy	1.20%
LEA	Lear Corp	125.43	75.00%	Hold	2.40%
LEG	Leggett & Platt Inc	9.34	100.00%	Hold	2.66%
LEN	Lennar Corp	85.42	50.00%	Moderate Sell	2.30%
LEN.B	Lennar Corporation	83.84			2.34%
LEU	Centrus Energy Corp	176.13	64.29%	Moderate Buy	0%
LEVI	Levi Strauss & Co.	21.23	75.00%	Strong Buy	2.70%
LH	Laboratory Corp Of America Holdings	332.81	75.00%	Strong Buy	0.86%
LHX	L3Harris	270.44	50.00%	Moderate Buy	1.84%
LII	Lennox International Inc	406.05	57.14%	Moderate Buy	1.31%
LION	Lionsgate Studios Corp	11.46	66.67%	Moderate Buy	0%
LLFLQ	Ll Flooring Holdings Inc	0.00			0%
LLY	Eli Lilly & Co	1240.00	89.47%	Strong Buy	0.53%
LMND	Lemonade Inc.	50.71	71.43%	Moderate Buy	0%
LMT	Lockheed Martin Corporation	571.48	64.29%	Hold	2.42%
LNC	Lincoln National Corp	41.98	50.00%	Moderate Buy	4.27%
LNG	Cheniere Energy Inc	279.17	100.00%	Strong Buy	0.80%
LNN	Lindsay Corporation	116.14	100.00%	Hold	1.28%
LOAR	Loar Holdings Inc	74.37	80.00%	Strong Buy	0%
LOMA	Loma Negra Compañía Industrial Argentina Sociedad Anónima	9.32	100.00%	Moderate Buy	0%
LOW	Lowe's Companies Inc	217.34	73.91%	Moderate Buy	2.24%
LPG	Dorian Lpg Ltd	49.65	100.00%	Moderate Buy	0%
LPL	LG Display Co Ltd - ADR	3.33			0%
LPX	Louisiana-Pacific Corp	73.75	90.00%	Strong Buy	1.61%
LRN	Stride Inc.	84.07	66.67%	Moderate Buy	0%
LSPD	Lightspeed Commerce Inc	10.39	54.55%	Moderate Buy	0%
LTC.US	LTC Properties Inc.	40.75			6.13%
LTH	Life Time Group Holdings Inc	44.72	93.75%	Strong Buy	0%
LTM	LATAM Airlines Group SA	50.49	100.00%	Strong Buy	0%
LU	Lufax Holding Ltd-ADR	1.40	100.00%	Moderate Buy	0%
LUCK	Lucky Strike Entertainment Corp	6.58	50.00%	Moderate Buy	3.46%
LUMN	Lumen Technologies Inc	6.01	85.71%	Hold	0%
LUV	Southwest Airlines Co	39.89	50.00%	Moderate Buy	1.78%
LUXE	LuxExperience BV	7.86	50.00%	Moderate Buy	0%
LVS	Las Vegas Sands Corp	45.97	60.00%	Moderate Buy	2.45%
LW	Lamb Weston Holdings Inc	53.47	70.00%	Moderate Buy	2.81%
LXFR	Luxfer Holdings PLC	17.12			3.02%
LXP	Lexington Realty Trust	60.88	85.71%	Hold	4.56%
LXU	LSB Industries Inc	10.69	50.00%	Moderate Buy	0%
LYB	LyondellBasell Industries NV	68.10	54.55%	Moderate Buy	6.10%
LYG	Lloyds Banking Group PLC	5.90			3.56%
LYNX	Lyntris Inc	15.39			0%
LYV	Live Nation Entertainment Inc	182.02	94.12%	Strong Buy	0%
LZB	La-Z-Boy Incorporated	33.65	66.67%	Moderate Buy	2.81%
LZM	Lifezone Metals Limited	4.06	100.00%	Moderate Buy	0%
M.US	Macy's Inc	22.58			3.28%
MA	Mastercard	573.85	88.00%	Strong Buy	0.58%
MAA	Mid-America Apartment Communities Inc.	132.06	61.11%	Moderate Buy	4.65%
MAC	The Macerich Co	24.69	57.14%	Moderate Buy	2.79%
MAGN	Magnera Corp	12.01	100.00%	Hold	0%
MAIN	Main Street Capital Corp.	58.40	100.00%	Hold	5.79%
MAIR	Madison Air Solutions Corp	26.25	100.00%	Strong Buy	0%
MAN	ManpowerGroup Inc	60.74	60.00%	Moderate Buy	2.34%
MANE	Veradermics, Incorporated	105.32	100.00%	Strong Buy	0%
MANU	Manchester United	24.02	100.00%	Moderate Buy	0%
MAS	Masco Corp	73.33	57.14%	Moderate Buy	1.30%
MATV	Mativ Holdings Inc	12.00			3.21%
MATX	Matson Inc.	216.77	100.00%	Strong Buy	0.66%
MAX	MediaAlpha Inc	13.17	75.00%	Strong Buy	0%
MBC	MasterBrand INC	9.14			0%
MBI	MBIA Inc	4.82	50.00%	Moderate Buy	0%
MC	Moelis & Company	66.87	57.14%	Hold	3.81%
MCB	Metropolitan Bank Holding Corp	91.63	50.00%	Moderate Buy	1.03%
MCD	McDonald's	269.13	56.52%	Moderate Buy	2.71%
MCK	McKesson Corp	838.75	76.92%	Strong Buy	0.38%
MCO	Moody's Corp.	498.77	70.00%	Moderate Buy	0.80%
MCS.US	The Marcus Corporation	29.61			1.08%
MCY	Mercury General Corporation	103.87			1.20%
MD	Pediatrix Medical Group, Inc.	26.22	83.33%	Hold	0%
MDT.US	Medtronic PLC	92.30			3.05%
MDU	MDU Resources Group Inc	20.31	100.00%	Strong Buy	2.81%
MEC	Mayville Engineering Company Inc	22.65	100.00%	Strong Buy	0%
MED.US	Medifast Inc	11.62			0%
MEI	Methode Electronics Inc	14.47	66.67%	Moderate Buy	1.40%
MET.US	Metlife Inc	93.46			2.46%
META.24-7	Meta 24/7	549.15			0%
MFA	MFA Financial Inc	8.94	60.00%	Moderate Buy	16.16%
MFC	Manulife Financial Corporation	42.47	87.50%	Strong Buy	3.23%
MFG	Mizuho Financial Group Inc-ADR	10.13	100.00%	Moderate Buy	1.79%
MG	Mistras Group Inc	19.51			0%
MGA	Magna International Inc	70.39	58.33%	Hold	2.70%
MGM	MGM Resorts International	43.17	52.94%	Hold	0%
MGY	Magnolia Oil & Gas Corp	28.22	66.67%	Moderate Buy	2.35%
MH	McGraw Hill Inc	12.86	90.91%	Strong Buy	0%
MHK	Mohawk Industries Inc	133.47	77.78%	Hold	0%
MHO	M/I Homes Inc.	149.95	100.00%	Moderate Buy	0%
MIAX	Miami International Holdings Inc	41.32	66.67%	Moderate Buy	0%
MICC.US	MAGNUM ICE CREAM CO BV	19.74			0%
MIR.US	Mirion Technologies Inc	15.23			0%
MKC	McCormick & Co Inc	55.22	60.00%	Moderate Buy	3.41%
MKC/V	McCormick & Co Inc/MD	55.53			0%
MKL	Markel Corp	1790.00	100.00%	Hold	0%
MLI	Mueller Industries Inc	61.96	100.00%	Moderate Buy	0.95%
MLM	Martin Marietta Materials Inc	525.27	62.50%	Moderate Buy	0.62%
MLR	Miller Industries Inc	56.38	100.00%	Moderate Buy	1.43%
MMI	Marcus & Millichap	32.70			1.55%
MMM	3M	178.09	53.85%	Moderate Buy	1.69%
MMS	Maximus Inc.	57.76	100.00%	Moderate Buy	2.22%
MNSO	MINISO Group Holding Limited	11.13	100.00%	Moderate Buy	6.04%
MNTN	MNTN Inc	12.67	83.33%	Strong Buy	0%
MO	Altria Group Inc	66.94	50.00%	Moderate Buy	6.42%
MOD	Modine Manufacturing Company	190.74	100.00%	Strong Buy	0%
MOG.A	Moog Inc	381.71	100.00%	Strong Buy	0.31%
MOH	Molina Healthcare Inc	196.94	73.33%	Hold	0%
MOS	Mosaic Co	23.35	50.00%	Moderate Buy	3.61%
MOV	Movado Group Inc	35.34	100.00%	Moderate Buy	4.17%
MP	MP Materials Corp.	55.04	100.00%	Strong Buy	0%
MPC	Marathon Petroleum Corporation	358.23	60.00%	Moderate Buy	1.11%
MPLX.US	MPLX LP	58.60			0%
MPT	Medical Properties Trust Inc	4.08	40.00%	Hold	8.50%
MPTI	M-Tron Industries Inc	80.78			0%
MRK	Merck & Co.	148.99	75.00%	Strong Buy	2.20%
MRP	Millrose Properties Inc	30.58	100.00%	Moderate Buy	9.90%
MRSH	Marsh & McLennan Cos Inc	190.21	64.71%	Hold	1.92%
MRTX.CVR	Mirati Therapeutics Inc Merger CVR	0.00			0%
MS	Morgan Stanley	207.45	56.25%	Moderate Buy	1.94%
MSA	MSA Safety Incorporated	188.44	80.00%	Hold	1.13%
MSCI	MSCI Inc	568.75	92.86%	Strong Buy	1.41%
MSDL	Morgan Stanley Direct Lending Fund	15.38	100.00%	Hold	0%
MSFT.24-7	Microsoft 24/7	482.26			0%
MSGE	Madison Square Garden Spinco	79.83	62.50%	Moderate Buy	0%
MSGS	Madison Square Garden Sports Corp	398.52	71.43%	Moderate Buy	0%
MSI	Motorola Solutions, Inc.	473.63	100.00%	Strong Buy	0.98%
MSM	MSC Industrial Direct Co. Inc.	117.70	57.14%	Moderate Buy	2.90%
MT.US	ArcelorMittal ADR	71.11			1.00%
MTB	M&T Bank Corporation	238.25	68.75%	Hold	2.50%
MTD	Mettler-Toledo International Inc	1390.00	54.55%	Moderate Buy	0%
MTDR	Matador Resources Co	58.42	78.57%	Strong Buy	2.57%
MTG	MGIC Investment Corporation	30.71	60.00%	Hold	2.01%
MTH	Meritage Homes Corp	71.05	60.00%	Moderate Buy	2.54%
MTN	Vail Resorts Inc	150.22	50.00%	Hold	5.81%
MTRN	Materion Corporation	232.72	50.00%	Moderate Buy	0.31%
MTUS	Metallus Inc	19.58	100.00%	Hold	0%
MTW	Manitowoc Co Inc	19.09	100.00%	Moderate Sell	0%
MTX	Minerals Technologies Inc	70.46	100.00%	Moderate Buy	0.68%
MTZ	MasTec Inc	271.86	100.00%	Strong Buy	0%
MUFG	Mitsubishi UFJ Financial Group Inc-ADR	21.56	100.00%	Moderate Buy	2.45%
MUR	Murphy Oil Corp	38.28	70.00%	Hold	3.68%
MUSA	Murphy USA Inc	570.20	50.00%	Moderate Buy	0.43%
MUX	McEwen Mining Inc	20.27	100.00%	Moderate Buy	0%
MWA	Mueller Water Products Inc	25.13	60.00%	Hold	1.12%
MX	MagnaChip Semiconductor Corp.	3.28			0%
MXL	MaxLinear Inc	65.28	71.43%	Moderate Buy	0%
MYE	Myers Industries Inc	33.51	100.00%	Moderate Buy	1.61%
MYO	Myomo Inc	1.74	100.00%	Strong Buy	0%
NABL	N-able Inc	3.43	60.00%	Hold	0%
NAK	Northern Dynasty Minerals Ltd	1.66	100.00%	Moderate Buy	0%
NAT	Nordic American Tankers Ltd	6.99	100.00%	Moderate Sell	8.90%
NATL	NCR Atleos Corp	46.81	100.00%	Hold	0%
NBHC	National Bank Holdings Corporation	41.66	50.00%	Moderate Buy	2.99%
NBR	Nabors Industries Ltd	91.82	50.00%	Hold	0%
NCLH	Norwegian Cruise Line Holdings	16.75	75.00%	Hold	0%
NE	Noble Corporation Plc	46.98	60.00%	Moderate Buy	4.32%
NEE	NextEra Energy Inc	85.03	69.23%	Moderate Buy	2.84%
NEM	Newmont Mining Corp	127.64	91.67%	Strong Buy	0.78%
NET	Cloudflare	278.91	73.33%	Moderate Buy	0%
NEU	NewMarket Corporation	927.61			1.25%
NEXA	Nexa Resources SA	14.07	83.33%	Hold	0%
NFG	National Fuel Gas Company	83.94	50.00%	Moderate Buy	2.62%
NG.US	Novagold Resources Inc	8.66			0%
NGG	National Grid plc-ADR	80.62			4.06%
NGS	Natural Gas Services Group	35.52	100.00%	Strong Buy	1.47%
NGVC	Natural Grocers By Vitamin C	27.33	100.00%	Moderate Buy	2.61%
NGVT	Ingevity Corporation	69.31	50.00%	Moderate Buy	0%
NHC	National HealthCare Corporation	236.75			1.11%
NHI	National Health Investors Inc	73.91	66.67%	Moderate Buy	5.02%
NI	Nisource Inc	41.64	90.00%	Strong Buy	2.90%
NIC	Nicolet Bankshares Inc	171.69	75.00%	Strong Buy	0.76%
NIO	Nio Inc.-ADR	4.53	50.00%	Moderate Buy	0%
NIQ	NIQ Global Intelligence plc	18.15	83.33%	Strong Buy	0%
NJR	New Jersey Resources Corporation	54.84	50.00%	Moderate Buy	3.55%
NKE	NIKE	40.21	56.00%	Moderate Buy	4.00%
NLOP	Net Lease Office Properties	11.57			0%
NLY	Annaly Capital Management Inc	23.29	75.00%	Strong Buy	12.31%
NMAX	Newsmax Inc	10.87	100.00%	Moderate Buy	0%
NMR.US	Nomura Holdings Inc	9.45			3.33%
NNI	Nelnet Inc	126.60	100.00%	Hold	1.02%
NNN	National Retail Properties Inc	46.09	76.92%	Hold	5.28%
NOAH	Noah Holdings Limited	8.78	100.00%	Hold	7.44%
NOC	Northrop Grumman Corp	563.86	62.50%	Moderate Buy	1.71%
NOG	Northern Oil and Gas Inc.	26.91	50.00%	Moderate Buy	6.58%
NOK	Nokia Oyj-ADR	10.15	100.00%	Strong Buy	1.60%
NOMD	Nomad Foods Ltd	11.61	66.67%	Moderate Buy	5.76%
NOTE	Fiscalnote Holdings Inc	0.07			0%
NOV	NOV Inc	20.27	41.67%	Hold	1.61%
NOW	ServiceNow Inc	129.75	90.00%	Strong Buy	0%
NP	Neptune Insurance Holdings Inc	32.56	54.55%	Moderate Buy	0%
NPK	National Presto Industries Inc	150.71			0.67%
NPKI	Newpark Resources Inc	13.80	100.00%	Moderate Buy	0%
NPO	Enpro Inc	312.75	100.00%	Moderate Buy	0.40%
NPWR	Net Power Inc	1.66	100.00%	Hold	0%
NRDY	Nerdy Inc	9.94	50.00%	Moderate Buy	0%
NRG	NRG Energy Inc	115.36	83.33%	Strong Buy	1.65%
NRGV	Energy Vault Holdings Inc	3.74	80.00%	Moderate Buy	0%
NSC	Norfolk Southern Corp	346.62	73.33%	Moderate Buy	1.54%
NSP	Insperity Inc	52.14	60.00%	Hold	4.55%
NSTB	Northern Star Investment Corp. II	0.01			0%
NTB	Bank of NT Butterfield & Son Ltd	58.66	66.67%	Moderate Buy	0%
NTR	Nutrien Ltd	73.12	70.59%	Moderate Buy	2.91%
NTST	Netstreit Corp	20.61	91.67%	Strong Buy	4.28%
NU	Nu Holdings Ltd.	14.21	66.67%	Moderate Buy	0%
NUE	Nucor Corp	240.48	80.00%	Strong Buy	0.92%
NUS	Nu Skin Enterprises Inc	4.65			5.06%
NUVB	Nuvation Bio Inc	6.83	100.00%	Strong Buy	0%
NVDA.24-7	Nvidia 24/7	215.95			0%
NVGS	Navigator Holdings Ltd	22.02	100.00%	Moderate Buy	1.49%
NVO	Novo-Nordisk A/S SPONS ADR	46.14	100.00%	Hold	3.84%
NVR	NVR Inc	6300.00	50.00%	Moderate Buy	0%
NVS	Novartis ADR	156.24	40.00%	Hold	2.98%
NVST	Envista Holdings Corporation	26.93	50.00%	Moderate Buy	0%
NVT	nVent Electric plc	154.30	100.00%	Strong Buy	0.55%
NWG	NatWest Group plc-ADR	18.31	100.00%	Moderate Buy	5.06%
NWN	Northwest Natural Holding Company	50.59	66.67%	Moderate Buy	3.99%
NX	Quanex Building Products Corporation	19.72	100.00%	Moderate Buy	1.58%
NXDR	Nextdoor Holdings Inc	2.39	60.00%	Moderate Buy	0%
NXDT	NexPoint Diversified Real Estate Trust	5.65			8.11%
NXE	Nexgen Energy Ltd	10.22	100.00%	Strong Buy	0%
NXRT	NexPoint Residential Trust Inc	24.19	66.67%	Moderate Buy	8.57%
NYT	The New York Times Co	65.30	57.14%	Moderate Buy	1.25%
O	Realty Income Corp	63.17	60.00%	Moderate Buy	5.18%
OBDC	Blue Owl Capital Corporation	11.28	71.43%	Moderate Buy	12.57%
OBK	Origin Bancorp Inc	52.76	66.67%	Moderate Buy	1.51%
OC	Owens Corning Inc	147.16	75.00%	Strong Buy	2.07%
ODC	Oil-Dri Corporation of America	92.24			0.91%
OEC	Orion SA	6.09	100.00%	Hold	1.35%
OFG	Ofg Bancorp	51.78	80.00%	Hold	2.49%
OFRM	Once Upon a Farm, PBC	16.78	62.50%	Moderate Buy	0%
OGE	OGE Energy Corp.	46.73	71.43%	Moderate Buy	3.73%
OGN.US	Organon & Co.	13.74			0.58%
OGS	ONE Gas Inc	81.39	60.00%	Moderate Buy	3.44%
OHI	Omega Healthcare Investors Inc	46.75	41.67%	Hold	5.77%
OI	O-I Glass Inc	6.38	62.50%	Moderate Buy	0%
OII	Oceaneering International	52.49	100.00%	Hold	0%
OIS	Oil States International Inc	8.70	66.67%	Moderate Buy	0%
OKE	ONEOK Inc	94.60	66.67%	Moderate Buy	4.54%
OKLO	Oklo Inc	41.66	53.33%	Moderate Buy	0%
OLN	Olin Corp	18.63	80.00%	Hold	4.35%
OLP	One Liberty Properties Inc	24.41	50.00%	Moderate Buy	7.45%
OMC	Omnicom Group Inc	87.07	50.00%	Hold	3.54%
OMF	OneMain Holdings Inc.	61.70	57.14%	Moderate Buy	6.65%
ONIT	Onity Group Inc	35.91	100.00%	Strong Buy	0%
ONL	Orion Office Reit Inc.	2.85			2.82%
ONON	On Holding AG	29.90	82.35%	Strong Buy	0%
ONT.US	Onterris Inc	14.66			0%
ONTO	Onto Innovation Inc	298.84	100.00%	Strong Buy	0%
OOMA	Ooma Inc	20.51	100.00%	Strong Buy	0%
OPAD	Offerpad Solutions Inc	4.12	66.67%	Moderate Buy	0%
OPFI	Oppfi Inc	7.16	66.67%	Moderate Buy	0%
OPLN	OPENLANE Inc	34.19	83.33%	Strong Buy	0%
OPTU	Optimum Communications Inc A	0.87	50.00%	Hold	0%
OPY	Oppenheimer Holdings Inc	111.75			0.65%
OR.US	OR Royalties Ltd	35.29			0.64%
ORA.US	Ormat Technologies Inc.	108.30			0.44%
ORC	Orchid Island Ca	6.71	100.00%	Hold	20.30%
ORCL	Oracle Corporation	142.07	87.10%	Strong Buy	1.37%
ORI	Old Republic International Corp	41.80	100.00%	Hold	2.83%
ORN	Orion Group Holdings Inc	9.18	100.00%	Strong Buy	0%
OSCR	Oscar Health Inc	31.57	57.14%	Hold	0%
OSG	Octave Specialty Group Inc	4.51	100.00%	Moderate Buy	0%
OSK	Oshkosh Corp	152.73	54.55%	Moderate Buy	1.41%
OTF	Blue Owl Technology Finance Corp	11.11	50.00%	Moderate Buy	0%
OTIS	Otis Worldwide Corp	71.77	50.00%	Moderate Buy	2.41%
OUT	Outfront Media Inc	29.78	100.00%	Strong Buy	4.02%
OVV	Ovintiv Inc	66.70	84.21%	Strong Buy	1.80%
OWL	Blue Owl Capital Inc	11.40	54.55%	Moderate Buy	7.80%
OXM	Oxford Industries Inc	34.36	100.00%	Hold	7.68%
OXY	Occidental Petroleum Corp	61.52	60.00%	Moderate Buy	1.63%
OZ	Belpointe Prep Llc	48.02			0%
P	Everpure Inc	109.98	82.35%	Strong Buy	0%
PAC	Grupo Aeroportuario del Pacífico SAB de CV	209.45	66.67%	Moderate Buy	0%
PACK	Ranpak Holdings Corp	5.05			0%
PAG	Penske Automotive Group Inc	216.55	66.67%	Moderate Buy	2.60%
PAGS	Pagseguro Digital Ltd	8.44	60.00%	Hold	3.02%
PAM	Pampa Energia S.A.-ADR	79.39	50.00%	Moderate Buy	0%
PANW	Palo Alto Networks	349.56	88.10%	Strong Buy	0%
PAR	PAR Technology Corporation	18.95	71.43%	Moderate Buy	0%
PARR	Par Pacific Holdings Inc	72.45	83.33%	Strong Buy	0%
PATH	UiPath Inc.	15.92	80.00%	Hold	0%
PAY.US	Paymentus Holdings Inc	38.42			0%
PAYC	Paycom Software Inc	226.72	62.50%	Moderate Buy	0.65%
PB	Prosperity Bancshares Inc.	72.58	63.64%	Hold	3.27%
PBA	Pembina Pipeline Corp	49.17	60.00%	Moderate Buy	4.26%
PBF	PBF Energy Inc	69.56	63.64%	Hold	1.50%
PBH	Prestige Consumer Healthcare Inc	50.52	100.00%	Moderate Buy	0%
PBI	Pitney Bowes Inc	16.17	75.00%	Hold	2.31%
PBR	Petroleo Brasileiro SA Petrobras-ADR	19.01	100.00%	Strong Buy	0%
PBR.A	Petroleo Brasileiro ADR	17.04			0%
PCG	PG&E Corp	17.96	87.50%	Strong Buy	0.99%
PCOR	Procore Technologies Inc.	63.28	94.12%	Strong Buy	0%
PCRX	Pacira BioSciences Inc.	23.83	50.00%	Moderate Buy	0%
PD	PagerDuty Inc	12.12	37.50%	Hold	0%
PDM	Piedmont Realty Trust Inc	9.73	50.00%	Moderate Buy	0%
PEB	Pebblebrook Hotel Trust	18.56	53.85%	Hold	0.22%
PEG	Public Service Enterprise Group Inc	74.62	63.64%	Moderate Buy	3.58%
PEN	Penumbra Inc	323.76	83.33%	Hold	0%
PFE	Pfizer	27.79	57.14%	Moderate Buy	6.13%
PFGC	Performance Food Group Co.	103.98	90.00%	Strong Buy	0%
PFS	Provident Financial Services Inc	23.69	66.67%	Moderate Buy	4.05%
PFSI	PennyMac Financial Services Inc.	75.74	57.14%	Moderate Buy	1.60%
PG	Procter & Gamble Co	142.97	52.63%	Moderate Buy	2.97%
PGR	Progressive Corp	220.34	57.89%	Moderate Buy	6.34%
PH	Parker-Hannifin Corp	1000.00	82.35%	Strong Buy	0.74%
PHG	Koninklijke Philips NV	27.50	100.00%	Hold	3.61%
PHI	PLDT Inc	19.24			8.30%
PHIN	Phinia Inc	71.63	66.67%	Moderate Buy	1.57%
PHM	PulteGroup Inc	127.67	54.55%	Moderate Buy	0.78%
PHR	Phreesia Inc	12.00	53.85%	Moderate Buy	0%
PII	Polaris Industries Inc	64.43	100.00%	Hold	4.19%
PINE	Alpine Income Property Trust Inc	19.63	62.50%	Moderate Buy	5.98%
PINS	Pinterest Inc	23.23	52.17%	Moderate Buy	0%
PIPR	Piper Sandler Companies	72.86	50.00%	Hold	0.96%
PJT	PJT Partners Inc	170.79	75.00%	Strong Buy	0.57%
PK	Park Hotels & Resorts Inc	15.82	72.73%	Hold	6.34%
PKE	Park Aerospace Corp	33.90	100.00%	Moderate Buy	1.48%
PKG	Packaging Corp of America	249.56	71.43%	Moderate Buy	2.08%
PKX	Posco - ADR	57.28			2.83%
PL	Planet Labs PBC	22.17	75.00%	Strong Buy	0%
PLD	Prologis Inc	140.68	64.29%	Moderate Buy	2.93%
PLGO	Pelagos Insurance Capital Ltd	23.89	42.86%	Hold	2.50%
PLNT	Planet Fitness Inc	53.12	71.43%	Moderate Buy	0%
PLOW	Douglas Dynamics Inc	41.11	100.00%	Hold	2.80%
PLX	Protalix Biotherapeutics Inc	2.38	100.00%	Moderate Buy	0%
PM	Philip Morris International Inc.	191.52	80.00%	Strong Buy	3.12%
PMT	PennyMac Mortgage Investment Trust	9.39	85.71%	Hold	17.11%
PNC	PNC Financial Services Group Inc	241.62	73.68%	Moderate Buy	2.92%
PNFP	Pinnacle Financial Partners Inc.	101.99	73.33%	Moderate Buy	1.21%
PNR	Pentair PLC	63.78	42.86%	Moderate Buy	1.65%
PNW	Pinnacle West Capital Corporation	99.38	85.71%	Hold	3.74%
POR	Portland General Electric Company	50.17	66.67%	Moderate Buy	4.29%
POST	Post holdings	78.52	83.33%	Strong Buy	0%
PPG	PPG Industries Inc	112.44	54.55%	Moderate Buy	2.53%
PPL	PPL Corp	35.20	90.91%	Strong Buy	3.24%
PRG	Prog Holdings Inc	38.20	80.00%	Strong Buy	1.42%
PRGO	Perrigo Company	13.70	100.00%	Moderate Buy	8.14%
PRI	Primerica Inc	297.86	60.00%	Moderate Buy	1.92%
PRIM	Primoris Services Corporation	79.24	66.67%	Moderate Buy	0.41%
PRK	Park National Corporation	202.14	100.00%	Hold	2.16%
PRKS	United Parks & Resorts Inc	44.81	66.67%	Moderate Buy	0%
PRLB	Proto Labs Inc	78.79	80.00%	Strong Buy	0%
PRM	Perimeter Solutions SA	31.07	100.00%	Strong Buy	0%
PRMB	Primo Brands Corp-A	23.10	80.00%	Strong Buy	1.90%
PRU	Prudential Financial Inc	120.59	75.00%	Hold	3.43%
PS	Pershing Square Inc	40.23	81.82%	Hold	0%
PSA	Public Storage	322.74	66.67%	Moderate Buy	3.72%
PSFE	Paysafe Limited	6.59	50.00%	Hold	0%
PSN.US	Parsons Corporation	46.06			0%
PSO	Pearson plc	16.07	100.00%	Hold	2.13%
PSQH	Psq Holdings Inc	4.68	100.00%	Moderate Buy	0%
PSTL	Postal Realty Trust Inc	22.85	83.33%	Strong Buy	4.27%
PSX	Phillips 66	240.00	57.14%	Moderate Buy	2.06%
PUK	Prudential plc-ADR	27.57	100.00%	Moderate Buy	1.89%
PUMP.US	ProPetro Holding Corp	11.33			0%
PVH	PVH Corp	76.09	40.00%	Hold	0.19%
PWR	Quanta Services Inc	662.47	81.25%	Strong Buy	0.07%
PXED	Phoenix Education Partners, Inc	28.13	66.67%	Moderate Buy	2.22%
Q	Qnity Electronics Inc	129.83	100.00%	Strong Buy	0.17%
QSR	Restaurant Brands International Inc.	79.55	68.75%	Moderate Buy	3.14%
QTWO	Q2 Holdings Inc	63.82	80.00%	Strong Buy	0%
QUAD.US	Quad/Graphics Inc	10.21			3.64%
QXO	QXO Inc	13.34	100.00%	Strong Buy	0%
R	Ryder System Inc	247.85	66.67%	Moderate Buy	1.09%
RACE	Ferrari NV	428.37	92.86%	Strong Buy	0.97%
RAL	Ralliant Corp	63.93	60.00%	Moderate Buy	0.31%
RAMP	LiveRamp Holding	37.65	100.00%	Hold	0%
RBA	RB Global INC	87.39	100.00%	Strong Buy	1.42%
RBLX	Roblox Corp.	38.63	50.00%	Moderate Buy	0%
RBRK	Rubrik Inc	97.52	100.00%	Strong Buy	0%
RC	Ready Capital Corporation	1.90	75.00%	Hold	8.24%
RCI	Rogers Communications Inc	36.35	75.00%	Moderate Buy	4.00%
RCL	Royal Caribbean Cruises Ltd	287.62	66.67%	Moderate Buy	1.71%
RCUS	Arcus Biosciences Inc	29.52	70.00%	Moderate Buy	0%
RDDT	Reddit Inc	150.31	62.50%	Moderate Buy	0%
RDN	Radian Group Inc	36.66	80.00%	Strong Buy	2.79%
RDW.US	Redwire Corp	11.77			0%
RDY	Dr. Reddys Laboratories Limited	12.11	100.00%	Moderate Buy	0.68%
REA	Rare Earths Americas, Inc	13.45	100.00%	Strong Buy	0%
REF	Reformation Inc	14.36			0%
REI	Ring Energy Inc	1.49	100.00%	Moderate Buy	0%
RELX	RELX PLC-ADR	35.38	100.00%	Moderate Buy	2.54%
REPX	Riley Exploration Permian Inc	37.97	100.00%	Strong Buy	4.19%
RES	Rpc Inc	6.36	100.00%	Hold	2.51%
REX	REX American Resources Corporation	44.39			0%
REXR	Rexford Industrial Realty Inc	37.05	38.46%	Hold	4.65%
REZI	Resideo Technologies Inc	20.03	66.67%	Moderate Buy	0%
RF	Regions Financial Corp	30.22	56.25%	Hold	3.49%
RGA	Reinsurance Group America Inc	242.55	71.43%	Moderate Buy	1.55%
RGR	Sturm Ruger & Company Inc	37.97	100.00%	Moderate Buy	1.13%
RH	RH	156.41	50.00%	Moderate Buy	0%
RHI	Robert Half Inc	43.88	42.86%	Hold	5.27%
RHP	Ryman Hospitality Properties Inc.	128.64	100.00%	Strong Buy	3.70%
RIG	Transocean LTD	6.01	66.67%	Moderate Buy	0%
RIO	Rio Tinto PLC ADR	102.17	50.00%	Moderate Buy	4.42%
RITM	New Residential Investment Corp	10.16	100.00%	Strong Buy	9.81%
RJF	Raymond James Financial Inc	172.35	60.00%	Moderate Buy	1.21%
RKT	Rocket Companies Inc	14.06	63.64%	Moderate Buy	0%
RL	Ralph Lauren Corp	372.52	100.00%	Strong Buy	1.00%
RLGT	Radiant Logistics Inc	8.65	50.00%	Moderate Buy	0%
RLI	Rli Corp	65.10	50.00%	Hold	0.97%
RLJ	RLJ Lodging Trust	11.48	42.86%	Hold	5.22%
RLX	RLX Technology Inc-ADR	1.81			6.08%
RM	Regional Management Corp	33.33	100.00%	Moderate Buy	3.52%
RMAX	RE/MAX Holdings	14.17			0%
RMD	ResMed Inc	228.44	73.33%	Moderate Buy	1.06%
RNG	RingCentral Inc	65.58	66.67%	Moderate Buy	0.41%
RNGR	Ranger Energy Services Inc	17.40	100.00%	Moderate Buy	1.40%
RNR	RenaissanceRe Holdings Ltd	322.15	64.29%	Hold	0.50%
RNST	Renasant Corporation	41.83	100.00%	Strong Buy	2.22%
ROG	Rogers Corporation	126.54	100.00%	Moderate Buy	0%
ROK	Rockwell Automation Inc	431.45	50.00%	Moderate Buy	1.26%
ROL	Rollins Inc.	36.38	50.00%	Hold	1.98%
RPC.US	Ridgepost Capital Inc	8.63			1.74%
RPM	RPM International Inc	110.31	90.91%	Strong Buy	1.99%
RPT	Rithm Property Trust Inc	13.15	100.00%	Moderate Buy	10.90%
RRC	Range Resources Corp	40.67	81.25%	Hold	0.93%
RRX	Regal Rexnord Corp	165.85	100.00%	Strong Buy	0.84%
RS	Reliance Steel And Aluminum Co	380.31	71.43%	Hold	1.28%
RSG	Republic Services Inc	219.50	61.11%	Moderate Buy	1.13%
RSI	Rush Street Interactive Inc	25.61	88.89%	Strong Buy	0%
RSKD	Riskified Inc.	5.95	60.00%	Moderate Buy	0%
RTO.US	Rentokil Initial PLC ADR	23.34			2.69%
RTX	Raytheon-Technologies	212.29	75.00%	Strong Buy	1.34%
RVLV	Revolve Group Inc	24.15	63.64%	Moderate Buy	0%
RVTY	Revvity Inc	124.13	66.67%	Moderate Buy	0.22%
RWT	Redwood Trust Inc	4.75	71.43%	Moderate Buy	15.00%
RXO	RXO Inc.	21.67	43.75%	Hold	0%
RY	Royal Bank of Canada	205.21	63.64%	Moderate Buy	2.31%
RYAN	Ryan Specialty Group Holdings, Inc.	43.04	53.33%	Moderate Buy	1.18%
RYN	Rayonier Inc	21.28	100.00%	Hold	5.02%
RYZ	Ryerson Holding Corporation	24.17			2.98%
S.US	SentinelOne Inc.	20.94			0%
SA	Seabridge Gold Inc	33.27	100.00%	Moderate Buy	0%
SACH	Sachem Capital Corp	0.78			19.35%
SAFE.US	Safehold Inc	15.37			4.61%
SAH	Sonic Automotive Inc	77.78	44.44%	Hold	2.00%
SAM	Boston Beer Co Inc	190.82	81.82%	Hold	0%
SAN	Banco Santander SA (US)-ADR	14.21	100.00%	Moderate Buy	1.91%
SAP	SAP SE ADR	217.09	85.71%	Strong Buy	1.34%
SAR.US	Saratoga Investment Corp	18.72			16.23%
SARO	StandardAero Inc	25.23	75.00%	Strong Buy	0%
SB	Safe Bulkers Inc	8.28			3.34%
SBDS	Solo Brands Inc	3.50			0%
SBH	Sally Beauty Holdings Inc.	16.23	66.67%	Moderate Buy	0%
SBMT	Silver Bow Mining Corp	7.95	100.00%	Moderate Buy	0%
SBS	Cia de Saneamento Basico do Estado de Sao Paulo-ADR	4.46	100.00%	Moderate Buy	0%
SBSI	Southside Bancshares Inc	31.97	100.00%	Hold	5.64%
SBSW	Sibanye Stillwater Ltd-ADR	11.82	66.67%	Moderate Buy	2.47%
SCCO	Southern Copper Corp	198.73	71.43%	Moderate Sell	1.82%
SCHW	Charles Schwab Corp	109.79	82.35%	Strong Buy	1.10%
SCI	Service Corp Intl	83.37	100.00%	Strong Buy	1.63%
SCL	Stepan Company	63.67	100.00%	Moderate Buy	2.47%
SCM	Stellus Capital Investment Corporation	8.64	100.00%	Hold	16.53%
SD.US	SandRidge Energy Inc	14.34			4.29%
SDHC	Smith Douglas Homes Corp	12.48	66.67%	Moderate Sell	0%
SDRL	Seadrill Ltd	47.89	100.00%	Strong Buy	0%
SE	Sea Ltd-ADR	117.24	90.91%	Strong Buy	0%
SEAT	Vivid Seats Inc (Class A)	6.66	57.14%	Moderate Buy	0%
SEB.US	Seaboard Corporation	4360.00			0.21%
SEG	Seaport Entertainment Group In	27.11	100.00%	Moderate Buy	0%
SEI.US	Solaris Energy Infrastructure	54.24			0.90%
SES	Ses Ai Corp	0.51	100.00%	Hold	0%
SF.US	Stifel Financial Corporation	79.88			1.60%
SFBS	ServisFirst Bancshares Inc	43.64	100.00%	Moderate Buy	1.70%
SFL	SFL Corporation Ltd	12.52			6.62%
SGHC	Super Group SGHC Limited	13.22	100.00%	Strong Buy	1.34%
SGI	Somnigroup	64.26	100.00%	Strong Buy	1.25%
SHAK	Shake Shack Inc	73.85	52.63%	Moderate Buy	0%
SHEL	Shell PLC (ADR)	93.65	75.00%	Hold	3.24%
SHG	Shinhan Financial Group Co Ltd	71.71			1.96%
SHO	Sunstone Hotel Investors Inc	11.28	50.00%	Hold	3.19%
SHW	Sherwin-Williams Co	346.91	75.00%	Strong Buy	0.92%
SID	Cia Siderurgica Nacional SA-ADR	0.89			0%
SIG	Signet Jewelers LTD	81.02	50.00%	Moderate Buy	1.65%
SITC	SITE Centers Corp	3.02	100.00%	Hold	0%
SITE	SiteOne Landscape Supply Inc.	95.59	58.33%	Moderate Buy	0%
SJM	JM Smucker Co	123.05	60.00%	Moderate Buy	3.56%
SKE	Skeena Resources Ltd	34.83	100.00%	Moderate Buy	0%
SKIL	Skillsoft Corp	8.15			0%
SKM	SK Telecom Co Ltd-ADR	38.31			0.83%
SKT	Tanger Factory Outlet Centers Inc	38.23	66.67%	Hold	3.17%
SKY.US	Skyline Champion Corporation	89.95			0%
SLB	SLB Ltd	53.55	100.00%	Strong Buy	2.15%
SLF	Sun Life Financial Inc	78.26	44.44%	Moderate Buy	3.36%
SLG	SL Green Realty Corp.	58.10	57.14%	Moderate Buy	3.94%
SLQT	Selectquote Inc	0.84	100.00%	Moderate Buy	0%
SLVM	Sylvamo Corp.	36.72	66.67%	Moderate Buy	4.89%
SM	SM Energy Co	37.64	83.33%	Strong Buy	2.26%
SMA	SmartStop Self Storage REIT Inc	34.44	66.67%	Moderate Buy	0%
SMBK	Smartfinancial Inc	50.95	60.00%	Moderate Buy	0.67%
SMFG	Sumitomo Mitsui Financial Group Inc-ADR	24.54			2.36%
SMG	Scotts Miracle-Gro Company	61.13	57.14%	Moderate Buy	5.41%
SMHI	SEACOR Marine Holdings Inc	9.77	100.00%	Moderate Buy	0%
SMP.US	Standard Motor Products Inc	38.22			3.37%
SMR	NuScale Power Corporation	9.07	53.85%	Moderate Buy	0%
SMRT	Smartrent Inc	1.35	100.00%	Hold	0%
SMWB	Similarweb	8.16	57.14%	Moderate Buy	0%
SN	Sharkninja Inc	179.98	91.67%	Strong Buy	0%
SNA	Snap-on Incorporated	391.27	80.00%	Strong Buy	2.48%
SNAP	Snapchat Inc	5.21	80.00%	Hold	0%
SNDR	Schneider National Inc	35.14	57.14%	Moderate Buy	1.09%
SNN.US	Smith & Nephew plc	29.04			2.67%
SNOW	Snowflake Inc.	321.29	92.11%	Strong Buy	0%
SNX.US	TD Synnex Corp	250.77			0.75%
SO	Southern Co	91.43	58.33%	Hold	3.37%
SOAR	Volato Group Inc	0.15			0%
SOBO	South Bow Corp	38.41	46.15%	Hold	5.30%
SOC	Sable Offshore Corp	5.07	75.00%	Strong Buy	0%
SOLV	Solventum Corporation	88.61	70.00%	Moderate Buy	0%
SON	Sonoco Products Co	58.33	50.00%	Moderate Buy	3.60%
SONN CVR	SONN CVR Megrer	0.00			0%
SONY	Sony Group Corp.-ADR	23.58	50.00%	Moderate Buy	0.66%
SPB	Spectrum Brands Holdings Inc.	86.16	60.00%	Moderate Buy	2.16%
SPCE	Virgin Galactic Holdings Inc	3.08	50.00%	Moderate Sell	0%
SPG	Simon Property Group Inc	219.90	76.47%	Hold	4.03%
SPGI	S&P Global Inc	432.16	89.47%	Strong Buy	0.85%
SPHR	Sphere Entertainment Co	156.23	91.67%	Strong Buy	0%
SPIR	Spire Global Inc	13.89	100.00%	Strong Buy	0%
SPNT	Siriuspoint Ltd	23.60	100.00%	Hold	0%
SPOT	Spotify Technologies SA	533.13	78.26%	Strong Buy	0%
SPXC	SPX Technologies Inc	204.48	91.67%	Strong Buy	0%
SQM	Sociedad Quimica y Minera de Chile SA-ADR	78.45	50.00%	Hold	1.24%
SR	Spire Inc.	83.30	66.67%	Moderate Buy	4.03%
SRE	Sempra Energy	87.38	100.00%	Strong Buy	3.14%
SRFM	Surf Air Mobility Inc	0.71	66.67%	Moderate Buy	0%
SRG.US	Seritage Growth Properties	2.11			0%
SRI	Stoneridge Inc	7.08	100.00%	Hold	0%
SSB	SouthState Bank Corp	105.78	90.00%	Strong Buy	2.30%
SSD	Simpson Manufacturing Co Inc	187.88	66.67%	Moderate Buy	0.62%
SSL	Sasol Ltd-ADR	12.27			0%
SSMR	Sunshine Silver Mining & Refining, Inc.	17.45	83.33%	Strong Buy	0%
SSTK	Shutterstock Inc.	5.35			25.94%
ST	Sensata Technologies Holding N.V.	41.93	55.56%	Moderate Buy	1.12%
STAG	STAG Industrial Inc.	36.37	50.00%	Hold	3.81%
STC	Stewart Information Services Corporation	68.96	50.00%	Moderate Buy	3.03%
STDN	Standard Nuclear, Inc	12.97	100.00%	Strong Buy	0%
STE	STERIS PLC	235.74	75.00%	Strong Buy	1.06%
STEM	Stem Inc.	5.65	100.00%	Hold	0%
STLA.US	Stellantis NV	5.26			0%
STM.US	STMicroelectronics NV	49.92			0.71%
STN	Stantec Inc	73.88	100.00%	Strong Buy	0%
STNG	Scorpio Tankers Inc	78.40	50.00%	Hold	2.26%
STT	State Street Corp	183.07	60.00%	Moderate Buy	1.80%
STUB	StubHub Holdings, Inc	6.83	58.33%	Moderate Buy	0%
STVN	Stevanato Group S.p.A.	22.35	83.33%	Strong Buy	0.28%
STWD	Starwood Property Trust Inc	16.41	80.00%	Strong Buy	11.72%
STZ	Constellation Brands Inc	134.14	55.56%	Moderate Buy	3.02%
SU	Suncor Energy Inc.	67.94	66.67%	Moderate Buy	2.50%
SUI.US	Sun Communities Inc	122.29			3.55%
SUN	Sunoco LP	75.41	100.00%	Strong Buy	0%
SUPV.US	Grupo Supervielle Sa	7.65			0%
SURF.CVR	SURF Merger with CHRS CVR	0.00			0%
SUZ	Suzano SA-ADR	8.50			0%
SVV	Savers Value Village Inc	10.47	66.67%	Moderate Buy	0%
SW	Smurfit Westrock Plc	48.19	100.00%	Strong Buy	3.62%
SWK	Stanley Black & Decker Inc	98.85	75.00%	Hold	3.32%
SWX	Southwest Gas Holdings Inc.	91.30	100.00%	Strong Buy	2.85%
SXC	SunCoke Energy Inc	9.40	100.00%	Hold	4.95%
SXI	Standex International Corporation	309.42	100.00%	Strong Buy	0.44%
SXT.US	Sensient Technologies Corp	132.58			1.22%
SYF	Synchrony Financial	76.71	66.67%	Moderate Buy	1.56%
SYK	Stryker Corp	327.70	88.89%	Strong Buy	1.06%
SYY	Sysco Corp	83.06	50.00%	Moderate Buy	2.58%
T.US	AT&T Inc	25.15			4.39%
TAC	TransAlta Corp	12.59	85.71%	Strong Buy	0%
TAK	Takeda Pharmaceutical Co Ltd-ADR	18.13	100.00%	Moderate Buy	3.47%
TAL	TAL Education Group ADR	11.47	100.00%	Hold	0%
TALO	Talos Energy Inc	17.75	57.14%	Moderate Buy	0%
TAP	Molson Coors Brewing Co	42.61	62.50%	Hold	4.42%
TBBB	BBB Foods Inc	49.77	85.71%	Strong Buy	0%
TBI	TrueBlue Inc	10.53	100.00%	Moderate Buy	0%
TBN	Tamboran Resources Corporation	37.97	100.00%	Strong Buy	0%
TD	Toronto-Dominion Bank	116.85	63.64%	Moderate Buy	2.65%
TDAY	USA TODAY Co Inc	6.52	66.67%	Moderate Buy	0%
TDC	Teradata Corp	27.57	66.67%	Hold	0%
TDG	Transdigm Group Incorporated	1180.00	58.33%	Moderate Buy	0%
TDOC	Teladoc Health Inc	6.49	70.59%	Moderate Buy	0%
TDS	Telephone And Data Systems Inc	34.71	100.00%	Moderate Buy	0.48%
TDW	Tidewater Inc	96.49	80.00%	Hold	0%
TDY	Teledyne Technologies Incorporated	633.95	70.00%	Moderate Buy	0%
TE	T1 Energy Inc	4.36	80.00%	Strong Buy	0%
TECK	Teck Resources Ltd	66.16	50.00%	Hold	0.52%
TEL.US	TE Connectivity Ltd	200.54			1.81%
TELFY	Telefonica SA (US)-ADR	4.21			8.34%
TEN.US	Tsakos Energy Navigation Limited	42.32			3.51%
TEO	Telecom Argentina SA-ADR	13.20	66.67%	Moderate Buy	0%
TEVA	Teva Pharmaceutical Industries ADR	36.81	100.00%	Strong Buy	0%
TEX	Terex Corporation	64.20	71.43%	Moderate Buy	1.02%
TFC	Truist Financial Corp	50.23	53.33%	Hold	4.13%
TFII	TFI International Inc	139.52	78.57%	Strong Buy	1.32%
TFPM	Triple Flag Precious Metals Corp	33.29	66.67%	Moderate Buy	0.68%
TFX	Teleflex Inc	134.96	55.56%	Moderate Buy	0.98%
TG	Tredegar Corporation	7.86			0%
TGLS	Tecnoglass Holdings Inc	40.58	50.00%	Moderate Buy	1.46%
TGS.US	Transportadora de Gas del Sur SA	28.12			0%
TGT	Target Corp	158.25	50.00%	Moderate Buy	2.77%
THC	Tenet Healthcare Corp	272.60	92.86%	Strong Buy	0%
THG	The Hanover Insurance Group Inc	223.11	75.00%	Hold	1.68%
THO	Thor Industries Inc	78.74	70.00%	Moderate Buy	2.62%
TIC	Acuren Corp	9.02	60.00%	Moderate Buy	0%
TIMB	TIM SA	17.47	100.00%	Hold	0%
TJX	TJX Companies Inc	140.69	81.25%	Strong Buy	1.29%
TK	Teekay Corporation	13.18			0%
TKC	Turkcell Iletisim Hizmetleri AS	5.40			1.94%
TKO	TKO Group Holdings Inc	195.45	100.00%	Strong Buy	1.61%
TKR	The Timken Company	124.52	71.43%	Moderate Buy	1.14%
TLK	Telkom Indonesia Persero Tbk Pt	14.70			8.19%
TLYS	Tillys Inc	3.83	100.00%	Hold	0%
TM	Toyota Motor Corporation-ADR	192.24			1.45%
TME	Tencent Music Entertainment Group-ADR	8.85	57.14%	Moderate Buy	2.73%
TMO	Thermo Fisher Scientific Inc	627.55	77.78%	Strong Buy	0.29%
TMP	Tompkins Financial Corporation	97.12	50.00%	Moderate Buy	2.75%
TNC	Tennant Company	68.02	100.00%	Moderate Buy	1.78%
TNET	TriNet Group Inc.	68.70	50.00%	Hold	1.60%
TNK	Teekay Tankers Ltd	91.12	50.00%	Hold	1.09%
TNL	Travel + Leisure Co	70.74	88.89%	Strong Buy	3.24%
TOL	Toll Brothers Inc	145.12	76.92%	Moderate Buy	0.69%
TOPS	TOP Ships Inc	0.79			0%
TOST	Toast Inc.	35.32	79.17%	Strong Buy	0%
TPB	Turning Point Brands Inc	86.74	100.00%	Strong Buy	0.37%
TPC	Tutor Perini Corp	90.36	100.00%	Moderate Buy	0.30%
TPL	Texas Pacific Land Corporation	369.56	100.00%	Moderate Buy	0.59%
TPR	Tapestry, Inc	129.82	86.67%	Strong Buy	1.23%
TPVG	TriplePoint Venture Growth BDC Corp	5.38	100.00%	Hold	17.28%
TR	Tootsie Roll Industries Inc	41.67			0.87%
TRC	Tejon Ranch Co	16.46			0%
TREX	Trex Co Inc	47.30	42.86%	Moderate Buy	0%
TRGP	Targa Resources Corp	302.25	94.12%	Strong Buy	1.50%
TRIN	Trinity Capital Inc	18.27	33.33%	Hold	12.97%
TRN.US	Trinity Industries Inc	29.74			4.13%
TRNO	Terreno Realty Corp	68.40	64.29%	Moderate Buy	3.05%
TROX	Tronox Holdings PLC	5.61	57.14%	Hold	3.60%
TRP	TC Energy Corporation	63.03	64.29%	Moderate Buy	4.00%
TRTX	TPG RE Finance Trust Inc	7.86	75.00%	Moderate Buy	12.17%
TRU.US	TransUnion	85.11			0.72%
TRV	Travelers	364.49	52.38%	Hold	1.25%
TS	Tenaris S.A.-ADR	52.68	60.00%	Moderate Buy	3.38%
TSEOQ	Trinseo Plc	0.00			0%
TSLX	Sixth Street Specialty Lending Inc	18.77	83.33%	Strong Buy	10.00%
TSM	Taiwan Semiconductor Manufacturing Co Ltd - ADR	416.00	85.71%	Strong Buy	0.83%
TSN	Tyson Foods Inc	58.40	57.14%	Moderate Buy	3.47%
TT	Trane Technologies	451.10	80.00%	Strong Buy	0.88%
TTAM	Titan America SA	14.95	66.67%	Moderate Buy	0%
TTC	The Toro Company	97.79	66.67%	Moderate Buy	1.56%
TTE	TotalEnergies SE	90.90	80.00%	Strong Buy	4.39%
TTI	TETRA Technologies Inc	7.23	100.00%	Moderate Buy	0%
TU	TELUS Corporation	10.02	71.43%	Hold	12.25%
TV	Grupo Televisa, S.A.B.-ADR	2.70	50.00%	Moderate Sell	0%
TWLO	Twilio Inc A	219.89	83.33%	Strong Buy	0%
TWO	Two Harbors Investment Corp	12.04	66.67%	Moderate Sell	11.29%
TX	Ternium SA-ADR	54.21	57.14%	Moderate Buy	3.97%
TXNM	TXNM Energy Inc	57.46	50.00%	Moderate Buy	2.93%
TXT	Textron Inc	84.37	80.00%	Hold	0.10%
TYL	Tyler Technologies Inc.	348.14	82.35%	Strong Buy	0%
U	Unity Software Inc.	46.54	84.21%	Strong Buy	0%
UA	Under Armour	5.15			0%
UAA	Under Armour Inc	5.30	57.14%	Hold	0%
UAMY	United States Antimony Corporation	5.27	100.00%	Moderate Buy	0%
UAVS	AgEagle Aerial Systems Inc	0.91			0%
UBER	Uber Technologies Inc.	78.55	90.63%	Strong Buy	0%
UBS	UBS Group AG	53.20	54.55%	Moderate Buy	0%
UCB	United Community Banks Inc	35.53	66.67%	Moderate Buy	2.81%
UDR	UDR Inc	37.69	53.33%	Hold	4.20%
UE	Urban Edge Properties	21.53	75.00%	Hold	3.73%
UEC	Uranium Energy Corp	11.15	100.00%	Strong Buy	0%
UFI	Unifi Inc	7.58			0%
UGI	UGI Corp	37.89	100.00%	Moderate Buy	3.99%
UGP	Ultrapar Participações SA	6.55	66.67%	Moderate Buy	0.82%
UHS	Universal Health Services Inc	172.87	58.33%	Hold	0.45%
UI	Ubiquiti Inc	573.87	100.00%	Moderate Buy	0.57%
UIS	Unisys Corp	2.66	100.00%	Strong Buy	0%
UL.US	Unilever PLC-ADR	63.40			3.42%
ULS	UL Solutions Inc	75.26	66.67%	Moderate Buy	0%
UMC	United Microelectronics Corporation-ADR	18.00	100.00%	Strong Sell	2.19%
UMH	UMH Properties Inc	16.60	100.00%	Strong Buy	5.45%
UNF	UniFirst Corporation	288.65	100.00%	Hold	0.50%
UNFI	United Natural Foods Inc	46.76	71.43%	Moderate Buy	0%
UNH	UnitedHealth	384.85	80.00%	Strong Buy	2.29%
UNM	Unum Group	86.95	66.67%	Moderate Buy	2.15%
UNP	Union Pacific Corp	303.97	73.68%	Moderate Buy	1.79%
UP	Wheels Up Experience Inc	4.92			0%
UPS	United Parcel Service Inc	102.58	50.00%	Moderate Buy	6.43%
URG	Ur-Energy Inc	1.33	100.00%	Strong Buy	0%
URI	United Rentals Inc	1100.00	87.50%	Strong Buy	0.70%
USAC	USA Compression Partners LP	26.36	100.00%	Hold	0%
USB	US Bancorp	61.78	61.11%	Moderate Buy	3.35%
USFD	US Foods Holding Corp.	108.46	72.73%	Moderate Buy	0%
USNA	USANA Health Sciences Inc	13.18			0%
USPH	US Physical Therapy Inc	78.00	66.67%	Moderate Buy	2.92%
UTI	Universal Technical Institut	22.92	100.00%	Strong Buy	0%
UTL	Unitil Corporation	54.17	100.00%	Hold	3.53%
UTZ	Utz Brands Inc	14.13	80.00%	Hold	1.78%
UUUU	Energy Fuels Inc	13.90	100.00%	Strong Buy	0%
UVE	Universal Insurance Holdings Inc	42.33	100.00%	Hold	1.51%
UVV	Universal Corp/VA	45.52			7.31%
UWMC	UWM Holdings Corp	1.42	57.14%	Moderate Buy	28.57%
V	Visa	365.73	92.86%	Strong Buy	0.72%
VAC	Marriott Vacations Worldwide Corp	110.28	66.67%	Moderate Buy	2.83%
VAL.US	Valaris Limited	89.00			0%
VALE	Vale SA-ADR	14.23	75.00%	Hold	0.99%
VEEV	Veeva Systems Inc A	250.53	69.57%	Moderate Buy	0%
VET.US	Vermilion Energy	12.84			3.01%
VFC	VF Corp	13.95	57.14%	Moderate Buy	2.51%
VG	Venture Global Inc	14.29	54.55%	Moderate Buy	0.49%
VGNT	Versigent Ltd	46.47	90.00%	Strong Buy	0%
VIA	Via Transportation, Inc	26.57	100.00%	Strong Buy	0%
VICI	VICI Properties Inc	26.57	57.14%	Moderate Buy	6.79%
VIK	Viking Holdings Ltd	90.53	85.71%	Strong Buy	0%
VIPS	Vipshop Holdings Ltd-ADR	14.30	100.00%	Moderate Buy	4.27%
VIRT	Virtu Financial Inc	61.19	40.00%	Hold	1.41%
VIST	Vista Energy SAB de CV	70.50	100.00%	Moderate Buy	0%
VIV.US	Telefônica Brasil SA-ADR	11.23			4.28%
VLGDF	Valor Gold Corp	3.10			0%
VLN	Valens Semiconductor Ltd	1.77	100.00%	Moderate Buy	0%
VLO	Valero Energy Corp	341.51	60.00%	Moderate Buy	1.36%
VLRS	Controladora Vuela Cia de Aviacion SAB de CV	6.84	50.00%	Moderate Buy	0%
VLTO	Veralto Corp	99.46	53.85%	Moderate Buy	0.51%
VMC	Vulcan Materials Co	270.67	57.14%	Moderate Buy	0.74%
VMI	Valmont Industries Inc.	481.67	100.00%	Strong Buy	0.60%
VMRK	Vivmark Residential	65.14	60.00%	Moderate Buy	4.18%
VNO	Vornado Realty Trust	38.66	46.15%	Hold	1.95%
VNT	Vontier Corporation	32.81	57.14%	Moderate Buy	0.30%
VOYA.US	Voya Financial Inc	97.49			1.90%
VOYG	Voyager Technologies Inc	37.92	88.89%	Strong Buy	0%
VPG	Vishay Precision Group Inc	62.26	100.00%	Moderate Buy	0%
VRT	Vertiv Holdings Co	264.63	100.00%	Strong Buy	0.09%
VRTS	Virtus Investment Partners Inc	168.08	50.00%	Hold	5.75%
VSH	Vishay Intertechnology Inc	31.83	75.00%	Strong Buy	1.26%
VST	Vistra Corp	138.94	100.00%	Strong Buy	0.67%
VSTS	Vestis Corp	12.82	60.00%	Moderate Sell	0%
VSXY	Victoria's Secret & Co.	86.80	60.00%	Moderate Buy	0%
VTEX	VTEX	3.68	66.67%	Moderate Buy	0%
VTMX	Corp Inmobiliaria Vesta Sab De Cv	34.50	100.00%	Moderate Buy	2.31%
VTOL	Bristow Group Inc	45.94	100.00%	Moderate Buy	0.83%
VTR	Ventas Inc	92.68	73.33%	Moderate Buy	2.15%
VTS	Vitesse Energy Inc	17.16	66.67%	Moderate Buy	11.69%
VVV.US	Valvoline Inc.	33.81			0%
VVX	V2X Inc	79.01	50.00%	Moderate Buy	0%
VYX	NCR Voyix Corp	7.65	100.00%	Strong Buy	0%
VZ	Verizon	49.19	66.67%	Moderate Buy	5.65%
W.US	Wayfair Inc.	103.31			0%
WAB	Wabtec Corp	292.31	71.43%	Moderate Buy	0.40%
WAL	Western Alliance Bancorporation	79.15	69.23%	Moderate Buy	2.11%
WAT	Waters Corporation	404.69	61.11%	Moderate Buy	0%
WBI	WaterBridge Infrastructure LLC	32.49	80.00%	Strong Buy	0.32%
WBX	Wallbox Nv	2.90	50.00%	Moderate Buy	0%
WCC	WESCO International Inc	338.09	100.00%	Strong Buy	0.55%
WCN	Waste Connections Inc	168.33	84.21%	Strong Buy	0.83%
WD	Walker & Dunlop Inc	40.18	100.00%	Moderate Buy	8.40%
WDS	Woodside Energy Group LTD.-ADR	24.12	100.00%	Hold	4.60%
WEAV	Weave Communications Inc	7.29	80.00%	Hold	0%
WEC	WEC Energy Group	108.51	54.55%	Moderate Buy	3.54%
WELL.US	Welltower Inc	237.40			1.28%
WES	Western Midstream Partners LP	48.65	66.67%	Hold	0%
WEX	WEX Inc	197.85	62.50%	Moderate Buy	0%
WF	Woori Financial Group Inc	66.81			3.50%
WFC	Wells Fargo & Co	83.70	60.00%	Moderate Buy	2.21%
WGO	Winnebago Industries Inc.	31.97	66.67%	Moderate Buy	4.41%
WH	Wyndham Hotels & Resorts Inc	75.31	66.67%	Moderate Buy	2.25%
WHD	Cactus	68.85	50.00%	Moderate Buy	0.81%
WHK	WhiteHawk Minerals Corp.	27.23	75.00%	Strong Buy	0%
WHR	Whirlpool Corp	40.47	75.00%	Hold	6.69%
WIT	Wipro Limited	1.91	100.00%	Moderate Sell	4.59%
WK	Workiva Inc.	75.39	100.00%	Strong Buy	0%
WKC	World Kinect Corp	35.92	100.00%	Moderate Sell	2.31%
WLK	Westlake Chemical Corp	78.85	58.33%	Moderate Buy	2.01%
WLY	John Wiley & Sons Inc	52.08			2.76%
WM	Waste Management Inc	224.92	65.00%	Moderate Buy	1.58%
WMB	Williams Companies Inc	71.68	94.12%	Strong Buy	2.91%
WMK	Weis Markets Inc	70.18			1.92%
WMS	Advanced Drainage Systems Inc.	142.44	100.00%	Strong Buy	0.51%
WNC	Wabash National Corporation	11.67	100.00%	Moderate Buy	2.66%
WOLF	Wolfspeed Inc	26.35	100.00%	Hold	0%
WOR	Worthington Enterprises Inc	56.39	50.00%	Hold	1.34%
WPC	WP Carey Inc	72.01	50.00%	Moderate Buy	5.20%
WPM	Wheaton Precious Metals Corp	150.25	100.00%	Strong Buy	0.58%
WPP	WPP plc	26.27	50.00%	Hold	3.80%
WRB.US	W R Berkley Corporation	69.16			0.53%
WRBY	Warby Parker Inc	27.46	70.00%	Moderate Buy	0%
WS	Worthington Steel Inc	33.95	100.00%	Moderate Buy	0%
WSM	Williams-Sonoma Inc	235.70	64.29%	Moderate Buy	1.20%
WSO	Watsco Inc	314.45	75.00%	Hold	4.04%
WST	West Pharmaceutical Services Inc	353.77	90.00%	Strong Buy	0.25%
WTI	W&T Offshore Inc	4.01	100.00%	Moderate Buy	1.02%
WTM	White Mountains Insurance Group Ltd	2120.00			0.05%
WTRG	Essential Utilities Inc	40.41	33.33%	Hold	3.46%
WTS	Watts Water Technologies Inc.	369.90	57.14%	Moderate Buy	0.58%
WTTR	Select Water Solutions Inc	19.96	100.00%	Strong Buy	1.42%
WU	Western Union Company	7.29	53.85%	Moderate Sell	12.88%
WWW	Wolverine World Wide Inc	20.45	60.00%	Moderate Buy	1.91%
WY	Weyerhaeuser Co	24.62	70.00%	Moderate Buy	3.44%
XHR	Xenia Hotels & Resorts Inc	19.39	100.00%	Strong Buy	2.88%
XIFR	XPLR Infrastructure LP	11.34	62.50%	Hold	0%
XOM	ExxonMobil Holdings Corp	166.15	52.94%	Moderate Buy	2.50%
XPER	Xperi Inc	6.15	100.00%	Strong Buy	0%
XPEV	XPeng Inc ADR	12.00	70.00%	Moderate Buy	0%
XPO	XPO Logistics Inc	196.84	72.22%	Moderate Buy	0%
XPOF	Xponential Fitness Inc	5.06	83.33%	Hold	0%
XPRO	EXPRO LTD	18.41	66.67%	Moderate Buy	0%
XYL	Xylem Inc	113.44	69.23%	Moderate Buy	1.46%
XYZ	Block Inc.	80.08	89.29%	Strong Buy	0%
XZO	Exzeo Group Inc	16.18	100.00%	Moderate Buy	0%
YALA	Yalla Group Limited	5.53			0%
YELP	Yelp Inc.	23.60	50.00%	Hold	0%
YETI	YETI Holdings Inc	44.00	50.00%	Moderate Buy	0%
YEXT	Yext Inc	6.24	100.00%	Hold	0%
YMM	Full Truck Alliance Co. Ltd	8.62	80.00%	Strong Buy	3.01%
YOU	Clear Secure Inc	42.90	60.00%	Moderate Buy	1.27%
YPF	YPF Sociedad Anónima	50.92	50.00%	Moderate Buy	0%
YSS	York Space Systems, Inc	9.20	55.56%	Moderate Buy	0%
YUM	Yum Brands Inc	152.33	61.54%	Moderate Buy	1.91%
YUMC	Yum China Holdings Inc	48.88	92.31%	Strong Buy	2.14%
YXT	YXT.COM Group Holding Ltd	3.07			0%
ZBH	Zimmer Biomet Holdings Inc	98.97	66.67%	Moderate Buy	0.95%
ZEPP	ZEPP Health Corp.-ADR	5.36	100.00%	Moderate Buy	0%
ZETA.US	Zeta Global Holdings Corp	27.85			0%
ZGN	Ermenegildo Zegna NV	13.63	50.00%	Moderate Buy	0.99%
ZH	Zhihu Inc-ADR	3.21	100.00%	Hold	0%
ZIM	ZIM Shipping Services Ltd	27.16	100.00%	Moderate Sell	4.42%
ZIMMER-CVR	FNA US merger/Zimmer holdings CVR	0.00			0%
ZIP	ZipRecruiter Inc.	5.17	75.00%	Hold	0%
ZTO	ZTO Express Cayman Inc-ADR	21.38	50.00%	Moderate Buy	3.23%
ZTS	Zoetis	75.02	58.33%	Moderate Buy	2.69%
ZWS	Zurn Elkay Water Solutions Corporation	48.82	50.00%	Moderate Buy	0.90%
ZYNE.CVR	Zynerba Pharmaceuticals, Inc. CVR	0.00			0%
