2020.OL	2020 Bulkers Ltd	5.05			5.07%
5PG.OL	5Th Planet Games A/S	1.70			0%
AASB.OL	Aasen Sparebank	132.30			7.46%
ABG.OL	ABG Sundal Collier Holding ASA	7.44			7.37%
ABTEC.OL	Aqua Bio Technology ASA	4.90			0%
ACR.OL	Axactor ASA	4.95			0%
ADS.OL	Ads Maritime Holding Plc	2.48			0%
AFG.OL	Af Gruppen ASA	193.60			3.34%
AFISH.OL	Arctic Fish Holding AS	26.60			0%
AFK.OL	Arendals Fossekompani ASA	181.50			0%
AGLX.OL	Agilyx ASA	17.30			0%
AIX.OL	Ayfie International AS	3.40			0%
AKAST.OL	Akastor ASA	13.30			0%
AKBM.OL	Aker Biomarine ASA	123.80			0%
AKER.OL	Aker ASA	1.48K			3.74%
AKRBP.OL	Aker BP ASA	348.40			7.24%
AKSO.OL	Aker Solutions	43.04			8.32%
AKVA.OL	Akva Group ASA	137.00			0.73%
ALNG.OL	ALNG ASA	3.40			0%
ANDF.OL	Andfjord Salmon Group AS	29.30			0%
AQUA.OL	Aqualis ASA	8.98			0%
ARCH.OL	Archer Ltd	23.65			0%
ARR.OL	Arribatec Group ASA	6.24			16.08%
ATEA.OL	Atea ASA	176.80			4.15%
AURG.OL	Aurskog Sparebank	254.95			6.62%
AUSS.OL	Austevoll Seafood ASA	88.60			7.19%
AUTO.OL	AutoStore Holdings Ltd	16.02			0%
AZT.OL	Arcticzymes Technologies ASA	20.80			0%
B2I.OL	B2 Impact ASA	27.35			7.12%
BAKKA.OL	P/F Bakkafrost	493.20			1.01%
BCS.OL	Bergen Carbon Solutions AS	5.80			0%
BEWI.OL	Bewi ASA	20.85			0%
BIEN.OL	Bien Sparebank ASA	143.00			3.98%
BINT.OL	BEVEST ASA	23.40			0%
BNOR.OL	Bluenord ASA	540.00			6.70%
BONHR.OL	Bonheur ASA	247.50			2.91%
BOR.OL	Borgestad ASA	16.60			0%
BOUV.OL	Bouvet ASA	49.20			6.07%
BRG.OL	Borregaard ASA	156.60			2.99%
BWE.OL	BW Energy Ltd	54.80			0%
BWLPG.OL	BW LPG	233.40			8.07%
BWO.OL	BW Offshore Ltd	38.50			9.26%
CADLR.OL	Cadeler A/S	60.40			0%
CAMBI.OL	Cambi ASA	22.30			1.35%
CAPSL.OL	Capsol Technologies ASA	4.78			0%
CAPT.OL	Capital Tankers Corp.	153.84			0%
CAVEN.OL	Cavendish Hydrogen ASA	5.50			0%
CLOUD.OL	Cloudberry Clean Energy ASA	13.54			0%
CONTX.OL	ContextVision AB	3.30			0%
CYVIZ.OL	Cyviz AS	22.30			0%
DDRIL.OL	Dolphin Drilling AS	2.35			0%
DFENS.OL	Fjord Defence Group ASA	16.05			0%
DNB.OL	DNB Bank ASA	314.20			5.74%
DNO.OL	DNO ASA	17.90			10.56%
DOFG.OL	Dof Group ASA	134.10			2.28%
DSRT.OL	Desert Control AS	0.32			0%
DVD.OL	Deep Value Driller AS	20.50			0%
EIOF.OL	Eidesvik Offshore ASA	17.15			2.92%
ELABS.OL	Elliptic Laboratories ASA	2.87			0%
ELIMP.OL	Elektroimportoren AS	21.80			1.83%
ELK.OL	Elkem ASA	33.30			0%
ELMRA.OL	Elmera Group ASA	45.65			4.37%
ELO.OL	Elopak ASA	34.85			5.77%
ENDUR.OL	Endur ASA	110.80			0.72%
ENH.OL	SED Energy Holdings PLC	7.97			0%
ENSU.OL	Ensurge Micropower ASA	0.65			0%
EPR.OL	Europris ASA	88.40			4.21%
EQNR.OL	Equinor ASA	389.90			3.75%
EQVA.OL	Eqva ASA	3.06			0%
FFSB.OL	Flekkefjord Sparebank	115.00			5.66%
FRO.OL	Frontline Plc	400.50			7.71%
GENT.OL	Gentian Diagnostics ASA	39.00			1.51%
GEOS.OL	Golden Energy Offshore Services ASA	6.80			0%
GIGA.OL	Gigante Salmon AS	4.85			0%
GJF.OL	Gjensidige Forsikring	282.40			3.51%
GOD.OL	Goodtech ASA	13.95			3.68%
GRONG.OL	Grong Sparebank	192.00			5.87%
GSF.OL	Grieg Seafood ASA	29.56			109.92%
HAUTO.OL	Hoegh Autoliners ASA	174.00			11.32%
HAV.OL	Hav Group ASA	13.60			0%
HAVI.OL	Havila Shipping ASA	1.10			0%
HELG.OL	Sparebank 1 Helgeland	155.88			4.92%
HEX.OL	Hexagon Composites ASA	13.79			0%
HGSB.OL	Haugesund Sparebank	160.40			6.24%
HKY.OL	Havila Kystruten AS	53.00			0%
HPUR.OL	Hexagon Purus ASA	8.22			0%
HSHP.OL	Himalaya Shipping Ltd	153.00			0%
HUDL.OL	Huddlestock Fintech AS	0.59			0%
HUNT.OL	Hunter Group ASA	11.26			0.65%
HYPRO.OL	Hydrogenpro ASA	0.52			0%
IDEX.OL	Idex Biometrics ASA	7.52			0%
ININ.OL	Inin Group AS	3.40			0%
INSTA.OL	Instabank ASA	4.97			1.78%
IOX.OL	Interoil Exploration and Production ASA	2.71			0%
ISLAX.OL	Icelandic Salmon AS	63.50			0%
ITERA.OL	Itera ASA	6.40			4.59%
IWS.OL	Integrated Wind Solutions ASA	55.40			0%
JAREN.OL	Jaeren Sparebank	331.10			6.08%
JIN.OL	Jinhui Shipping and Transportation Ltd	6.76			2.26%
KCC.OL	Klaveness Combination Carriers ASA	105.40			4.52%
KID.OL	Kid ASA	127.80			3.92%
KIT.OL	Kitron ASA	91.75			0.77%
KLDVK.OL	Kaldvik AS	6.05			0%
KMAR.OL	Kongsberg Maritime AS	56.34			0%
KOA.OL	Kongsberg Automotive ASA	2.02			0%
KOG.OL	Kongsberg Gruppen ASA	314.80			0.70%
KOMPL.OL	Komplett ASA	7.20			0%
KRAB.OL	Kraft Bank ASA	12.95			0%
LINK.OL	Link Mobility Group Holding ASA	25.70			0%
LOKO.OL	Lokotech Group AS	0.72			0%
LSG.OL	Leroy Seafood Group ASA	44.48			5.40%
LYTIX.OL	LYTIX BIOPHARMA ASA	7.78			0%
MAS.OL	Masoval AS	37.90			0%
MEDI.OL	Medistim ASA	263.00			3.05%
MELG.OL	Melhus Sparebank	180.00			7.54%
MGN.OL	Magnora ASA	23.25			0%
MING.OL	Sparebank 1 SMN	210.00			6.40%
MORG.OL	Sparebanken More	111.00			6.32%
MOWI.OL	Mowi ASA	207.80			3.19%
MPCC.OL	MPC Container Ships ASA	28.05			6.78%
MPCES.OL	MPC Energy Solutions NV	13.70			0%
MULTI.OL	Multiconsult ASA	144.40			3.46%
MVW.OL	M Vest Water AS	7.90			0%
NAPA.OL	Napatech A/S	40.25			0%
NAS.OL	Norwegian Air Shuttle	13.14			0%
NAVA.OL	Navamedic ASA	14.90			0%
NCOD.OL	Norcod AS	10.90			0%
NEL.OL	NEL ASA	2.13			0%
NEXT.OL	Next Biometrics Group ASA	0.27			0%
NHY.OL	Norsk Hydro	93.38			3.23%
NISB.OL	Nidaros Sparebank	100.50			5.69%
NKR.OL	Nekkar Asa	14.70			0%
NOAP.OL	Nordic Aqua Partners AS	82.40			0%
NOD.OL	Nordic Semiconductor ASA	165.00			0%
NOHAL.OL	Nordic Halibut AS	28.00			0%
NOL.OL	Northern Ocean Ltd	7.46			0%
NOM.OL	Nordic Mining ASA	2.16			0%
NONG.OL	Sparebank 1 Nord-Norge	170.22			5.00%
NORAM.OL	Noram Drilling AS	46.55			0%
NORBT.OL	Norbit ASA	164.60			3.07%
NORCO.OL	Norconsult ASA	37.85			4.60%
NORDH.OL	Nordhealth AS	24.40			0%
NORSE.OL	Norse Atlantic ASA	0.30			0%
NORTH.OL	North Energy ASA	2.50			0%
NRC.OL	NRC Group ASA	8.16			0%
NSKOG.OL	Norske Skog ASA	45.75			0%
NTI.OL	Norsk Titanium AS	1.17			0%
NYKD.OL	Nykode Therapeutics ASA	4.64			0%
ODF.OL	Odfjell SE	120.20			8.69%
ODFB.OL	Odfjell SE	118.80			8.78%
ODL.OL	Odfjell Drilling Ltd	92.40			9.05%
OET.OL	Okeanis Eco Tankers Corp	600.00			15.59%
OKEA.OL	Okea ASA	37.95			0%
OMDA.OL	Omda AS	36.00			1.27%
ONCIN.OL	Oncoinvent ASA	85.00			0%
ORK.OL	Orkla	96.05			4.16%
OSUN.OL	Ocean Sun AS	0.49			0%
OTEC.OL	Otello Corporation ASA	17.02			0%
OTL.OL	Odfjell Technology Ltd	58.90			7.86%
OTOVO.OL	Otovo ASA	11.45			0%
PARB.OL	Pareto Bank ASA	61.40			13.25%
PCIB.OL	PCI Biotech Holding ASA	0.07			0%
PEN.OL	Panoro Energy ASA	27.85			0%
PEXIP.OL	Pexip Holding ASA	78.20			0%
PHO.OL	Photocure ASA	54.00			0%
PLSV.OL	Paratus Energy Services Ltd	51.80			12.51%
PLT.OL	Polight ASA	12.30			0%
PNOR.OL	Petronor E&P ASA	11.34			0%
POL.OL	Polaris Media ASA	61.00			5.52%
PROT.OL	Protector Forsikring ASA	487.40			4.12%
PROXI.OL	Proximar Seafood AS	0.45			0%
PRS.OL	Prosafe	5.33			0%
PRYME.OL	Pryme NV	1.25			0%
PSE.OL	Petrolia E&P Holdings Plc	6.55			0%
PUBLI.OL	PPI Public Property Invest AB	18.77			3.67%
PYRUM.OL	Pyrum Innovations AG	296.00			0%
QEC.OL	Questerre Energy Corp (Canada)	1.80			0%
REACH.OL	Reach Subsea ASA	6.09			0%
RING.OL	Sparebank 1 Ringerike Hadeland	439.05			6.01%
RIVER.OL	River Tech plc	1.40			0%
ROGS.OL	Rogaland Sparebank	150.00			7.78%
ROMER.OL	Romerike Sparebank	153.98			6.95%
SALM.OL	SalMar ASA	544.00			1.73%
SALME.OL	Salmon Evolution ASA	3.83			0%
SATS.OL	Sats ASA	45.20			0%
SB1NO.OL	Sparebank 1 SR Bank ASA	223.00			5.36%
SB68.OL	Sparebank 68 Grader Nord	208.05			6.28%
SBNOR.OL	Sparebanken Norge	205.15			5.86%
SBO.OL	Selvaag Bolig ASA	32.60			3.03%
SCANA.OL	Scana ASA	1.46			0%
SCATC.OL	Scatec ASA	99.15			0%
SEA1.OL	Siem Offshore Inc	27.50			0%
SKAND.OL	Skandia Greenpower AS	1.38			1.44%
SKUE.OL	Skue Sparebank	329.10			6.73%
SMOP.OL	Smartoptics Group ASA	45.60			1.33%
SNI.OL	Stolt-Nielsen Ltd	330.50			6.01%
SNOR.OL	Sparebank 1 Nordmore	183.00			6.03%
SOAG.OL	Sparebank 1 Ostfold Akershus	444.00			5.51%
SOFF.OL	Solstad Offshore ASA	68.70			3.49%
SOGN.OL	Sogn Sparebank	333.95			6.58%
SOMA.OL	Solstad Maritime Holding AS	28.10			8.47%
SPOG.OL	Sparebanken Ost	70.57			9.70%
SPOL.OL	Sparebank 1 Ostlandet	199.50			6.34%
STB.OL	Storebrand	206.20			2.61%
STRO.OL	Strongpoint ASA	9.80			0%
STST.OL	Stainless Tankers ASA	40.90			0%
SUBC.OL	Subsea 7	337.20			5.84%
TEKNA.OL	Tekna Holding ASA	5.56			0%
TEL.OL	Telenor	136.10			7.07%
TGS.OL	TGS-NOPEC	135.20			4.56%
TIETO.OL	Tietoevry Oyj	213.60			2.75%
TINDE.OL	Tinde Sparebank	111.48			4.40%
TOM.OL	Tomra Systems	109.70			1.97%
TRMED.OL	Thor Medical ASA	6.76			0%
VAR.OL	Var Energi ASA	48.71			10.08%
VEI.OL	Veidekke ASA	203.50			5.46%
VEND	Vend Marketplaces ASA	262.00			0.96%
VISTN.OL	Vistin Pharma ASA	19.15			5.18%
VOIM.OL	Voim ASA	0.56			0%
VOW.OL	Vow ASA	2.45			0%
VTURA.OL	Ventura Offshore Holding Ltd	29.00			0%
VVL.OL	Voss Veksel og Landmandsbank ASA	440.00			4.30%
WAWI.OL	Wallenius Wilhelmsen ASA	166.26			10.19%
WEST.OL	Western Bulk Chartering AS	21.60			5.65%
WSTEP.OL	Webstep ASA	14.60			10.49%
WWI.OL	Wilh Wilhelmsen Holding ASA	823.00			3.44%
WWIB.OL	Wilh Wilhelmsen Holding ASA	777.00			3.70%
XPLRA.OL	Xplora Technologies AS	26.40			0%
YAR.OL	Yara International	453.40			4.82%
ZAL.OL	Zalaris ASA	100.50			0%
ZAP.OL	Zaptec ASA	52.20			0%
ZLNA.OL	Zelluna ASA	21.70			0%
