AAPL	NASDAQ
GOOG	NASDAQ
META	NASDAQ
MSFT	NASDAQ
AMZN	NASDAQ
CSCO	NASDAQ
INTC	NASDAQ
WMT	NASDAQ
PEP	NASDAQ
EBAY	NASDAQ
NBIS	NASDAQ
FWONK	NASDAQ
OPCH	NASDAQ
LNTH	NASDAQ
NOVT	NASDAQ
PRVA	NASDAQ
ZD	NASDAQ
SMCI	NASDAQ
PTCT	NASDAQ
ENVX	NASDAQ
CALM	NASDAQ
NEOG	NASDAQ
TSLA	NASDAQ
FSLR	NASDAQ
TRIP	NASDAQ
URBN	NASDAQ
ADBE	NASDAQ
NFLX	NASDAQ
WDC	NASDAQ
MU	NASDAQ
AGNC	NASDAQ
ADSK	NASDAQ
NVDA	NASDAQ
CAR	NASDAQ
BIDU	NASDAQ
SBUX	NASDAQ
AMGN	NASDAQ
CHKP	NASDAQ
KDP	NASDAQ
DBX	NASDAQ
WIX	NASDAQ
RYAAY	NASDAQ
ACB	NASDAQ
TVRD	NASDAQ
CRBP	NASDAQ
CRON	NASDAQ
NXH	NASDAQ
TLRY	NASDAQ
LYFT	NASDAQ
BYND	NASDAQ
ARBE	NASDAQ
ODD	NASDAQ
VFS	NASDAQ
ARM	NASDAQ
NTES	NASDAQ
JD.US	NASDAQ
TCOM.CH	NASDAQ
TTWO	NASDAQ
MRX	NASDAQ
AAL	NASDAQ
BIIB	NASDAQ
PSKY	NASDAQ
CMCSA	NASDAQ
COST	NASDAQ
GILD	NASDAQ
GPRO	NASDAQ
HON	NASDAQ
BKNG	NASDAQ
PYPL	NASDAQ
QCOM	NASDAQ
PAGP	NASDAQ
UAL	NASDAQ
MDLZ	NASDAQ
SNEX	NASDAQ
AVT.US	NASDAQ
EXC	NASDAQ
KMB	NASDAQ
XRX	NASDAQ
PCAR	NASDAQ
GT	NASDAQ
AEP	NASDAQ
APA	NASDAQ
CHRW	NASDAQ
TXN	NASDAQ
CSX	NASDAQ
ADP	NASDAQ
CDW	NASDAQ
XEL	NASDAQ
ROST	NASDAQ
PFG	NASDAQ
HSIC	NASDAQ
CTSH	NASDAQ
CHTR	NASDAQ
AMAT	NASDAQ
STLD	NASDAQ
DLTR	NASDAQ
NWSA	NASDAQ
CPB	NASDAQ
VC	NASDAQ
ORLY	NASDAQ
CASY	NASDAQ
LKQ	NASDAQ
GEN	NASDAQ
NTAP	NASDAQ
SANM	NASDAQ
JBHT	NASDAQ
MAT	NASDAQ
JBLU	NASDAQ
NWL	NASDAQ
CLMT	NASDAQ
EXPE	NASDAQ
NAVI	NASDAQ
AMD	NASDAQ
WYNN	NASDAQ
HST	NASDAQ
FISV	NASDAQ
CINF	NASDAQ
Z	NASDAQ
LRCX	NASDAQ
CTAS	NASDAQ
ANDE	NASDAQ
NTRS	NASDAQ
INTU	NASDAQ
FWONA	NASDAQ
BLMN	NASDAQ
HAS	NASDAQ
TROW	NASDAQ
SLGN	NASDAQ
MAR	NASDAQ
MTCH	NASDAQ
SEDG	NASDAQ
REGN	NASDAQ
NTLA	NASDAQ
EDIT	NASDAQ
CLLS	NASDAQ
FIBK	NASDAQ
UMBF	NASDAQ
CBSH	NASDAQ
FFIN	NASDAQ
UBSI	NASDAQ
HWC	NASDAQ
TFIN	NASDAQ
BOKF	NASDAQ
CVBF	NASDAQ
FULT	NASDAQ
CATY	NASDAQ
FHB	NASDAQ
EBC	NASDAQ
SFNC	NASDAQ
CASH	NASDAQ
LKFN	NASDAQ
TBBK	NASDAQ
FBNC	NASDAQ
FIVN	NASDAQ
HIMX	NASDAQ
GMAB.US	NASDAQ
AEIS	NASDAQ
MSEX	NASDAQ
CIFR	NASDAQ
MBLY	NASDAQ
NXT.US	NASDAQ
ENLT	NASDAQ
ATAI	NASDAQ
DAVE	NASDAQ
GEHC	NASDAQ
WBTN	NASDAQ
CXAI	NASDAQ
INKT	NASDAQ
OUST	NASDAQ
AKAM	NASDAQ
CHDN	NASDAQ
CME	NASDAQ
COO	NASDAQ
UNIT	NASDAQ
DPZ	NASDAQ
GLPI	NASDAQ
GRMN	NASDAQ
GSAT	NASDAQ
HAIN	NASDAQ
IBKR	NASDAQ
ILMN	NASDAQ
INCY	NASDAQ
IONS	NASDAQ
IPGP	NASDAQ
JAZZ	NASDAQ
KHC	NASDAQ
LAMR	NASDAQ
LBTYA	NASDAQ
LBTYK	NASDAQ
LILA	NASDAQ
MELI	NASDAQ
MMYT	NASDAQ
MNST	NASDAQ
NXPI	NASDAQ
PBYI	NASDAQ
POWI	NASDAQ
PPC	NASDAQ
ROP	NASDAQ
SBAC	NASDAQ
SEIC	NASDAQ
SHOP	NASDAQ
SWBI	NASDAQ
SWKS	NASDAQ
SYNA	NASDAQ
TRMB	NASDAQ
VIAV	NASDAQ
VRSK	NASDAQ
VRSN	NASDAQ
VRTX	NASDAQ
WTW	NASDAQ
XRAY	NASDAQ
WEN	NASDAQ
CACC	NASDAQ
VISN	NASDAQ
FAST	NASDAQ
AVGO	NASDAQ
AZN	NASDAQ
LIN	NASDAQ
ASML	NASDAQ
ISRG	NASDAQ
TMUS	NASDAQ
WDAY	NASDAQ
ADI.US	NASDAQ
EQIX	NASDAQ
PAYX	NASDAQ
SIRI	NASDAQ
TEAM	NASDAQ
ALGN	NASDAQ
LULU	NASDAQ
MCHP	NASDAQ
ULTA	NASDAQ
KLAC	NASDAQ
IDXX	NASDAQ
CDNS	NASDAQ
PPLI	NASDAQ
SNPS	NASDAQ
FANG	NASDAQ
FTNT	NASDAQ
CGC	NASDAQ
VTRS	NASDAQ
HBAN	NASDAQ
STX.US	NASDAQ
MRVL	NASDAQ
TSCO	NASDAQ
STNE	NASDAQ
DXCM	NASDAQ
OKTA	NASDAQ
FFIV	NASDAQ
ON	NASDAQ
DOCU	NASDAQ
TTD	NASDAQ
SRPT	NASDAQ
ZION	NASDAQ
ZS	NASDAQ
MDB	NASDAQ
OLED	NASDAQ
ROKU	NASDAQ
FIVE	NASDAQ
NTNX	NASDAQ
GH	NASDAQ
LITE	NASDAQ
BHF	NASDAQ
TNDM	NASDAQ
LNT	NASDAQ
JKHY	NASDAQ
PDD	NASDAQ
WB	NASDAQ
BILI	NASDAQ
FSLY	NASDAQ
GRWG	NASDAQ
RPAY	NASDAQ
NNOX	NASDAQ
DOX	NASDAQ
API	NASDAQ
CRSR	NASDAQ
ENTG	NASDAQ
KC	NASDAQ
MGNI	NASDAQ
MANH	NASDAQ
MIDD.US	NASDAQ
CRWD	NASDAQ
KTOS	NASDAQ
AMBA	NASDAQ
AVAV	NASDAQ
DOYU	NASDAQ
QFIN	NASDAQ
ALRM	NASDAQ
AXGN	NASDAQ
BLDP	NASDAQ
CSIQ	NASDAQ
CEVA	NASDAQ
ENPH	NASDAQ
EEFT	NASDAQ
FLEX	NASDAQ
FOSL	NASDAQ
GNTX	NASDAQ
PI	NASDAQ
PODD	NASDAQ
IDCC	NASDAQ
IRTC	NASDAQ
POOL	NASDAQ
PTC	NASDAQ
QRVO	NASDAQ
SMTC	NASDAQ
SLAB	NASDAQ
RUN	NASDAQ
UEIC	NASDAQ
ZBRA	NASDAQ
CBRL	NASDAQ
PZZA	NASDAQ
SFM	NASDAQ
PTON	NASDAQ
CSGP	NASDAQ
ZM	NASDAQ
MKTX	NASDAQ
SSNC	NASDAQ
CPRT	NASDAQ
ODFL	NASDAQ
BMRN	NASDAQ
ACAD	NASDAQ
OLLI	NASDAQ
ARWR	NASDAQ
NBIX	NASDAQ
NVCR	NASDAQ
EHTH	NASDAQ
SFIX	NASDAQ
TREE.US	NASDAQ
BZUN	NASDAQ
HQY	NASDAQ
REG	NASDAQ
CRUS	NASDAQ
PENN	NASDAQ
GOSS	NASDAQ
CROX	NASDAQ
AXON	NASDAQ
CHRS	NASDAQ
FRPT	NASDAQ
EXEL	NASDAQ
NTRA	NASDAQ
CZR	NASDAQ
HTHT	NASDAQ
MRCY	NASDAQ
BRKR	NASDAQ
INGN	NASDAQ
PLAY	NASDAQ
VCYT	NASDAQ
RGEN	NASDAQ
JACK	NASDAQ
TXRH	NASDAQ
SBRA	NASDAQ
TECH	NASDAQ
MRNA	NASDAQ
NVAX	NASDAQ
CODX	NASDAQ
COIN	NASDAQ
ALDX	NASDAQ
SHLS	NASDAQ
TTEK	NASDAQ
APPS	NASDAQ
CRTO	NASDAQ
AYTU	NASDAQ
BKYI	NASDAQ
BLFS	NASDAQ
BLNK	NASDAQ
BNGO	NASDAQ
PR	NASDAQ
CLDX	NASDAQ
CLSK	NASDAQ
COCP	NASDAQ
PUBM	NASDAQ
APP	NASDAQ
GEVO	NASDAQ
GLBS	NASDAQ
ALGM	NASDAQ
MARA	NASDAQ
VRDN	NASDAQ
MITK	NASDAQ
OCGN	NASDAQ
PAYS	NASDAQ
PLUG	NASDAQ
RIOT	NASDAQ
LSTR	NASDAQ
SHIP	NASDAQ
SINT	NASDAQ
NSLR	NASDAQ
VKTX	NASDAQ
VUZI	NASDAQ
WATT	NASDAQ
ACMR	NASDAQ
ADMA	NASDAQ
ALT.US	NASDAQ
APPF	NASDAQ
ARCT	NASDAQ
AXSM	NASDAQ
CAN	NASDAQ
CDLX	NASDAQ
CERS	NASDAQ
CRIS	NASDAQ
CRSP	NASDAQ
DOMO	NASDAQ
EH	NASDAQ
AGNT	NASDAQ
FATE	NASDAQ
FCEL	NASDAQ
TBCH	NASDAQ
MNKD	NASDAQ
NMIH	NASDAQ
OCUL	NASDAQ
PRQR	NASDAQ
PTGX	NASDAQ
RPD	NASDAQ
VSTM	NASDAQ
MFIC	NASDAQ
ALNY	NASDAQ
ANGI	NASDAQ
ARCC	NASDAQ
ATRA	NASDAQ
BBIO	NASDAQ
BCRX	NASDAQ
BGC	NASDAQ
BNTX	NASDAQ
AZTA	NASDAQ
CAKE.US	NASDAQ
CARG	NASDAQ
CDXS	NASDAQ
CG	NASDAQ
CGNX	NASDAQ
CHEF	NASDAQ
CLNE	NASDAQ
CNDT	NASDAQ
CRNT	NASDAQ
CYTK	NASDAQ
DDOG	NASDAQ
FIZZ	NASDAQ
FOXA	NASDAQ
GERN	NASDAQ
GIII	NASDAQ
GLNG	NASDAQ
GO	NASDAQ
GOGO	NASDAQ
GOOD	NASDAQ
GOOGL	NASDAQ
GPRE	NASDAQ
HALO	NASDAQ
HCAT	NASDAQ
HLIT	NASDAQ
IFRX	NASDAQ
IHRT	NASDAQ
INMD	NASDAQ
INO	NASDAQ
IRDM	NASDAQ
ITRI	NASDAQ
LECO	NASDAQ
LI	NASDAQ
LSCC	NASDAQ
LXRX	NASDAQ
MCRB	NASDAQ
MKSI	NASDAQ
MLCO	NASDAQ
MPWR	NASDAQ
MSTR	NASDAQ
NICE	NASDAQ
IBRX	NASDAQ
NKTR	NASDAQ
NMRK	NASDAQ
NXST	NASDAQ
ADAM	NASDAQ
OGI	NASDAQ
OPK	NASDAQ
PAAS	NASDAQ
PACB	NASDAQ
PFLT	NASDAQ
PGNY	NASDAQ
PLCE	NASDAQ
PSEC	NASDAQ
PTEN	NASDAQ
QDEL	NASDAQ
QURE	NASDAQ
REAL	NASDAQ
RIGL	NASDAQ
RPRX	NASDAQ
RRGB	NASDAQ
RRR	NASDAQ
RVMD	NASDAQ
SABR	NASDAQ
SBGI	NASDAQ
SDGR	NASDAQ
LNWO	NASDAQ
SKYW	NASDAQ
SLM	NASDAQ
SNDL	NASDAQ
SNDX	NASDAQ
SONO	NASDAQ
SPWH	NASDAQ
SSRM	NASDAQ
BMBL	NASDAQ
SVC	NASDAQ
TER	NASDAQ
TRVG	NASDAQ
TSEM	NASDAQ
TXG	NASDAQ
UPWK	NASDAQ
UTHR	NASDAQ
VEON	NASDAQ
VIR	NASDAQ
WT	NASDAQ
WING	NASDAQ
WMG	NASDAQ
XP	NASDAQ
ZG	NASDAQ
GTM	NASDAQ
QS	NASDAQ
DRH	NASDAQ
PAA	NASDAQ
TIGO	NASDAQ
GDS	NASDAQ
UHAL	NASDAQ
LFUS	NASDAQ
FUTU	NASDAQ
OMAB	NASDAQ
HTLD	NASDAQ
GSM	NASDAQ
AMKR	NASDAQ
MTSI	NASDAQ
LKFT	NASDAQ
STGW	NASDAQ
TITN	NASDAQ
DYN	NASDAQ
PRME	NASDAQ
GCT	NASDAQ
HDSN	NASDAQ
CRCT	NASDAQ
BOOM	NASDAQ
EZPW	NASDAQ
PFBC	NASDAQ
PRDO	NASDAQ
MCRI	NASDAQ
ICHR	NASDAQ
ROOT	NASDAQ
AMCX	NASDAQ
WSBC	NASDAQ
ZYME	NASDAQ
TOWN	NASDAQ
VITL	NASDAQ
MATW	NASDAQ
FLD	NASDAQ
THRY	NASDAQ
MLAB	NASDAQ
LQDA	NASDAQ
CFFN	NASDAQ
FA	NASDAQ
ENTA	NASDAQ
ANAB	NASDAQ
AMSF	NASDAQ
AMTX	NASDAQ
TBPH	NASDAQ
IMTX	NASDAQ
ALHC	NASDAQ
OCFC	NASDAQ
MCHB	NASDAQ
SLP	NASDAQ
NEWT.US	NASDAQ
RCEL	NASDAQ
SYBT	NASDAQ
OFIX	NASDAQ
ALKT	NASDAQ
DXPE	NASDAQ
VSEC	NASDAQ
NMFC	NASDAQ
ANGO	NASDAQ
PHAT	NASDAQ
HWKN	NASDAQ
RNW	NASDAQ
DKNG	NASDAQ
PLTR	NASDAQ
FROG	NASDAQ
KLRS	NASDAQ
AGEN	NASDAQ
PCVX	NASDAQ
ABNB	NASDAQ
DASH.US	NASDAQ
SAIA	NASDAQ
AFRM	NASDAQ
GLBE	NASDAQ
ARRY	NASDAQ
GTLB	NASDAQ
PGY	NASDAQ
GFS	NASDAQ
CEG	NASDAQ
TPG	NASDAQ
WBD	NASDAQ
WRD	NASDAQ
SRAD	NASDAQ
UPST	NASDAQ
DUOL	NASDAQ
EVGO	NASDAQ
PRGS	NASDAQ
CMRC	NASDAQ
BPOP	NASDAQ
TENB	NASDAQ
VRNS	NASDAQ
CTKB	NASDAQ
HUT	NASDAQ
SNY	NASDAQ
LOGI	NASDAQ
ONC	NASDAQ
BCPC	NASDAQ
THRM	NASDAQ
GILT	NASDAQ
GDYN	NASDAQ
PEGA	NASDAQ
IVVD	NASDAQ
ASND	NASDAQ
ALGT	NASDAQ
GRPN	NASDAQ
BSY	NASDAQ
CMPS	NASDAQ
LOVE	NASDAQ
CHRD	NASDAQ
FIP	NASDAQ
WAY	NASDAQ
TEM.US	NASDAQ
GRAL	NASDAQ
SUNS	NASDAQ
SFD	NASDAQ
SNDK	NASDAQ
NDAQ	NASDAQ
LBRDK	NASDAQ
ICLR	NASDAQ
FOX.US	NASDAQ
ACGL	NASDAQ
NDSN	NASDAQ
PCTY	NASDAQ
MORN	NASDAQ
OPEN	NASDAQ
EWBC	NASDAQ
CNXC	NASDAQ
ZLAB	NASDAQ
MEDP	NASDAQ
LEGN	NASDAQ
FCNCA	NASDAQ
FOXF	NASDAQ
WWD	NASDAQ
BL	NASDAQ
VICR	NASDAQ
SPT	NASDAQ
RGLD	NASDAQ
COLM	NASDAQ
KRNT	NASDAQ
ASTH	NASDAQ
EXPO	NASDAQ
RBC	NASDAQ
HLNE	NASDAQ
OZK	NASDAQ
HELE	NASDAQ
VLY	NASDAQ
ACHC	NASDAQ
IART	NASDAQ
CELH	NASDAQ
CERT	NASDAQ
TWST	NASDAQ
SITM	NASDAQ
STAA	NASDAQ
SPSC	NASDAQ
QLYS	NASDAQ
NBP	NASDAQ
ICUI	NASDAQ
NEO.US	NASDAQ
DIOD	NASDAQ
KNSL	NASDAQ
LIVN	NASDAQ
ENSG	NASDAQ
ASO	NASDAQ
JOYY	NASDAQ
HAPN	NASDAQ
ABCL	NASDAQ
LOB	NASDAQ
SHOO	NASDAQ
INDB	NASDAQ
CRNC	NASDAQ
EYE	NASDAQ
NVMI	NASDAQ
ACIW	NASDAQ
VSAT	NASDAQ
TGTX	NASDAQ
AUPH	NASDAQ
ALKS	NASDAQ
NEXN	NASDAQ
CLOV	NASDAQ
CYRX	NASDAQ
TRUP	NASDAQ
TEAD	NASDAQ
PLTK	NASDAQ
WOOF	NASDAQ
DRVN	NASDAQ
LOPE	NASDAQ
AHCO	NASDAQ
WDFC	NASDAQ
TCBI	NASDAQ
IOVA	NASDAQ
FLGT	NASDAQ
CVLT	NASDAQ
NWE	NASDAQ
COLB	NASDAQ
UCTT	NASDAQ
PRCH	NASDAQ
NTCT	NASDAQ
CDNA	NASDAQ
TW	NASDAQ
GDRX	NASDAQ
ARGX	NASDAQ
WSC	NASDAQ
OMCL	NASDAQ
RKLB	NASDAQ
FLNC	NASDAQ
NCNO	NASDAQ
BEAM	NASDAQ
WTFC	NASDAQ
APPN	NASDAQ
RARE.US	NASDAQ
GSHD	NASDAQ
EXLS	NASDAQ
ARVN	NASDAQ
KLIC	NASDAQ
INSM	NASDAQ
RLAY	NASDAQ
PTLO	NASDAQ
ONB	NASDAQ
WERN	NASDAQ
UPBD	NASDAQ
FTDR	NASDAQ
ARCB	NASDAQ
ALLO	NASDAQ
FLNA	NASDAQ
ACLS	NASDAQ
BAND.US	NASDAQ
AOSL	NASDAQ
PWP	NASDAQ
PAYO	NASDAQ
TBLA	NASDAQ
BKKT	NASDAQ
GRAB	NASDAQ
SOFI	NASDAQ
LCID	NASDAQ
SIMO	NASDAQ
OTLY	NASDAQ
TASK	NASDAQ
DLO	NASDAQ
MNDY	NASDAQ
HOOD	NASDAQ
MQ	NASDAQ
DNUT	NASDAQ
SG	NASDAQ
RIVN	NASDAQ
CART	NASDAQ
KLTR	NASDAQ
LPLA.US	NASDAQ
RMBS	NASDAQ
RXRX	NASDAQ
MDGL	NASDAQ
WFRD	NASDAQ
FRSH	NASDAQ
EXTR	NASDAQ
ROIV	NASDAQ
SYM	NASDAQ
AEHR	NASDAQ
APLD	NASDAQ
BZ	NASDAQ
TMDX	NASDAQ
TRI	NASDAQ
PECO	NASDAQ
FLYW	NASDAQ
AAOI	NASDAQ
BRZE	NASDAQ
MLTX	NASDAQ
FWRD	NASDAQ
CRDO	NASDAQ
SAIC	NASDAQ
NSIT.US	NASDAQ
KRYS	NASDAQ
CWST	NASDAQ
AMSC	NASDAQ
OPRA	NASDAQ
SGRY	NASDAQ
AAON	NASDAQ
MZTI	NASDAQ
MRVI	NASDAQ
UFPI	NASDAQ
SIGI	NASDAQ
STRL.US	NASDAQ
MMSI	NASDAQ
VRRM	NASDAQ
SGML	NASDAQ
AMLX	NASDAQ
RELY	NASDAQ
PRTA	NASDAQ
IMVT	NASDAQ
CCOI	NASDAQ
AMPH	NASDAQ
SMPL	NASDAQ
PERI	NASDAQ
RDNT	NASDAQ
PENG	NASDAQ
ATEC	NASDAQ
NVTS	NASDAQ
CRBU	NASDAQ
BMEA	NASDAQ
NSSC	NASDAQ
VTGN	NASDAQ
PCT.US	NASDAQ
INDI	NASDAQ
FCFS	NASDAQ
DNLI	NASDAQ
INTA	NASDAQ
SSYS.US	NASDAQ
HUBG	NASDAQ
HRMY	NASDAQ
CORT	NASDAQ
RYTM	NASDAQ
KEEL	NASDAQ
TVTX	NASDAQ
PRCT	NASDAQ
SHC	NASDAQ
ZNTL	NASDAQ
HTO	NASDAQ
SDA	NASDAQ
COCO	NASDAQ
CCC.US	NASDAQ
CAMT	NASDAQ
FELE	NASDAQ
ULCC	NASDAQ
IPAR	NASDAQ
ATRC	NASDAQ
CVCO	NASDAQ
NEXT	NASDAQ
PLRX	NASDAQ
GGAL	NASDAQ
MIRM	NASDAQ
SUPN	NASDAQ
LZ	NASDAQ
PSNY	NASDAQ
MNRO	NASDAQ
PLAB	NASDAQ
RXST	NASDAQ
FORM	NASDAQ
OSIS	NASDAQ
MYRG	NASDAQ
SBCF	NASDAQ
VCEL	NASDAQ
VECO	NASDAQ
XENE	NASDAQ
IDYA	NASDAQ
LAUR	NASDAQ
TNGX	NASDAQ
SKIN	NASDAQ
IMCR	NASDAQ
REPL	NASDAQ
GPCR	NASDAQ
ERII	NASDAQ
BLKB	NASDAQ
RCKT	NASDAQ
XMTR	NASDAQ
IRON	NASDAQ
WAFD	NASDAQ
HLMN	NASDAQ
COHU	NASDAQ
ICFI	NASDAQ
FULC	NASDAQ
HURN	NASDAQ
URGN	NASDAQ
VERA	NASDAQ
CSTL	NASDAQ
DRS	NASDAQ
VCTR	NASDAQ
PSMT	NASDAQ
MGPI	NASDAQ
XPEL	NASDAQ
STRA	NASDAQ
DGII	NASDAQ
AGIO	NASDAQ
BELFB	NASDAQ
KRUS	NASDAQ
RUM	NASDAQ
JJSF	NASDAQ
GTX.US	NASDAQ
AGYS	NASDAQ
HROW	NASDAQ
PLXS	NASDAQ
ARHS	NASDAQ
CENX	NASDAQ
VNOM	NASDAQ
ADUS	NASDAQ
RUSHA	NASDAQ
ARQT	NASDAQ
MYGN	NASDAQ
HCSG	NASDAQ
INVZ	NASDAQ
ECHO	NASDAQ
EVLV	NASDAQ
MVST	NASDAQ
BWIN	NASDAQ
KYMR	NASDAQ
BANR	NASDAQ
BJRI	NASDAQ
PATK	NASDAQ
SIBN	NASDAQ
MGEE	NASDAQ
OCSL	NASDAQ
ABOS	NASDAQ
CLFD	NASDAQ
CRNX	NASDAQ
ANIP	NASDAQ
TTMI	NASDAQ
MGRC	NASDAQ
KNSA	NASDAQ
TMCI	NASDAQ
WSFS	NASDAQ
OM.US	NASDAQ
ROAD	NASDAQ
POWL	NASDAQ
GBDC	NASDAQ
KURA	NASDAQ
COGT	NASDAQ
KROS	NASDAQ
ADTN	NASDAQ
QTRX	NASDAQ
ESTA	NASDAQ
INOD	NASDAQ
REYN	NASDAQ
HOPE	NASDAQ
IOSP	NASDAQ
ADPT	NASDAQ
SCHL	NASDAQ
TARS	NASDAQ
DORM	NASDAQ
ASLE	NASDAQ
JBSS	NASDAQ
MBUU	NASDAQ
OSW	NASDAQ
SKWD	NASDAQ
LFST	NASDAQ
LILAK	NASDAQ
BANF	NASDAQ
XNCR	NASDAQ
ECPG	NASDAQ
EFSC	NASDAQ
STEP	NASDAQ
DCGO	NASDAQ
COLL	NASDAQ
TCMD	NASDAQ
NBTB	NASDAQ
ACT	NASDAQ
ACDC	NASDAQ
EGBN	NASDAQ
INVA	NASDAQ
LMB	NASDAQ
CMPR	NASDAQ
FDMT	NASDAQ
VERX	NASDAQ
BLBD	NASDAQ
PRAA	NASDAQ
APOG	NASDAQ
MRTN	NASDAQ
CABA	NASDAQ
DH	NASDAQ
LMAT	NASDAQ
LGND	NASDAQ
PLMR	NASDAQ
FRME	NASDAQ
CSWC	NASDAQ
TRMK	NASDAQ
RGNX	NASDAQ
NWBI	NASDAQ
FFBC	NASDAQ
TIGR	NASDAQ
WINA	NASDAQ
PDFS	NASDAQ
FNKO	NASDAQ
KALU	NASDAQ
EYPT	NASDAQ
MCFT	NASDAQ
ACRS	NASDAQ
FWRG	NASDAQ
IMXI	NASDAQ
ATEX	NASDAQ
LOCO	NASDAQ
ADEA	NASDAQ
WABC	NASDAQ
BCYC	NASDAQ
SANA	NASDAQ
MDXG	NASDAQ
CHCO	NASDAQ
AMPL	NASDAQ
MERC	NASDAQ
AVPT	NASDAQ
IQ.US	NASDAQ
TFSL	NASDAQ
HCM	NASDAQ
ALVO	NASDAQ
EVCM	NASDAQ
CLBK	NASDAQ
AFYA	NASDAQ
GCMG	NASDAQ
DSGR	NASDAQ
CLBT	NASDAQ
HSAI	NASDAQ
SHEN	NASDAQ
MBIN	NASDAQ
WALD	NASDAQ
SRCE	NASDAQ
TCBK	NASDAQ
BUSE	NASDAQ
BLTE	NASDAQ
NRC	NASDAQ
STBA	NASDAQ
PEBO	NASDAQ
TRS	NASDAQ
ARKO	NASDAQ
CMCO	NASDAQ
BFC	NASDAQ
TRNS	NASDAQ
QCRH	NASDAQ
GABC	NASDAQ
ARDX	NASDAQ
SLRC	NASDAQ
HSTM	NASDAQ
SCSC	NASDAQ
WEST	NASDAQ
PHVS	NASDAQ
SRRK	NASDAQ
ASTS	NASDAQ
CGBD	NASDAQ
CRAI	NASDAQ
CTBI	NASDAQ
AVO	NASDAQ
PLPC	NASDAQ
CNOB	NASDAQ
FMBH	NASDAQ
KELYA.US	NASDAQ
METC	NASDAQ
KE	NASDAQ
IIIV	NASDAQ
OSBC	NASDAQ
HCKT	NASDAQ
TCPC	NASDAQ
BBSI	NASDAQ
ULH	NASDAQ
LQDT	NASDAQ
GSBC	NASDAQ
CCAP	NASDAQ
HFWA	NASDAQ
CECO	NASDAQ
QNST	NASDAQ
KIDS	NASDAQ
WVE	NASDAQ
CCB	NASDAQ
DMRC	NASDAQ
OLMA	NASDAQ
JRVR	NASDAQ
MBWM	NASDAQ
NAMS	NASDAQ
OABI	NASDAQ
CASS	NASDAQ
UFCS	NASDAQ
TILE	NASDAQ
NRDS	NASDAQ
UVSP	NASDAQ
IRMD	NASDAQ
ITRN	NASDAQ
ELVN	NASDAQ
AMAL	NASDAQ
LAND	NASDAQ
RWAY	NASDAQ
ATRO	NASDAQ
NN	NASDAQ
CCBG	NASDAQ
IGIC	NASDAQ
HNRG	NASDAQ
GRSD	NASDAQ
SVRA	NASDAQ
TYRA	NASDAQ
BFST	NASDAQ
TRDA	NASDAQ
VNET	NASDAQ
GPGI	NASDAQ
SSP.US	NASDAQ
SMBC	NASDAQ
RGP	NASDAQ
FDUS	NASDAQ
KRNY	NASDAQ
MSBI	NASDAQ
ALNT	NASDAQ
GNLX	NASDAQ
ALEC	NASDAQ
PAHC	NASDAQ
SPFI	NASDAQ
ANTX	NASDAQ
HAFC	NASDAQ
DAKT	NASDAQ
PROK	NASDAQ
LYTS	NASDAQ
HBNC	NASDAQ
SENEA	NASDAQ
FMNB	NASDAQ
CAC	NASDAQ
CCSI	NASDAQ
KRT	NASDAQ
THFF	NASDAQ
PGC	NASDAQ
EWTX	NASDAQ
IBCP	NASDAQ
BWMN	NASDAQ
WASH	NASDAQ
GHRS	NASDAQ
NAMM	NASDAQ
BTMD	NASDAQ
LASR	NASDAQ
NBN	NASDAQ
IMNM	NASDAQ
CCNE	NASDAQ
ESQ	NASDAQ
NTGR	NASDAQ
AIRS	NASDAQ
CGEM	NASDAQ
BTDR	NASDAQ
HRZN	NASDAQ
ACTG	NASDAQ
ORIC	NASDAQ
AROW	NASDAQ
ALRS	NASDAQ
ALXO	NASDAQ
SHBI	NASDAQ
BHRB	NASDAQ
SPRY	NASDAQ
MLYS	NASDAQ
MPB	NASDAQ
PNTG	NASDAQ
DSP	NASDAQ
ACIC	NASDAQ
LIND	NASDAQ
OSPN	NASDAQ
MGNX	NASDAQ
LUNG	NASDAQ
ALTO	NASDAQ
AVNW	NASDAQ
PKOH	NASDAQ
AURA	NASDAQ
CGNT	NASDAQ
JANX	NASDAQ
NWPX.US	NASDAQ
JBIO	NASDAQ
BMRC	NASDAQ
PANL	NASDAQ
ANIK	NASDAQ
OKUR	NASDAQ
CVRX	NASDAQ
INSE	NASDAQ
LINC	NASDAQ
REFI	NASDAQ
LMNR.US	NASDAQ
ZURA	NASDAQ
AVIR	NASDAQ
CARE	NASDAQ
VNDA	NASDAQ
FISI	NASDAQ
WLDN	NASDAQ
CVGI	NASDAQ
MGTX	NASDAQ
CBUS	NASDAQ
LFMD	NASDAQ
FSBW	NASDAQ
CELC	NASDAQ
SMTI	NASDAQ
AUDC.US	NASDAQ
NRIM	NASDAQ
NECB	NASDAQ
CLAR	NASDAQ
NRIX	NASDAQ
IMMR	NASDAQ
LFCR	NASDAQ
ASUR	NASDAQ
CTRN	NASDAQ
PMTS	NASDAQ
AIP	NASDAQ
PRTS	NASDAQ
GASS	NASDAQ
OPRT	NASDAQ
BLZE	NASDAQ
MASS	NASDAQ
CRMD	NASDAQ
JAKK	NASDAQ
RELL	NASDAQ
IMRX	NASDAQ
IPX	NASDAQ
RCMT	NASDAQ
STOK	NASDAQ
NVCT	NASDAQ
ZVRA	NASDAQ
INVE	NASDAQ
VRCA	NASDAQ
TELA	NASDAQ
MAMA	NASDAQ
INBK	NASDAQ
MPAA	NASDAQ
OPRX	NASDAQ
CLPT	NASDAQ
FLL	NASDAQ
PDSB	NASDAQ
JYNT	NASDAQ
UPLD	NASDAQ
WHWK	NASDAQ
SILC	NASDAQ
TZOO	NASDAQ
RGTI	NASDAQ
EOSE	NASDAQ
SLDP	NASDAQ
WULF	NASDAQ
RXT	NASDAQ
TSHA	NASDAQ
ERAS	NASDAQ
XERS	NASDAQ
MREO	NASDAQ
SOUN	NASDAQ
PMVP	NASDAQ
REKR	NASDAQ
DHC	NASDAQ
NKTX	NASDAQ
AUR	NASDAQ
BTBT	NASDAQ
ORGO	NASDAQ
STRO	NASDAQ
HIVE	NASDAQ
SERA	NASDAQ
AUTL	NASDAQ
STTK	NASDAQ
IREN	NASDAQ
INTS	NASDAQ
ENGN	NASDAQ
MTRX	NASDAQ
APGE	NASDAQ
QBTS	NASDAQ
TMC	NASDAQ
AKBA	NASDAQ
PIII	NASDAQ
STLN	NASDAQ
IMUX	NASDAQ
CCCC	NASDAQ
CRDF	NASDAQ
PSNL	NASDAQ
TECX	NASDAQ
ACET	NASDAQ
QSI	NASDAQ
KOPN	NASDAQ
CMPX	NASDAQ
SEER	NASDAQ
SCYX	NASDAQ
RMTI	NASDAQ
LYEL	NASDAQ
TNYA	NASDAQ
AQST	NASDAQ
POWW	NASDAQ
SMMT	NASDAQ
ABSI	NASDAQ
VERI	NASDAQ
RBBN	NASDAQ
TDUP	NASDAQ
AIOT	NASDAQ
LGVN	NASDAQ
HNST	NASDAQ
DSGN	NASDAQ
EXFY	NASDAQ
OMER	NASDAQ
KOD	NASDAQ
RLMD	NASDAQ
ANNX	NASDAQ
CYPH	NASDAQ
IRD	NASDAQ
SGHT	NASDAQ
HUMA	NASDAQ
RDZN	NASDAQ
DCTH	NASDAQ
LUNR	NASDAQ
DFTX	NASDAQ
SRTA	NASDAQ
RMNI	NASDAQ
BDTX	NASDAQ
CDZI	NASDAQ
ADV	NASDAQ
PRLD	NASDAQ
CAPR	NASDAQ
ETON	NASDAQ
SGMT	NASDAQ
ABAT	NASDAQ
GLUE	NASDAQ
CNTY	NASDAQ
TLS	NASDAQ
IMMX	NASDAQ
ABEO	NASDAQ
BVS	NASDAQ
SLDB	NASDAQ
STKS	NASDAQ
INTR	NASDAQ
BEEM	NASDAQ
TCRX	NASDAQ
OPAL	NASDAQ
SURG	NASDAQ
LTRX	NASDAQ
DERM	NASDAQ
BBCP	NASDAQ
OBIO	NASDAQ
PESI	NASDAQ
NPCE	NASDAQ
LE	NASDAQ
VIRC	NASDAQ
MRAM	NASDAQ
PLSE	NASDAQ
MFIN	NASDAQ
USAR	NASDAQ
VINP	NASDAQ
INV.US	NASDAQ
ISPR	NASDAQ
BULL	NASDAQ
FRST	NASDAQ
BWB	NASDAQ
SEZL	NASDAQ
QUIK	NASDAQ
LWAY	NASDAQ
XBP	NASDAQ
WHF	NASDAQ
SLN	NASDAQ
NATR	NASDAQ
PRAX	NASDAQ
RBB	NASDAQ
BCIC	NASDAQ
SYRE	NASDAQ
HBT	NASDAQ
GYRE	NASDAQ
MVBF	NASDAQ
BCML	NASDAQ
MCBS	NASDAQ
ESEA	NASDAQ
ALCO	NASDAQ
RCKY	NASDAQ
ATLC	NASDAQ
KRRO	NASDAQ
CLMB	NASDAQ
CRWV	NASDAQ
ETOR	NASDAQ
CHA	NASDAQ
GLXY	NASDAQ
CHYM	NASDAQ
SLDE	NASDAQ
CAI	NASDAQ
EIKN	NASDAQ
OMDA	NASDAQ
CORZ	NASDAQ
ALAB	NASDAQ
SBET	NASDAQ
QUBT	NASDAQ
TLN	NASDAQ
FLY	NASDAQ
TTAN	NASDAQ
HTFL	NASDAQ
AEVA	NASDAQ
PSIX	NASDAQ
DGICA	NASDAQ
NUTX	NASDAQ
KSPI	NASDAQ
LGN	NASDAQ
GEMI	NASDAQ
FIGR	NASDAQ
NTSK	NASDAQ
PTRN	NASDAQ
FRMI	NASDAQ
UROY	NASDAQ
ONDS	NASDAQ
NNE	NASDAQ
RCAT	NASDAQ
SERV	NASDAQ
IXHL	NASDAQ
DFDV	NASDAQ
DVLT	NASDAQ
NAVN	NASDAQ
BLLN	NASDAQ
LIDR	NASDAQ
TSSI	NASDAQ
GRRR	NASDAQ
SNGX	NASDAQ
WYFI	NASDAQ
DFLI	NASDAQ
DMRA	NASDAQ
ATYR	NASDAQ
SPRB	NASDAQ
VANI	NASDAQ
MWH	NASDAQ
APC	NASDAQ
AGMB	NASDAQ
LFTO	NASDAQ
AKTS	NASDAQ
LMRI	NASDAQ
WLTH	NASDAQ
MDLN	NASDAQ
UPB	NASDAQ
ZBIO	NASDAQ
HYMC	NASDAQ
NAGE	NASDAQ
APEI	NASDAQ
GLOO	NASDAQ
FWDI	NASDAQ
CTMX	NASDAQ
RZLT	NASDAQ
PVLA	NASDAQ
MAZE	NASDAQ
KYIV	NASDAQ
AVAH	NASDAQ
AUGO	NASDAQ
BRCB	NASDAQ
BBNX	NASDAQ
TRVI	NASDAQ
RAPP	NASDAQ
MBX	NASDAQ
LENZ	NASDAQ
IMSR	NASDAQ
BETR	NASDAQ
SAIL	NASDAQ
NB	NASDAQ
INDV	NASDAQ
RZLV	NASDAQ
ABVX	NASDAQ
ASST	NASDAQ
PONY	NASDAQ
CRML	NASDAQ
LIFE	NASDAQ
PICS	NASDAQ
EQPT	NASDAQ
CAE	NASDAQ
CGON	NASDAQ
MEOH	NASDAQ
ESLT	NASDAQ
FSV	NASDAQ
LIF	NASDAQ
OTEX	NASDAQ
LINE	NASDAQ
CIGI	NASDAQ
SKHY	NASDAQ
DSGX	NASDAQ
DOO	NASDAQ
BTSG	NASDAQ
NYAX	NASDAQ
WGS	NASDAQ
PPTA	NASDAQ
DNTH	NASDAQ
SION	NASDAQ
SHAZ	NASDAQ
ALLT.US	NASDAQ
TMCR	NASDAQ
HQ	NASDAQ
EMAT	NASDAQ
BRAI	NASDAQ
PBLS	NASDAQ
FRBT	NASDAQ
SGP	NASDAQ
GENB	NASDAQ
MMED	NASDAQ
PAYP	NASDAQ
HMH	NASDAQ
ARXS	NASDAQ
ALMR	NASDAQ
KLRA	NASDAQ
YSWY	NASDAQ
NHP	NASDAQ
XE	NASDAQ
ELMT	NASDAQ
AVLN	NASDAQ
COAG	NASDAQ
SPTX	NASDAQ
MAKO	NASDAQ
SUJA	NASDAQ
MOBI	NASDAQ
ODTX	NASDAQ
FRVO	NASDAQ
CBRS	NASDAQ
WSE	NASDAQ
SPCX	NASDAQ
FISN	NASDAQ
INIO	NASDAQ
QNT.US	NASDAQ
SPCX.24-7	NASDAQ
ORKA	NASDAQ
ALMS	NASDAQ
HONA	NASDAQ
LIME	NASDAQ
ITG	NASDAQ
KARD	NASDAQ
BSP	NASDAQ
APMD	NASDAQ
BRVE	NASDAQ
ATTO	NASDAQ
A.US	NYSE
AA	NYSE
AADX	NYSE
AAMI	NYSE
AAP	NYSE
AAT	NYSE
AAUC	NYSE
ABBV	NYSE
ABCB	NYSE
ABEV	NYSE
ABG	NYSE
ABM	NYSE
ABR	NYSE
ABT.US	NYSE
ABX	NYSE
ACA.US	NYSE
ACCO	NYSE
ACEL	NYSE
ACH.US	NYSE
ACHR	NYSE
ACI	NYSE
ACM	NYSE
ACN	NYSE
ACRE	NYSE
ACVA	NYSE
AD	NYSE
ADC	NYSE
ADM	NYSE
ADNT	NYSE
ADT	NYSE
AEE	NYSE
AEM	NYSE
AEO	NYSE
AER	NYSE
AERO.US	NYSE
AES	NYSE
AESI	NYSE
AFG	NYSE
AFL	NYSE
AG	NYSE
AGBK	NYSE
AGCO	NYSE
AGI	NYSE
AGL	NYSE
AGM	NYSE
AGO	NYSE
AGRO	NYSE
AGX	NYSE
AHR	NYSE
AHRT	NYSE
AI	NYSE
AIG	NYSE
AIN	NYSE
AIR.US	NYSE
AIT	NYSE
AIZ	NYSE
AJG	NYSE
AKA.US	NYSE
AKR	NYSE
ALB	NYSE
ALG	NYSE
ALH	NYSE
ALIT	NYSE
ALK	NYSE
ALL	NYSE
ALLE	NYSE
ALLY	NYSE
ALSN	NYSE
ALTG	NYSE
ALV	NYSE
ALX	NYSE
AM	NYSE
AMBP	NYSE
AMC	NYSE
AMCR	NYSE
AME	NYSE
AMG	NYSE
AMH	NYSE
AMN	NYSE
AMP.US	NYSE
AMPX	NYSE
AMPY	NYSE
AMR	NYSE
AMRC	NYSE
AMRX	NYSE
AMRZ	NYSE
AMT	NYSE
AMTB	NYSE
AMTM	NYSE
AMWL	NYSE
AMX	NYSE
AN	NYSE
ANDG	NYSE
ANET	NYSE
ANF	NYSE
ANGX	NYSE
ANVS	NYSE
AON	NYSE
AORT	NYSE
AOS	NYSE
APAM	NYSE
APD	NYSE
APG	NYSE
APH	NYSE
APLE	NYSE
APO	NYSE
APTV	NYSE
AQN	NYSE
AR.US	NYSE
ARCO	NYSE
ARE	NYSE
ARES	NYSE
ARI	NYSE
ARIS	NYSE
ARLO	NYSE
ARMK	NYSE
AROC	NYSE
ARW	NYSE
ARX	NYSE
AS	NYSE
ASAN	NYSE
ASB	NYSE
ASC	NYSE
ASH	NYSE
ASIX	NYSE
ASPN	NYSE
ASR	NYSE
ASX	NYSE
ATEN	NYSE
ATHM.CH	NYSE
ATI	NYSE
ATKR	NYSE
ATMU	NYSE
ATNM	NYSE
ATO	NYSE
ATR	NYSE
ATS	NYSE
AU	NYSE
AUB	NYSE
AVA	NYSE
AVEX	NYSE
AVNT.US	NYSE
AVTR	NYSE
AVY	NYSE
AWI	NYSE
AWK	NYSE
AWR	NYSE
AX	NYSE
AXP	NYSE
AXS.US	NYSE
AXTA	NYSE
AYI	NYSE
AZO	NYSE
AZZ	NYSE
B	NYSE
BA	NYSE
BABA	NYSE
BAC	NYSE
BAH	NYSE
BALL	NYSE
BAM	NYSE
BANC	NYSE
BAP	NYSE
BARK	NYSE
BAX	NYSE
BB	NYSE
BBAI	NYSE
BBAR	NYSE
BBDC	NYSE
BBT	NYSE
BBUC	NYSE
BBVA.US	NYSE
BBW	NYSE
BBWI	NYSE
BBY	NYSE
BC	NYSE
BCC	NYSE
BCE	NYSE
BCH.US	NYSE
BCO	NYSE
BCS	NYSE
BCSF	NYSE
BDC	NYSE
BDN	NYSE
BDX	NYSE
BE	NYSE
BEKE	NYSE
BEN	NYSE
BEPC	NYSE
BETA	NYSE
BF-B	NYSE
BF.A	NYSE
BFAM	NYSE
BFH	NYSE
BFLY	NYSE
BG	NYSE
BGS	NYSE
BHB	NYSE
BHC	NYSE
BHE	NYSE
BHP	NYSE
BHVN	NYSE
BILL	NYSE
BIO.US	NYSE
BIP	NYSE
BIPC	NYSE
BIRK	NYSE
BJ	NYSE
BKD	NYSE
BKE	NYSE
BKH	NYSE
BKR	NYSE
BKSY	NYSE
BKTI	NYSE
BKU	NYSE
BKV	NYSE
BLCO	NYSE
BLDR	NYSE
BLK	NYSE
BLND.US	NYSE
BLSH	NYSE
BMA	NYSE
BMI	NYSE
BMNR	NYSE
BMO	NYSE
BMY	NYSE
BN.US	NYSE
BNL	NYSE
BNS	NYSE
BNY	NYSE
BOBS	NYSE
BOH	NYSE
BOOT	NYSE
BORR	NYSE
BOX	NYSE
BP.US	NYSE
BR	NYSE
BRBR	NYSE
BRC	NYSE
BRCC	NYSE
BRK.B	NYSE
BRO	NYSE
BROS	NYSE
BRSL	NYSE
BRSP	NYSE
BRT	NYSE
BRX	NYSE
BSAC	NYSE
BSBR	NYSE
BSM	NYSE
BSX.US	NYSE
BTG.US	NYSE
BTGO	NYSE
BTU	NYSE
BUD	NYSE
BUR	NYSE
BURL	NYSE
BV.US	NYSE
BVN	NYSE
BW	NYSE
BWA	NYSE
BWXT	NYSE
BX	NYSE
BXC	NYSE
BXDC	NYSE
BXMT	NYSE
BXP	NYSE
BXSL	NYSE
BY	NYSE
BYD	NYSE
BZH	NYSE
C	NYSE
CAAP	NYSE
CABO	NYSE
CACI	NYSE
CAG	NYSE
CAH	NYSE
CALX.US	NYSE
CALY	NYSE
CANG	NYSE
CARR	NYSE
CARS	NYSE
CAT	NYSE
CAVA	NYSE
CB	NYSE
CBL.US	NYSE
CBRE	NYSE
CBT	NYSE
CBU	NYSE
CBZ	NYSE
CC.US	NYSE
CCEP	NYSE
CCI	NYSE
CCJ	NYSE
CCK	NYSE
CCL	NYSE
CCU	NYSE
CDE	NYSE
CDP	NYSE
CDRE	NYSE
CE	NYSE
CF	NYSE
CFG	NYSE
CFR	NYSE
CGAU	NYSE
CHCT	NYSE
CHD	NYSE
CHE	NYSE
CHH	NYSE
CHPT	NYSE
CHWY	NYSE
CI	NYSE
CIB	NYSE
CIEN	NYSE
CIM	NYSE
CINT	NYSE
CL	NYSE
CLB	NYSE
CLF.US	NYSE
CLH	NYSE
CLS	NYSE
CLVT	NYSE
CLW	NYSE
CLX	NYSE
CM	NYSE
CMC	NYSE
CMCL	NYSE
CMG	NYSE
CMI	NYSE
CMP	NYSE
CMS	NYSE
CMT	NYSE
CMTG	NYSE
CNA	NYSE
CNC	NYSE
CNH.US	NYSE
CNI	NYSE
CNK	NYSE
CNM	NYSE
CNMD	NYSE
CNNE	NYSE
CNO	NYSE
CNP	NYSE
CNQ	NYSE
CNR	NYSE
CNS	NYSE
CNX	NYSE
CODI	NYSE
COF	NYSE
COHR	NYSE
COLD	NYSE
COMP.US	NYSE
CON.US	NYSE
COOK	NYSE
COP	NYSE
COR	NYSE
COTY	NYSE
COUR	NYSE
CP	NYSE
CPA	NYSE
CPAY	NYSE
CPF	NYSE
CPK	NYSE
CPNG	NYSE
CPRI	NYSE
CPS	NYSE
CPT	NYSE
CQP	NYSE
CR	NYSE
CRBG	NYSE
CRC	NYSE
CRCL	NYSE
CRD.A	NYSE
CRGY	NYSE
CRH	NYSE
CRI	NYSE
CRK	NYSE
CRL	NYSE
CRM	NYSE
CRS	NYSE
CSL	NYSE
CSQR	NYSE
CSR	NYSE
CSTM	NYSE
CSV	NYSE
CSW	NYSE
CTEV	NYSE
CTGO	NYSE
CTO	NYSE
CTOS	NYSE
CTRE	NYSE
CTRI	NYSE
CTVA	NYSE
CUBE	NYSE
CUBI	NYSE
CURB	NYSE
CURV	NYSE
CUZ	NYSE
CVE	NYSE
CVEO	NYSE
CVI.US	NYSE
CVLG	NYSE
CVNA	NYSE
CVS	NYSE
CVSA	NYSE
CVX.US	NYSE
CW	NYSE
CWEN	NYSE
CWH	NYSE
CWK.US	NYSE
CWT	NYSE
CX	NYSE
CXM	NYSE
CXT	NYSE
CXW	NYSE
CYD	NYSE
CYH	NYSE
D	NYSE
DAC	NYSE
DAL	NYSE
DAN	NYSE
DAR	NYSE
DAVA	NYSE
DB	NYSE
DBD	NYSE
DBI	NYSE
DCH.US	NYSE
DCI	NYSE
DCO	NYSE
DCOM	NYSE
DD	NYSE
DDS	NYSE
DE	NYSE
DEA	NYSE
DECK	NYSE
DEI	NYSE
DELL	NYSE
DEO	NYSE
DFIN	NYSE
DG.US	NYSE
DGX	NYSE
DHI	NYSE
DHR	NYSE
DHT	NYSE
DIN	NYSE
DINO	NYSE
DIS	NYSE
DK	NYSE
DKL	NYSE
DKS	NYSE
DLB	NYSE
DLR	NYSE
DNA	NYSE
DNN	NYSE
DNOW	NYSE
DOC	NYSE
DOCN	NYSE
DOCS	NYSE
DOLE	NYSE
DOV	NYSE
DOW	NYSE
DQ	NYSE
DRD	NYSE
DRI	NYSE
DT	NYSE
DTE	NYSE
DTM	NYSE
DUK	NYSE
DV	NYSE
DVA	NYSE
DVN	NYSE
DX	NYSE
DXC	NYSE
DY	NYSE
E	NYSE
EAF	NYSE
EAT	NYSE
EBS	NYSE
EC	NYSE
ECG	NYSE
ECL	NYSE
ECVT	NYSE
ED	NYSE
EDU	NYSE
EE	NYSE
EFC	NYSE
EFOR	NYSE
EFX	NYSE
EFXT	NYSE
EG	NYSE
EGHT	NYSE
EGO	NYSE
EGP.US	NYSE
EGY	NYSE
EHC	NYSE
EIG	NYSE
EIX	NYSE
EL	NYSE
ELAN	NYSE
ELF	NYSE
ELS	NYSE
ELV	NYSE
EMA	NYSE
EMBJ	NYSE
EME	NYSE
EMN	NYSE
EMR	NYSE
ENB	NYSE
ENIC	NYSE
ENOV	NYSE
ENR	NYSE
ENS.US	NYSE
ENVA	NYSE
EOG	NYSE
EPAC	NYSE
EPAM	NYSE
EPC	NYSE
EPD	NYSE
EPM	NYSE
EPR	NYSE
EPRT	NYSE
EQBK	NYSE
EQH	NYSE
EQNR	NYSE
EQT	NYSE
EQX	NYSE
ERO	NYSE
EROC	NYSE
EROK	NYSE
ES	NYSE
ESAB	NYSE
ESE	NYSE
ESI	NYSE
ESNT	NYSE
ESRT	NYSE
ESS	NYSE
ESTC	NYSE
ET	NYSE
ETD	NYSE
ETN	NYSE
ETR	NYSE
ETSY	NYSE
EVEX	NYSE
EVH	NYSE
EVR	NYSE
EVRG	NYSE
EVTC	NYSE
EW	NYSE
EXE	NYSE
EXK	NYSE
EXP	NYSE
EXPD	NYSE
EXR	NYSE
F	NYSE
FAF	NYSE
FBIN	NYSE
FBK	NYSE
FBP	NYSE
FBRT	NYSE
FC	NYSE
FCF	NYSE
FCN	NYSE
FCPT	NYSE
FCX	NYSE
FDS	NYSE
FDX	NYSE
FE	NYSE
FG	NYSE
FHI	NYSE
FHN	NYSE
FICO	NYSE
FIG	NYSE
FIGS	NYSE
FINV	NYSE
FIS.US	NYSE
FITB	NYSE
FIX	NYSE
FLG	NYSE
FLO	NYSE
FLR.US	NYSE
FLS	NYSE
FMC	NYSE
FMS	NYSE
FMX	NYSE
FN	NYSE
FNB	NYSE
FND	NYSE
FNF	NYSE
FNV	NYSE
FOUR	NYSE
FPI	NYSE
FPS	NYSE
FR.US	NYSE
FRO	NYSE
FRT	NYSE
FSK	NYSE
FSM	NYSE
FSS	NYSE
FTAI	NYSE
FTI	NYSE
FTRE	NYSE
FTS	NYSE
FTV	NYSE
FUBO	NYSE
FUL	NYSE
FUN.US	NYSE
FVRR	NYSE
G.US	NYSE
GAP	NYSE
GATX	NYSE
GBCI	NYSE
GBX.US	NYSE
GCO	NYSE
GD	NYSE
GDDY	NYSE
GE	NYSE
GEF	NYSE
GEL	NYSE
GENI	NYSE
GEO	NYSE
GETY	NYSE
GEV	NYSE
GFF	NYSE
GFI.US	NYSE
GFL	NYSE
GFR	NYSE
GGB	NYSE
GGG	NYSE
GHM	NYSE
GIB	NYSE
GIL	NYSE
GIS	NYSE
GKOS	NYSE
GL	NYSE
GLOB	NYSE
GLW	NYSE
GM	NYSE
GMED	NYSE
GMRS	NYSE
GNE	NYSE
GNK.US	NYSE
GNL	NYSE
GNRC	NYSE
GNW	NYSE
GOLD.US	NYSE
GOLF	NYSE
GOOS	NYSE
GPC	NYSE
GPI	NYSE
GPK	NYSE
GPMT	NYSE
GPN	NYSE
GPOR	NYSE
GRDN	NYSE
GRND	NYSE
GRNT	NYSE
GROY	NYSE
GS	NYSE
GSBD	NYSE
GSK	NYSE
GSL	NYSE
GTES	NYSE
GTN	NYSE
GTY	NYSE
GVA	NYSE
GWRE	NYSE
GWW	NYSE
GXO	NYSE
H.US	NYSE
HAE	NYSE
HAFN	NYSE
HAL	NYSE
HASI	NYSE
HAWK	NYSE
HAYW	NYSE
HBM	NYSE
HCA	NYSE
HCC	NYSE
HCI	NYSE
HD	NYSE
HE	NYSE
HEI	NYSE
HEI.A	NYSE
HESM	NYSE
HG	NYSE
HGTY	NYSE
HGV	NYSE
HHH	NYSE
HIG	NYSE
HII	NYSE
HIMS	NYSE
HIPO	NYSE
HIW	NYSE
HL	NYSE
HLF	NYSE
HLI	NYSE
HLIO	NYSE
HLLY	NYSE
HLN	NYSE
HLT	NYSE
HMN	NYSE
HNGE	NYSE
HOG	NYSE
HOMB	NYSE
HP	NYSE
HPE	NYSE
HPP	NYSE
HPQ	NYSE
HR	NYSE
HRB	NYSE
HRI	NYSE
HRL	NYSE
HRTG	NYSE
HSY	NYSE
HTB	NYSE
HTGC	NYSE
HTH	NYSE
HTZ	NYSE
HUBB	NYSE
HUBS	NYSE
HUM	NYSE
HUN	NYSE
HUYA.US	NYSE
HWM	NYSE
HXL	NYSE
HY	NYSE
HYLN	NYSE
HZO	NYSE
IAG.US	NYSE
IBM	NYSE
IBP	NYSE
IBTA	NYSE
ICE	NYSE
ICL	NYSE
IDA	NYSE
IDR.US	NYSE
IE	NYSE
IEX	NYSE
IFF	NYSE
IFS	NYSE
IHG	NYSE
IIPR	NYSE
IMAX	NYSE
IMO	NYSE
INFQ	NYSE
INFY	NYSE
INGM	NYSE
INGR	NYSE
INN	NYSE
INSP	NYSE
INSW	NYSE
INTT	NYSE
INVH	NYSE
INVX	NYSE
IONQ	NYSE
IOT	NYSE
IP.US	NYSE
IPI	NYSE
IQV	NYSE
IR	NYSE
IRM	NYSE
IRT	NYSE
IT	NYSE
ITGR	NYSE
ITT	NYSE
ITUB	NYSE
ITW	NYSE
IVR	NYSE
IVT	NYSE
IVZ.US	NYSE
J	NYSE
JBGS	NYSE
JBI	NYSE
JBL	NYSE
JBS	NYSE
JBTM	NYSE
JCI	NYSE
JEF	NYSE
JELD	NYSE
JHX	NYSE
JILL	NYSE
JKS	NYSE
JLL	NYSE
JMIA	NYSE
JMKE	NYSE
JNJ	NYSE
JOBY	NYSE
JPM	NYSE
JXN	NYSE
KAI	NYSE
KB	NYSE
KBH	NYSE
KBR	NYSE
KD	NYSE
KDK	NYSE
KEX	NYSE
KEY	NYSE
KEYS	NYSE
KFRC	NYSE
KFY	NYSE
KGC	NYSE
KGS.US	NYSE
KIM	NYSE
KKR	NYSE
KLAR	NYSE
KLC	NYSE
KMI	NYSE
KMPR	NYSE
KMT	NYSE
KMX	NYSE
KN	NYSE
KNF	NYSE
KNOP	NYSE
KNTK	NYSE
KNX	NYSE
KO	NYSE
KOF	NYSE
KOP	NYSE
KOS	NYSE
KR	NYSE
KRC	NYSE
KREF	NYSE
KRG	NYSE
KRMN	NYSE
KRO	NYSE
KSS	NYSE
KTB	NYSE
KVUE	NYSE
KVYO	NYSE
KWR	NYSE
LAC	NYSE
LAD	NYSE
LADR	NYSE
LAR	NYSE
LAW	NYSE
LAZ	NYSE
LB	NYSE
LBRT	NYSE
LCII	NYSE
LCLN	NYSE
LCTX	NYSE
LDI	NYSE
LDOS	NYSE
LEA	NYSE
LEG	NYSE
LEN	NYSE
LEN.B	NYSE
LEU	NYSE
LEVI	NYSE
LH	NYSE
LHX	NYSE
LII	NYSE
LION	NYSE
LLY	NYSE
LMND	NYSE
LMT	NYSE
LNC	NYSE
LNG	NYSE
LNN	NYSE
LOAR	NYSE
LOMA	NYSE
LOW	NYSE
LPG	NYSE
LPX	NYSE
LRN	NYSE
LSPD	NYSE
LTC.US	NYSE
LTH	NYSE
LTM	NYSE
LU	NYSE
LUCK	NYSE
LUMN	NYSE
LUV	NYSE
LUXE	NYSE
LVS	NYSE
LW	NYSE
LXP	NYSE
LXU	NYSE
LYB	NYSE
LYV	NYSE
LZB	NYSE
LZM	NYSE
M.US	NYSE
MA	NYSE
MAA	NYSE
MAC	NYSE
MAGN	NYSE
MAIN	NYSE
MAIR	NYSE
MAN	NYSE
MANE	NYSE
MANU	NYSE
MAS	NYSE
MATX	NYSE
MAX	NYSE
MBC	NYSE
MBI	NYSE
MC	NYSE
MCB	NYSE
MCD	NYSE
MCK	NYSE
MCO	NYSE
MCS.US	NYSE
MD	NYSE
MDT.US	NYSE
MDU	NYSE
MEC	NYSE
MED.US	NYSE
MEI	NYSE
MET.US	NYSE
MFA	NYSE
MFC	NYSE
MGA	NYSE
MGM	NYSE
MGY	NYSE
MH	NYSE
MHK	NYSE
MHO	NYSE
MIAX	NYSE
MICC.US	NYSE
MIR.US	NYSE
MKC	NYSE
MKC/V	NYSE
MKL	NYSE
MLM	NYSE
MLR	NYSE
MMM	NYSE
MMS	NYSE
MNSO	NYSE
MNTN	NYSE
MO	NYSE
MOD	NYSE
MOG.A	NYSE
MOH	NYSE
MOS	NYSE
MOV	NYSE
MP	NYSE
MPC	NYSE
MPLX.US	NYSE
MPT	NYSE
MRK	NYSE
MRP	NYSE
MRSH	NYSE
MS	NYSE
MSA	NYSE
MSCI	NYSE
MSDL	NYSE
MSGE	NYSE
MSGS	NYSE
MSI	NYSE
MSM	NYSE
MT.US	NYSE
MTB	NYSE
MTD	NYSE
MTDR	NYSE
MTG	NYSE
MTH	NYSE
MTN	NYSE
MTRN	NYSE
MTW	NYSE
MTX	NYSE
MTZ	NYSE
MUFG	NYSE
MUR	NYSE
MUSA	NYSE
MUX	NYSE
MWA	NYSE
MXL	NYSE
MYE	NYSE
MYO	NYSE
NABL	NYSE
NAK	NYSE
NAT	NYSE
NATL	NYSE
NBHC	NYSE
NBR	NYSE
NCLH	NYSE
NE	NYSE
NEE	NYSE
NEM	NYSE
NET	NYSE
NEXA	NYSE
NFG	NYSE
NG.US	NYSE
NGS	NYSE
NGVC	NYSE
NGVT	NYSE
NHI	NYSE
NI	NYSE
NIC	NYSE
NIO	NYSE
NIQ	NYSE
NJR	NYSE
NKE	NYSE
NLY	NYSE
NMAX	NYSE
NMR.US	NYSE
NNI	NYSE
NNN	NYSE
NOAH	NYSE
NOC	NYSE
NOG	NYSE
NOK	NYSE
NOMD	NYSE
NOV	NYSE
NOW	NYSE
NP	NYSE
NPKI	NYSE
NPO	NYSE
NPWR	NYSE
NRDY	NYSE
NRG	NYSE
NRGV	NYSE
NSC	NYSE
NSP	NYSE
NTB	NYSE
NTR	NYSE
NTST	NYSE
NU	NYSE
NUE	NYSE
NUVB	NYSE
NVGS	NYSE
NVO	NYSE
NVR	NYSE
NVS	NYSE
NVST	NYSE
NVT	NYSE
NWG	NYSE
NWN	NYSE
NX	NYSE
NXDR	NYSE
NXE	NYSE
NXRT	NYSE
NYT	NYSE
O	NYSE
OBDC	NYSE
OBK	NYSE
OC	NYSE
OEC	NYSE
OFG	NYSE
OFRM	NYSE
OGE	NYSE
OGS	NYSE
OHI	NYSE
OI	NYSE
OII	NYSE
OIS	NYSE
OKE	NYSE
OKLO	NYSE
OLN	NYSE
OLP	NYSE
OMC	NYSE
OMF	NYSE
ONIT	NYSE
ONON	NYSE
ONT.US	NYSE
ONTO	NYSE
OOMA	NYSE
OPAD	NYSE
OPFI	NYSE
OPLN	NYSE
OPTU	NYSE
OR.US	NYSE
ORA.US	NYSE
ORCL	NYSE
ORI	NYSE
ORN	NYSE
OSCR	NYSE
OSG	NYSE
OSK	NYSE
OTF	NYSE
OTIS	NYSE
OUT	NYSE
OVV	NYSE
OWL	NYSE
OXM	NYSE
OXY	NYSE
P	NYSE
PAC	NYSE
PAG	NYSE
PAGS	NYSE
PAM	NYSE
PANW	NYSE
PAR	NYSE
PARR	NYSE
PATH	NYSE
PAY.US	NYSE
PAYC	NYSE
PB	NYSE
PBA	NYSE
PBF	NYSE
PBH	NYSE
PBI	NYSE
PBR	NYSE
PBR.A	NYSE
PCG	NYSE
PCOR	NYSE
PCRX	NYSE
PD	NYSE
PDM	NYSE
PEB	NYSE
PEG	NYSE
PEN	NYSE
PFE	NYSE
PFGC	NYSE
PFS	NYSE
PFSI	NYSE
PG	NYSE
PGR	NYSE
PH	NYSE
PHIN	NYSE
PHM	NYSE
PHR	NYSE
PII	NYSE
PINE	NYSE
PINS	NYSE
PIPR	NYSE
PJT	NYSE
PK	NYSE
PKE	NYSE
PKG	NYSE
PL	NYSE
PLD	NYSE
PLGO	NYSE
PLNT	NYSE
PLOW	NYSE
PM	NYSE
PMT	NYSE
PNC	NYSE
PNFP	NYSE
PNR	NYSE
PNW	NYSE
POR	NYSE
POST	NYSE
PPG	NYSE
PPL	NYSE
PRG	NYSE
PRGO	NYSE
PRI	NYSE
PRIM	NYSE
PRK	NYSE
PRKS	NYSE
PRLB	NYSE
PRM	NYSE
PRMB	NYSE
PRU	NYSE
PS	NYSE
PSA	NYSE
PSFE	NYSE
PSN.US	NYSE
PSO	NYSE
PSQH	NYSE
PSTL	NYSE
PSX	NYSE
PUMP.US	NYSE
PVH	NYSE
PWR	NYSE
PXED	NYSE
Q	NYSE
QSR	NYSE
QTWO	NYSE
QUAD.US	NYSE
QXO	NYSE
R	NYSE
RACE	NYSE
RAL	NYSE
RAMP	NYSE
RBA	NYSE
RBLX	NYSE
RBRK	NYSE
RC	NYSE
RCI	NYSE
RCL	NYSE
RCUS	NYSE
RDDT	NYSE
RDN	NYSE
RDW.US	NYSE
RDY	NYSE
REA	NYSE
REF	NYSE
REI	NYSE
REPX	NYSE
RES	NYSE
REXR	NYSE
REZI	NYSE
RF	NYSE
RGA	NYSE
RGR	NYSE
RH	NYSE
RHI	NYSE
RHP	NYSE
RIG	NYSE
RIO	NYSE
RITM	NYSE
RJF	NYSE
RKT	NYSE
RL	NYSE
RLGT	NYSE
RLI	NYSE
RLJ	NYSE
RM	NYSE
RMD	NYSE
RNG	NYSE
RNGR	NYSE
RNR	NYSE
RNST	NYSE
ROG	NYSE
ROK	NYSE
ROL	NYSE
RPC.US	NYSE
RPM	NYSE
RPT	NYSE
RRC	NYSE
RRX	NYSE
RS	NYSE
RSG	NYSE
RSI	NYSE
RSKD	NYSE
RTO.US	NYSE
RTX	NYSE
RVLV	NYSE
RVTY	NYSE
RWT	NYSE
RXO	NYSE
RY	NYSE
RYAN	NYSE
RYN	NYSE
S.US	NYSE
SA	NYSE
SAFE.US	NYSE
SAH	NYSE
SAM	NYSE
SAP	NYSE
SAR.US	NYSE
SARO	NYSE
SBH	NYSE
SBS	NYSE
SBSI	NYSE
SBSW	NYSE
SCCO	NYSE
SCHW	NYSE
SCI	NYSE
SCL	NYSE
SCM	NYSE
SDHC	NYSE
SDRL	NYSE
SE	NYSE
SEAT	NYSE
SEG	NYSE
SEI.US	NYSE
SES	NYSE
SF.US	NYSE
SFBS	NYSE
SGHC	NYSE
SGI	NYSE
SHAK	NYSE
SHEL	NYSE
SHO	NYSE
SHW	NYSE
SIG	NYSE
SITC	NYSE
SITE	NYSE
SJM	NYSE
SKE	NYSE
SKT	NYSE
SKY.US	NYSE
SLB	NYSE
SLF	NYSE
SLG	NYSE
SLQT	NYSE
SLVM	NYSE
SM	NYSE
SMA	NYSE
SMBK	NYSE
SMG	NYSE
SMHI	NYSE
SMP.US	NYSE
SMR	NYSE
SMRT	NYSE
SMWB	NYSE
SN	NYSE
SNA	NYSE
SNAP	NYSE
SNDR	NYSE
SNN.US	NYSE
SNOW	NYSE
SNX.US	NYSE
SO	NYSE
SOBO	NYSE
SOC	NYSE
SOLV	NYSE
SON	NYSE
SONY	NYSE
SPB	NYSE
SPCE	NYSE
SPG	NYSE
SPGI	NYSE
SPHR	NYSE
SPIR	NYSE
SPOT	NYSE
SPXC	NYSE
SQM	NYSE
SR	NYSE
SRE	NYSE
SRFM	NYSE
SSB	NYSE
SSD	NYSE
SSMR	NYSE
ST	NYSE
STAG	NYSE
STC	NYSE
STDN	NYSE
STE	NYSE
STEM	NYSE
STLA.US	NYSE
STM.US	NYSE
STN	NYSE
STNG	NYSE
STT	NYSE
STUB	NYSE
STVN	NYSE
STWD	NYSE
STZ	NYSE
SU	NYSE
SUI.US	NYSE
SUN	NYSE
SUPV.US	NYSE
SUZ	NYSE
SVV	NYSE
SW	NYSE
SWK	NYSE
SWX	NYSE
SXC	NYSE
SXI	NYSE
SXT.US	NYSE
SYF	NYSE
SYK	NYSE
SYY	NYSE
T.US	NYSE
TAC	NYSE
TAK	NYSE
TAL	NYSE
TALO	NYSE
TAP	NYSE
TBBB	NYSE
TBI	NYSE
TBN	NYSE
TD	NYSE
TDAY	NYSE
TDC	NYSE
TDG	NYSE
TDOC	NYSE
TDS	NYSE
TDW	NYSE
TDY	NYSE
TE	NYSE
TECK	NYSE
TEL.US	NYSE
TEO	NYSE
TEVA	NYSE
TEX	NYSE
TFC	NYSE
TFII	NYSE
TFPM	NYSE
TFX	NYSE
TGLS	NYSE
TGT	NYSE
THC	NYSE
THG	NYSE
THO	NYSE
TIC	NYSE
TIMB	NYSE
TJX	NYSE
TKO	NYSE
TKR	NYSE
TLYS	NYSE
TME	NYSE
TMO	NYSE
TMP	NYSE
TNC	NYSE
TNET	NYSE
TNK	NYSE
TNL	NYSE
TOL	NYSE
TOST	NYSE
TPB	NYSE
TPC	NYSE
TPL	NYSE
TPR	NYSE
TPVG	NYSE
TREX	NYSE
TRGP	NYSE
TRIN	NYSE
TRN.US	NYSE
TRNO	NYSE
TROX	NYSE
TRP	NYSE
TRTX	NYSE
TRU.US	NYSE
TRV	NYSE
TS	NYSE
TSLX	NYSE
TSM	NYSE
TSN	NYSE
TT	NYSE
TTAM	NYSE
TTC	NYSE
TTE	NYSE
TTI	NYSE
TU	NYSE
TV	NYSE
TWLO	NYSE
TX	NYSE
TXNM	NYSE
TXT	NYSE
TYL	NYSE
U	NYSE
UAA	NYSE
UAMY	NYSE
UBER	NYSE
UBS	NYSE
UCB	NYSE
UDR	NYSE
UE	NYSE
UEC	NYSE
UGI	NYSE
UGP	NYSE
UHS	NYSE
UI	NYSE
UIS	NYSE
UL.US	NYSE
ULS	NYSE
UMC	NYSE
UMH	NYSE
UNF	NYSE
UNFI	NYSE
UNH	NYSE
UNM	NYSE
UNP	NYSE
UPS	NYSE
URG	NYSE
URI	NYSE
USAC	NYSE
USB	NYSE
USFD	NYSE
USPH	NYSE
UTI	NYSE
UTL	NYSE
UTZ	NYSE
UUUU	NYSE
UVE	NYSE
UWMC	NYSE
V	NYSE
VAC	NYSE
VAL.US	NYSE
VALE	NYSE
VEEV	NYSE
VET.US	NYSE
VFC	NYSE
VG	NYSE
VIA	NYSE
VICI	NYSE
VIK	NYSE
VIPS	NYSE
VIRT	NYSE
VIST	NYSE
VIV.US	NYSE
VLN	NYSE
VLO	NYSE
VLRS	NYSE
VLTO	NYSE
VMC	NYSE
VMI	NYSE
VMRK	NYSE
VNO	NYSE
VNT	NYSE
VOYA.US	NYSE
VOYG	NYSE
VPG	NYSE
VRT	NYSE
VRTS	NYSE
VSH	NYSE
VST	NYSE
VSTS	NYSE
VSXY	NYSE
VTEX	NYSE
VTMX	NYSE
VTOL	NYSE
VTR	NYSE
VTS	NYSE
VVV.US	NYSE
VVX	NYSE
VYX	NYSE
VZ	NYSE
W.US	NYSE
WAB	NYSE
WAL	NYSE
WAT	NYSE
WBI	NYSE
WBX	NYSE
WCC	NYSE
WCN	NYSE
WD	NYSE
WDS	NYSE
WEAV	NYSE
WEC	NYSE
WELL.US	NYSE
WES	NYSE
WEX	NYSE
WFC	NYSE
WGO	NYSE
WH	NYSE
WHD	NYSE
WHK	NYSE
WHR	NYSE
WIT	NYSE
WK	NYSE
WKC	NYSE
WLK	NYSE
WM	NYSE
WMB	NYSE
WMS	NYSE
WNC	NYSE
WOLF	NYSE
WOR	NYSE
WPC	NYSE
WPM	NYSE
WPP	NYSE
WRB.US	NYSE
WRBY	NYSE
WS	NYSE
WSM	NYSE
WSO	NYSE
WST	NYSE
WTI	NYSE
WTRG	NYSE
WTS	NYSE
WTTR	NYSE
WU	NYSE
WWW	NYSE
WY	NYSE
XHR	NYSE
XIFR	NYSE
XOM	NYSE
XPER	NYSE
XPEV	NYSE
XPO	NYSE
XPOF	NYSE
XPRO	NYSE
XYL	NYSE
XYZ	NYSE
YELP	NYSE
YETI	NYSE
YEXT	NYSE
YMM	NYSE
YOU	NYSE
YPF	NYSE
YSS	NYSE
YUM	NYSE
YUMC	NYSE
ZBH	NYSE
ZEPP	NYSE
ZETA.US	NYSE
ZGN	NYSE
ZH	NYSE
ZIM	NYSE
ZIP	NYSE
ZTO	NYSE
ZTS	NYSE
ZWS	NYSE
0B2.DE	Frankfurt
1U1.DE	Frankfurt
22UA.DE	Frankfurt
2M6.DE	Frankfurt
8TRA.DE	Frankfurt
AAPL.EUR	Frankfurt
ABS2.DE	Frankfurt
ACT.DE	Frankfurt
ADN1.DE	Frankfurt
ADS.DE	Frankfurt
AEIN.DE	Frankfurt
AFX.DE	Frankfurt
AG1.DE	Frankfurt
AIXA.DE	Frankfurt
ALI1.DE	Frankfurt
ALV.DE	Frankfurt
AMD.EUR	Frankfurt
AMV0.DE	Frankfurt
AMZN.EUR	Frankfurt
AOF.DE	Frankfurt
AT1.DE	Frankfurt
AVGO.EUR	Frankfurt
AZ2.DE	Frankfurt
BAS.DE	Frankfurt
BAYN.DE	Frankfurt
BC8.DE	Frankfurt
BEI.DE	Frankfurt
BFSA.DE	Frankfurt
BMW.DE	Frankfurt
BNR.DE	Frankfurt
BOSS.DE	Frankfurt
BSL.DE	Frankfurt
CBK.DE	Frankfurt
CON.DE	Frankfurt
CWC.DE	Frankfurt
DB1.DE	Frankfurt
DBAN.DE	Frankfurt
DBK.DE	Frankfurt
DEF.DE	Frankfurt
DEQ.DE	Frankfurt
DEZ.DE	Frankfurt
DHER.DE	Frankfurt
DHL.DE	Frankfurt
DMP.DE	Frankfurt
DOU.DE	Frankfurt
DTE.DE	Frankfurt
DTG.DE	Frankfurt
DUE.DE	Frankfurt
DWS.DE	Frankfurt
EBO.DE	Frankfurt
EIN.DE	Frankfurt
ELG.DE	Frankfurt
ENR.DE	Frankfurt
EOAN.DE	Frankfurt
EVD.DE	Frankfurt
EVK.DE	Frankfurt
EVT.DE	Frankfurt
EXL.DE	Frankfurt
FIE.DE	Frankfurt
FME.DE	Frankfurt
FNTN.DE	Frankfurt
FPE.DE	Frankfurt
FRA.DE	Frankfurt
FRE.DE	Frankfurt
FTK.DE	Frankfurt
FYB.DE	Frankfurt
G1A.DE	Frankfurt
G24.DE	Frankfurt
GBF.DE	Frankfurt
GFT.DE	Frankfurt
GLJ.DE	Frankfurt
GOOG.EUR	Frankfurt
GXI.DE	Frankfurt
GYC.DE	Frankfurt
HABA.DE	Frankfurt
HAG.DE	Frankfurt
HBH.DE	Frankfurt
HDD.DE	Frankfurt
HEI.DE	Frankfurt
HEN3.DE	Frankfurt
HFG.DE	Frankfurt
HLAG.DE	Frankfurt
HLE.DE	Frankfurt
HNR1.DE	Frankfurt
HOT.DE	Frankfurt
HYQ.DE	Frankfurt
IFX.DE	Frankfurt
ILM1.DE	Frankfurt
INH.DE	Frankfurt
INS.DE	Frankfurt
IOS.DE	Frankfurt
IXX.DE	Frankfurt
JEN.DE	Frankfurt
JST.DE	Frankfurt
JUN3.DE	Frankfurt
KBX.DE	Frankfurt
KCO.DE	Frankfurt
KGX.DE	Frankfurt
KRN.DE	Frankfurt
KSB3.DE	Frankfurt
KTN.DE	Frankfurt
KWS.DE	Frankfurt
LEG.DE	Frankfurt
LEN.DE	Frankfurt
LHA.DE	Frankfurt
LIN.DE	Frankfurt
LPK.DE	Frankfurt
LXS.DE	Frankfurt
MBB.DE	Frankfurt
MBG.DE	Frankfurt
META.EUR	Frankfurt
MLP.DE	Frankfurt
MRK.DE	Frankfurt
MSFT.EUR	Frankfurt
MTX.DE	Frankfurt
MUV2.DE	Frankfurt
MUX.DE	Frankfurt
NA9.DE	Frankfurt
NDA.DE	Frankfurt
NDX1.DE	Frankfurt
NEM.DE	Frankfurt
NP5.DE	Frankfurt
NVDA.EUR	Frankfurt
OEWA.DE	Frankfurt
OHB.DE	Frankfurt
PAH3.DE	Frankfurt
PAT.DE	Frankfurt
PCZ.DE	Frankfurt
PLTR.EUR	Frankfurt
PNE3.DE	Frankfurt
PSM.DE	Frankfurt
PUM.DE	Frankfurt
QIA.DE	Frankfurt
R3NK.DE	Frankfurt
RAA.DE	Frankfurt
RAW.DE	Frankfurt
RHM.DE	Frankfurt
RRTL.DE	Frankfurt
RWE.DE	Frankfurt
RY4C.DE	Frankfurt
S92.DE	Frankfurt
SAP.DE	Frankfurt
SAV.DE	Frankfurt
SAX.DE	Frankfurt
SBS.DE	Frankfurt
SDF.DE	Frankfurt
SFQ.DE	Frankfurt
SGL.DE	Frankfurt
SHA0.DE	Frankfurt
SHL.DE	Frankfurt
SIE.DE	Frankfurt
SIX2.DE	Frankfurt
SLL.DE	Frankfurt
SMHN.DE	Frankfurt
STM.DE	Frankfurt
SY1.DE	Frankfurt
SZG.DE	Frankfurt
SZU.DE	Frankfurt
TA1.DE	Frankfurt
TEG.DE	Frankfurt
TIMA.DE	Frankfurt
TKA.DE	Frankfurt
TKMS.DE	Frankfurt
TLX.DE	Frankfurt
TMV.DE	Frankfurt
TNIE.DE	Frankfurt
TPE.DE	Frankfurt
TSLA.EUR	Frankfurt
TUI1.DE	Frankfurt
UN0.DE	Frankfurt
UTDI.DE	Frankfurt
VBK.DE	Frankfurt
VH2.DE	Frankfurt
VNA.DE	Frankfurt
VOS.DE	Frankfurt
VOW.DE	Frankfurt
VOW3.DE	Frankfurt
WAC.DE	Frankfurt
WAF.DE	Frankfurt
WCH.DE	Frankfurt
WIB.DE	Frankfurt
YSN.DE	Frankfurt
ZAL.DE	Frankfurt
74SW.PA	Paris
ABVX.PA	Paris
AC.PA	Paris
ACA.PA	Paris
ADP.PA	Paris
AF.PA	Paris
AI.PA	Paris
AIR.PA	Paris
AKE.PA	Paris
ALCGM.PA	Paris
ALCOX.PA	Paris
ALO.PA	Paris
ALSEN.PA	Paris
AM.PA	Paris
AMUN.PA	Paris
ANTIN.PA	Paris
ARG.PA	Paris
ATE.PA	Paris
ATO.PA	Paris
AUB.PA	Paris
AYV.PA	Paris
BEN.PA	Paris
BIM.PA	Paris
BN.PA	Paris
BNP.PA	Paris
BVI.PA	Paris
CA.PA	Paris
CAP.PA	Paris
COFA.PA	Paris
COTY.PA	Paris
COV.PA	Paris
CS.PA	Paris
DEC.PA	Paris
DG.PA	Paris
DIM.PA	Paris
DSY.PA	Paris
EDEN.PA	Paris
EL.PA	Paris
ELIOR.PA	Paris
ELIS.PA	Paris
EN.PA	Paris
ENGI.PA	Paris
ENX.PA	Paris
ERF.PA	Paris
ETL.PA	Paris
EXA.PA	Paris
EXENS.PA	Paris
FDJU.PA	Paris
FGR.PA	Paris
FR.PA	Paris
FRVIA.PA	Paris
GET.PA	Paris
GFC.PA	Paris
GLE.PA	Paris
GTT.PA	Paris
HO.PA	Paris
ICAD.PA	Paris
IDL.PA	Paris
IPN.PA	Paris
IVA.PA	Paris
KER.PA	Paris
LI.PA	Paris
LR.PA	Paris
MC.PA	Paris
MEDCL.PA	Paris
MERY.PA	Paris
MF.PA	Paris
ML.PA	Paris
MRN.PA	Paris
NANO.PA	Paris
NEX.PA	Paris
OPM.PA	Paris
OR.PA	Paris
ORA.PA	Paris
PLNW.PA	Paris
PLX.PA	Paris
PUB.PA	Paris
RCO.PA	Paris
RI.PA	Paris
RMS.PA	Paris
RNO.PA	Paris
RXL.PA	Paris
SAF.PA	Paris
SAN.PA	Paris
SCR.PA	Paris
SESG.PA	Paris
SGO.PA	Paris
SIGHT.PA	Paris
SK.PA	Paris
SOI.PA	Paris
SOP.PA	Paris
SPIE.PA	Paris
STLAP.PA	Paris
STMPA.PA	Paris
SU.PA	Paris
SW.PA	Paris
TE.PA	Paris
TEP.PA	Paris
TFF.PA	Paris
TFI.PA	Paris
TKO.PA	Paris
TRI.PA	Paris
TTE.PA	Paris
UBI.PA	Paris
URW.PA	Paris
VCT.PA	Paris
VIE.PA	Paris
VIRI.PA	Paris
VIRP.PA	Paris
VIV.PA	Paris
VK.PA	Paris
VLTSA.PA	Paris
VRLA.PA	Paris
VU.PA	Paris
WLN.PA	Paris
XFAB.PA	Paris
A2M.ASX	Sydney
ABB.ASX	Sydney
AD8.ASX	Sydney
AGL.ASX	Sydney
AIA.ASX	Sydney
ALD.ASX	Sydney
ALL.ASX	Sydney
ALQ.ASX	Sydney
ALX.ASX	Sydney
AMC.ASX	Sydney
AMP.ASX	Sydney
ANN.ASX	Sydney
ANZ.ASX	Sydney
AOV.ASX	Sydney
APA.ASX	Sydney
APE.ASX	Sydney
ARB.ASX	Sydney
ARF.ASX	Sydney
ASX.ASX	Sydney
AUB.ASX	Sydney
AX1.ASX	Sydney
AZJ.ASX	Sydney
BAP.ASX	Sydney
BEN.ASX	Sydney
BGA.ASX	Sydney
BGL.ASX	Sydney
BHP.ASX	Sydney
BMN.ASX	Sydney
BOE.ASX	Sydney
BOQ.ASX	Sydney
BPT.ASX	Sydney
BRG.ASX	Sydney
BSL.ASX	Sydney
BWP.ASX	Sydney
BXB.ASX	Sydney
CAR.ASX	Sydney
CBA.ASX	Sydney
CCP.ASX	Sydney
CDA.ASX	Sydney
CGF.ASX	Sydney
CHC.ASX	Sydney
CHN.ASX	Sydney
CIA.ASX	Sydney
CIP.ASX	Sydney
CKF.ASX	Sydney
CLW.ASX	Sydney
CMM.ASX	Sydney
COH.ASX	Sydney
COL.ASX	Sydney
CPU.ASX	Sydney
CQE.ASX	Sydney
CQR.ASX	Sydney
CRN.ASX	Sydney
CSL.ASX	Sydney
CWY.ASX	Sydney
CXO.ASX	Sydney
DDR.ASX	Sydney
DMP.ASX	Sydney
DNL.ASX	Sydney
DOW.ASX	Sydney
DRO.ASX	Sydney
DRR.ASX	Sydney
DTL.ASX	Sydney
DVP.ASX	Sydney
DXS.ASX	Sydney
EDV.ASX	Sydney
ELD.ASX	Sydney
ELV.ASX	Sydney
EMR.ASX	Sydney
EVN.ASX	Sydney
EVT.ASX	Sydney
FBU.ASX	Sydney
FLT.ASX	Sydney
FMG.ASX	Sydney
FPH.ASX	Sydney
GMD.ASX	Sydney
GMG.ASX	Sydney
GNC.ASX	Sydney
GOZ.ASX	Sydney
GPT.ASX	Sydney
HDN.ASX	Sydney
HLI.ASX	Sydney
HLS.ASX	Sydney
HMC.ASX	Sydney
HUB.ASX	Sydney
HVN.ASX	Sydney
IAG.ASX	Sydney
IDX.ASX	Sydney
IEL.ASX	Sydney
IGO.ASX	Sydney
ILU.ASX	Sydney
IMD.ASX	Sydney
INA.ASX	Sydney
ING.ASX	Sydney
IPH.ASX	Sydney
IRE.ASX	Sydney
JBH.ASX	Sydney
JHX.ASX	Sydney
JIN.ASX	Sydney
KAR.ASX	Sydney
KGN.ASX	Sydney
KLS.ASX	Sydney
LIC.ASX	Sydney
LLC.ASX	Sydney
LOV.ASX	Sydney
LTR.ASX	Sydney
LYC.ASX	Sydney
MAQ.ASX	Sydney
MFG.ASX	Sydney
MGR.ASX	Sydney
MIN.ASX	Sydney
MMS.ASX	Sydney
MND.ASX	Sydney
MP1.ASX	Sydney
MPL.ASX	Sydney
MQG.ASX	Sydney
MTS.ASX	Sydney
MYR.ASX	Sydney
NAB.ASX	Sydney
NAN.ASX	Sydney
NCK.ASX	Sydney
NEC.ASX	Sydney
NEU.ASX	Sydney
NHC.ASX	Sydney
NHF.ASX	Sydney
NIC.ASX	Sydney
NST.ASX	Sydney
NUF.ASX	Sydney
NWH.ASX	Sydney
NWL.ASX	Sydney
NWS.ASX	Sydney
NXT.ASX	Sydney
ORA.ASX	Sydney
ORG.ASX	Sydney
ORI.ASX	Sydney
PDN.ASX	Sydney
PLS.ASX	Sydney
PME.ASX	Sydney
PMV.ASX	Sydney
PNI.ASX	Sydney
PNV.ASX	Sydney
PPT.ASX	Sydney
PRU.ASX	Sydney
PWH.ASX	Sydney
PXA.ASX	Sydney
QAN.ASX	Sydney
QBE.ASX	Sydney
RDX.ASX	Sydney
REA.ASX	Sydney
REH.ASX	Sydney
RGN.ASX	Sydney
RHC.ASX	Sydney
RIC.ASX	Sydney
RIO.ASX	Sydney
RMD.ASX	Sydney
RMS.ASX	Sydney
RRL.ASX	Sydney
RWC.ASX	Sydney
S32.ASX	Sydney
SCG.ASX	Sydney
SDF.ASX	Sydney
SDR.ASX	Sydney
SEK.ASX	Sydney
SFR.ASX	Sydney
SGH.ASX	Sydney
SGM.ASX	Sydney
SGP.ASX	Sydney
SHL.ASX	Sydney
SIG.ASX	Sydney
SIQ.ASX	Sydney
SLX.ASX	Sydney
SMR.ASX	Sydney
STO.ASX	Sydney
SUL.ASX	Sydney
SUN.ASX	Sydney
SYR.ASX	Sydney
TAH.ASX	Sydney
TCL.ASX	Sydney
TLC.ASX	Sydney
TLS.ASX	Sydney
TLX.ASX	Sydney
TNE.ASX	Sydney
TPG.ASX	Sydney
TPW.ASX	Sydney
TWE.ASX	Sydney
VAU.ASX	Sydney
VCX.ASX	Sydney
VEA.ASX	Sydney
VNT.ASX	Sydney
VUL.ASX	Sydney
WA1.ASX	Sydney
WAF.ASX	Sydney
WBC.ASX	Sydney
WDS.ASX	Sydney
WEB.ASX	Sydney
WES.ASX	Sydney
WGX.ASX	Sydney
WHC.ASX	Sydney
WOR.ASX	Sydney
WOW.ASX	Sydney
WPR.ASX	Sydney
WTC.ASX	Sydney
XRO.ASX	Sydney
YAL.ASX	Sydney
AAK.ST	Stockholm
AFRY.ST	Stockholm
ALFA.ST	Stockholm
ALLEI.ST	Stockholm
AXFO.ST	Stockholm
BILL.ST	Stockholm
BOL.ST	Stockholm
CAMX.ST	Stockholm
CAST.ST	Stockholm
CATE.ST	Stockholm
DOM.ST	Stockholm
EQT.ST	Stockholm
EVO.ST	Stockholm
FABG.ST	Stockholm
HACK.ST	Stockholm
HEM.ST	Stockholm
HTRO.ST	Stockholm
INDT.ST	Stockholm
INTRUM.ST	Stockholm
LOOMIS.ST	Stockholm
LUG.ST	Stockholm
LUMI.ST	Stockholm
MILDEF.ST	Stockholm
MIPS.ST	Stockholm
MTRS.ST	Stockholm
NCAB.ST	Stockholm
NP3.ST	Stockholm
SAND.ST	Stockholm
SAVE.ST	Stockholm
SINCH.ST	Stockholm
SOBI.ST	Stockholm
SYNSAM.ST	Stockholm
SYSR.ST	Stockholm
TELIA.ST	Stockholm
THULE.ST	Stockholm
TROAX.ST	Stockholm
VIMIAN.ST	Stockholm
WIHL.ST	Stockholm
YUBICO.ST	Stockholm
0386.HK	Hong Kong
0656.HK	Hong Kong
0688.HK	Hong Kong
0700.HK	Hong Kong
0753.HK	Hong Kong
0902.HK	Hong Kong
0914.HK	Hong Kong
0916.HK	Hong Kong
0968.HK	Hong Kong
0992.HK	Hong Kong
0998.HK	Hong Kong
1024.HK	Hong Kong
1038.HK	Hong Kong
1044.HK	Hong Kong
1071.HK	Hong Kong
1072.HK	Hong Kong
1088.HK	Hong Kong
1099.HK	Hong Kong
1109.HK	Hong Kong
1138.HK	Hong Kong
1157.HK	Hong Kong
1171.HK	Hong Kong
1179.HK	Hong Kong
1193.HK	Hong Kong
1209.HK	Hong Kong
1288.HK	Hong Kong
1299.HK	Hong Kong
1308.HK	Hong Kong
1318.HK	Hong Kong
1339.HK	Hong Kong
1347.HK	Hong Kong
1378.HK	Hong Kong
1519.HK	Hong Kong
1530.HK	Hong Kong
1585.HK	Hong Kong
1698.HK	Hong Kong
1772.HK	Hong Kong
1787.HK	Hong Kong
1797.HK	Hong Kong
1801.HK	Hong Kong
1810.HK	Hong Kong
1816.HK	Hong Kong
1818.HK	Hong Kong
1833.HK	Hong Kong
1876.HK	Hong Kong
1880.HK	Hong Kong
1898.HK	Hong Kong
1913.HK	Hong Kong
1919.HK	Hong Kong
1929.HK	Hong Kong
1958.HK	Hong Kong
1997.HK	Hong Kong
2007.HK	Hong Kong
2013.HK	Hong Kong
2015.HK	Hong Kong
2057.HK	Hong Kong
2202.HK	Hong Kong
2238.HK	Hong Kong
2268.HK	Hong Kong
2318.HK	Hong Kong
2328.HK	Hong Kong
2331.HK	Hong Kong
2333.HK	Hong Kong
2338.HK	Hong Kong
2359.HK	Hong Kong
2367.HK	Hong Kong
2423.HK	Hong Kong
2513.HK	Hong Kong
2588.HK	Hong Kong
2600.HK	Hong Kong
2601.HK	Hong Kong
2611.HK	Hong Kong
2618.HK	Hong Kong
2628.HK	Hong Kong
2727.HK	Hong Kong
2883.HK	Hong Kong
2899.HK	Hong Kong
3311.HK	Hong Kong
3323.HK	Hong Kong
3328.HK	Hong Kong
3347.HK	Hong Kong
3606.HK	Hong Kong
3692.HK	Hong Kong
3750.HK	Hong Kong
3759.HK	Hong Kong
3800.HK	Hong Kong
3808.HK	Hong Kong
3888.HK	Hong Kong
3898.HK	Hong Kong
3988.HK	Hong Kong
3998.HK	Hong Kong
6030.HK	Hong Kong
6055.HK	Hong Kong
6066.HK	Hong Kong
6099.HK	Hong Kong
6160.HK	Hong Kong
6181.HK	Hong Kong
6185.HK	Hong Kong
6186.HK	Hong Kong
6618.HK	Hong Kong
6690.HK	Hong Kong
6969.HK	Hong Kong
6990.HK	Hong Kong
9618.HK	Hong Kong
9626.HK	Hong Kong
9633.HK	Hong Kong
9660.HK	Hong Kong
9696.HK	Hong Kong
9863.HK	Hong Kong
9866.HK	Hong Kong
9868.HK	Hong Kong
9888.HK	Hong Kong
9896.HK	Hong Kong
9901.HK	Hong Kong
9926.HK	Hong Kong
9961.HK	Hong Kong
9988.HK	Hong Kong
9992.HK	Hong Kong
9999.HK	Hong Kong
AKRBP.OL	Oslo
AKSO.OL	Oslo
AUTO.OL	Oslo
BWLPG.OL	Oslo
DNB.OL	Oslo
EQNR.OL	Oslo
FRO.OL	Oslo
GJF.OL	Oslo
HSHP.OL	Oslo
KOG.OL	Oslo
NEL.OL	Oslo
NHY.OL	Oslo
NOD.OL	Oslo
ODFB.OL	Oslo
STB.OL	Oslo
SUBC.OL	Oslo
TEL.OL	Oslo
TGS.OL	Oslo
VAR.OL	Oslo
AMP.MI	Milan
ARIS.MI	Milan
BAMI.MI	Milan
BC.MI	Milan
BGN.MI	Milan
BMED.MI	Milan
BMPS.MI	Milan
BPE.MI	Milan
BRE.MI	Milan
BZU.MI	Milan
CPR.MI	Milan
CRL.MI	Milan
DIA.MI	Milan
DLG.MI	Milan
EGLA.MI	Milan
ENAV.MI	Milan
ENEL.MI	Milan
ENI.MI	Milan
FBK.MI	Milan
FCT.MI	Milan
G.MI	Milan
GVS.MI	Milan
ICOS.MI	Milan
IG.MI	Milan
INW.MI	Milan
IP.MI	Milan
ISP.MI	Milan
ITM.MI	Milan
LDO.MI	Milan
LTMC.MI	Milan
MAIRE.MI	Milan
MB.MI	Milan
MONC.MI	Milan
NEXI.MI	Milan
PIRC.MI	Milan
PRY.MI	Milan
PST.MI	Milan
RACE.MI	Milan
REC.MI	Milan
REY.MI	Milan
RWAY.MI	Milan
SES.MI	Milan
SFER.MI	Milan
SPM.MI	Milan
SRG.MI	Milan
STLAM.MI	Milan
STMMI.MI	Milan
TEN.MI	Milan
TGYM.MI	Milan
TIT.MI	Milan
TPRO.MI	Milan
TRN.MI	Milan
UCG.MI	Milan
UNI.MI	Milan
ZV.MI	Milan
ABBN.ZU	Zurich
ACLN.ZU	Zurich
ADEN.ZU	Zurich
ALC.ZU	Zurich
AMRZ.ZU	Zurich
AMS.ZU	Zurich
AVOL.ZU	Zurich
BAER.ZU	Zurich
BARN.ZU	Zurich
BEAN.ZU	Zurich
BUCN.ZU	Zurich
CFR.ZU	Zurich
CLN.ZU	Zurich
DAE.ZU	Zurich
DKSH.ZU	Zurich
EMSN.ZU	Zurich
FHZN.ZU	Zurich
GALD.ZU	Zurich
GALE.ZU	Zurich
GEBN.ZU	Zurich
GIVN.ZU	Zurich
HOLN.ZU	Zurich
KNIN.ZU	Zurich
LAND.ZU	Zurich
LISN.ZU	Zurich
LOGN.ZU	Zurich
LONN.ZU	Zurich
NESN.ZU	Zurich
NOVN.ZU	Zurich
OERL.ZU	Zurich
PGHN.ZU	Zurich
PPGN.ZU	Zurich
PSPN.ZU	Zurich
ROP.ZU	Zurich
SCHP.ZU	Zurich
SCMN.ZU	Zurich
SDZ.ZU	Zurich
SGSN.ZU	Zurich
SIKA.ZU	Zurich
SLHN.ZU	Zurich
SMG.ZU	Zurich
SOON.ZU	Zurich
SPSN.ZU	Zurich
SQN.ZU	Zurich
SRAIL.ZU	Zurich
SREN.ZU	Zurich
STMN.ZU	Zurich
TECN.ZU	Zurich
TEMN.ZU	Zurich
UBSG.ZU	Zurich
UHR.ZU	Zurich
VACN.ZU	Zurich
ZURN.ZU	Zurich
AALB.NV	Amsterdam
ABN.NV	Amsterdam
AD.NV	Amsterdam
ADYEN.NV	Amsterdam
AGN.NV	Amsterdam
AKZA.NV	Amsterdam
ALFEN.NV	Amsterdam
APAM.NV	Amsterdam
ARCAD.NV	Amsterdam
ASM.NV	Amsterdam
ASML.NV	Amsterdam
ASRNL.NV	Amsterdam
AVTX.NV	Amsterdam
AXS.NV	Amsterdam
BAMNB.NV	Amsterdam
BESI.NV	Amsterdam
BFIT.NV	Amsterdam
BNJ.NV	Amsterdam
CCEP.NV	Amsterdam
CRBN.NV	Amsterdam
CSG.NV	Amsterdam
CTPNV.NV	Amsterdam
CVC.NV	Amsterdam
DSFIR.NV	Amsterdam
ECMPA.NV	Amsterdam
FAST.NV	Amsterdam
FER.NV	Amsterdam
FUR.NV	Amsterdam
HEIA.NV	Amsterdam
IMCD.NV	Amsterdam
INGA.NV	Amsterdam
KPN.NV	Amsterdam
LIGHT.NV	Amsterdam
LKFT.NV	Amsterdam
MICC.NV	Amsterdam
MT.NV	Amsterdam
NN.NV	Amsterdam
NSI.NV	Amsterdam
OCI.NV	Amsterdam
PHIA.NV	Amsterdam
PNL.NV	Amsterdam
PRX.NV	Amsterdam
RAND.NV	Amsterdam
REN.NV	Amsterdam
SBMO.NV	Amsterdam
SHELL.NV	Amsterdam
SLIGR.NV	Amsterdam
THEON.NV	Amsterdam
TWEKA.NV	Amsterdam
UMG.NV	Amsterdam
UNA.NV	Amsterdam
VPK.NV	Amsterdam
WKL.NV	Amsterdam
ABI.BR	Brussels
AGS.BR	Brussels
ARGX.BR	Brussels
AZE.BR	Brussels
CENER.BR	Brussels
COLR.BR	Brussels
DIE.BR	Brussels
ELI.BR	Brussels
KBC.BR	Brussels
MELE.BR	Brussels
NYXH.BR	Brussels
PROX.BR	Brussels
SHUR.BR	Brussels
SOLB.BR	Brussels
TESB.BR	Brussels
UCB.BR	Brussels
UMI.BR	Brussels
ELISA.HE	Helsinki
FORTUM.HE	Helsinki
HUH1V.HE	Helsinki
KNEBV.HE	Helsinki
METSO.HE	Helsinki
NESTE.HE	Helsinki
NOKIA.HE	Helsinki
OUT1V.HE	Helsinki
SAMPO.HE	Helsinki
SSABAH.HE	Helsinki
STERV.HE	Helsinki
UPM.HE	Helsinki
WRT1V.HE	Helsinki
ALMB.CO	Copenhagen
DANSKE.CO	Copenhagen
DEMANT.CO	Copenhagen
DSV.CO	Copenhagen
FLS.CO	Copenhagen
GMAB.CO	Copenhagen
ACS.MC	Madrid
ACX.MC	Madrid
AENA.MC	Madrid
AMS.MC	Madrid
ANA.MC	Madrid
ANE.MC	Madrid
BBVA.MC	Madrid
BKT.MC	Madrid
CABK.MC	Madrid
CLNX.MC	Madrid
COL.MC	Madrid
ELE.MC	Madrid
ENG.MC	Madrid
FCC.MC	Madrid
FDR.MC	Madrid
FER.MC	Madrid
GRE.MC	Madrid
IBE.MC	Madrid
IDR.MC	Madrid
ITX.MC	Madrid
MAP.MC	Madrid
MEL.MC	Madrid
MRL.MC	Madrid
MTS.MC	Madrid
NTGY.MC	Madrid
PHM.MC	Madrid
RED.MC	Madrid
REP.MC	Madrid
SAB.MC	Madrid
SAN.MC	Madrid
SCYR.MC	Madrid
TEF.MC	Madrid
UNI.MC	Madrid
VID.MC	Madrid
VIS.MC	Madrid
AAF.L	London
AAL.L	London
ABDN.L	London
ABF.L	London
ADM.L	London
AEP.L	London
AJB.L	London
ALFA.L	London
AML.L	London
ANTO.L	London
AO.L	London
ASC.L	London
ASHM.L	London
ATG.L	London
ATYM.L	London
AUTO.L	London
AV.L	London
AVAP.L	London
AVON.L	London
AZN.L	London
BA.L	London
BAB.L	London
BAG.L	London
BARC.L	London
BATS.L	London
BBOX.L	London
BBY.L	London
BGEO.L	London
BHP.L	London
BKG.L	London
BLND.L	London
BME.L	London
BMS.L	London
BMY.L	London
BNZL.L	London
BOOT.L	London
BOWL.L	London
BOY.L	London
BP.L	London
BPT.L	London
BRBY.L	London
BRK.L	London
BTRW.L	London
BWY.L	London
BYG.L	London
BYIT.L	London
CBG.L	London
CCC.L	London
CCH.L	London
CGS.L	London
CKN.L	London
CNA.L	London
COA.L	London
COST.L	London
CPI.L	London
CRDA.L	London
CRST.L	London
CSN.L	London
CTEC.L	London
CURY.L	London
CWK.L	London
DCC.L	London
DEC.L	London
DFS.L	London
DGE.L	London
DLN.L	London
DNLM.L	London
DOCS.L	London
DOM.L	London
DPLM.L	London
DRX.L	London
ECOR.L	London
EDV.L	London
ELIX.L	London
ELM.L	London
EMG.L	London
ENOG.L	London
ENQ.L	London
ENT.L	London
ESNT.L	London
EVOK.L	London
EXPN.L	London
EZJ.L	London
FAN.L	London
FCH.L	London
FDM.L	London
FGP.L	London
FORT.L	London
FRES.L	London
FSG.L	London
FSJ.L	London
FUTR.L	London
FVA.L	London
FXPO.L	London
GAW.L	London
GEN.L	London
GFRD.L	London
GFTU.L	London
GKP.L	London
GLE.L	London
GLEN.L	London
GNC.L	London
GNS.L	London
GPE.L	London
GRG.L	London
GRI.L	London
GROW.L	London
GSK.L	London
GYM.L	London
HAS.L	London
HBR.L	London
HFD.L	London
HHPD.L	London
HICL.L	London
HIK.L	London
HILS.L	London
HLCL.L	London
HLMA.L	London
HMSO.L	London
HOC.L	London
HSBA.L	London
HSW.L	London
HSX.L	London
HTG.L	London
HTWS.L	London
HWDN.L	London
HWG.L	London
IAG.L	London
IBST.L	London
ICG.L	London
IGG.L	London
IHP.L	London
III.L	London
IMB.L	London
IMI.L	London
INCH.L	London
INF.L	London
ITRK.L	London
ITV.L	London
IWG.L	London
JD.L	London
JDW.L	London
JMAT.L	London
JUP.L	London
KAP.L	London
KGF.L	London
KIE.L	London
KLR.L	London
KNOS.L	London
LAND.L	London
LGEN.L	London
LIO.L	London
LIVE.L	London
LLOY.L	London
LMP.L	London
LRE.L	London
LSEG.L	London
LUCE.L	London
MAB.L	London
MAB1.L	London
MACF.L	London
MARS.L	London
MCG.L	London
MER.L	London
MGAM.L	London
MICC.L	London
MKS.L	London
MNDI.L	London
MNG.L	London
MONY.L	London
MOTR.L	London
MRO.L	London
MSLH.L	London
MTO.L	London
MTRO.L	London
N91.L	London
NCC.L	London
NG.L	London
NRR.L	London
NWG.L	London
NXR.L	London
NXT.L	London
OCDO.L	London
ONT.L	London
OSB.L	London
OTB.L	London
OXB.L	London
OXIG.L	London
PAF.L	London
PAG.L	London
PAGE.L	London
PBEE.L	London
PETS.L	London
PFD.L	London
PHP.L	London
PINE.L	London
PLUS.L	London
PNN.L	London
PPH.L	London
PROC.L	London
PRU.L	London
PRV.L	London
PSN.L	London
PSON.L	London
PTEC.L	London
PZC.L	London
QLT.L	London
QQ.L	London
RAT.L	London
RCH.L	London
REL.L	London
RHIM.L	London
RIO.L	London
RKT.L	London
RMV.L	London
RNK.L	London
ROR.L	London
RPI.L	London
RR.L	London
RS1.L	London
RSG.L	London
RSW.L	London
RTO.L	London
SAFE.L	London
SAGA.L	London
SBRE.L	London
SBRY.L	London
SCT.L	London
SDLF.L	London
SDY.L	London
SEIT.L	London
SEPL.L	London
SFR.L	London
SGE.L	London
SGRO.L	London
SHC.L	London
SHEL.L	London
SHI.L	London
SMIN.L	London
SMSD.L	London
SMSN.L	London
SMWH.L	London
SN.L	London
SNWS.L	London
SPX.L	London
SRAD.L	London
SRE.L	London
SRP.L	London
SSE.L	London
SSPG.L	London
STAN.L	London
STJ.L	London
SUNB.L	London
SUS.L	London
SVS.L	London
SVT.L	London
SWC.L	London
SYNT.L	London
TATE.L	London
TCAP.L	London
TEP.L	London
THG.L	London
THRL.L	London
TLW.L	London
TPK.L	London
TRI.L	London
TRN.L	London
TRST.L	London
TSCO.L	London
TW.L	London
ULVR.L	London
UTG.L	London
UU.L	London
VALT.L	London
VANQ.L	London
VCT.L	London
VLX.L	London
VOD.L	London
VSVS.L	London
VTY.L	London
WEIR.L	London
WIL.L	London
WISE.L	London
WIX.L	London
WIZZ.L	London
WKP.L	London
WOSG.L	London
WPP.L	London
WTB.L	London
XAR.L	London
XPP.L	London
XPS.L	London
ZEG.L	London
ZIG.L	London
ZTF.L	London
4BB.L	London AIM
ABDP.L	London AIM
ACSO.L	London AIM
AET.L	London AIM
ALL.L	London AIM
AXS.L	London AIM
BKS.L	London AIM
BOKU.L	London AIM
BRCK.L	London AIM
BTG.L	London AIM
CAML.L	London AIM
CER.L	London AIM
CHRT.L	London AIM
CNC.L	London AIM
DOTD.L	London AIM
DXRX.L	London AIM
EAAS.L	London AIM
ECO.L	London AIM
EEE.L	London AIM
FARN.L	London AIM
FDEV.L	London AIM
FEVR.L	London AIM
FLO.L	London AIM
FRP.L	London AIM
GFM.L	London AIM
GGP.L	London AIM
GHH.L	London AIM
GMR.L	London AIM
HCM.L	London AIM
IES.L	London AIM
IOM.L	London AIM
KETL.L	London AIM
KGH.L	London AIM
KIST.L	London AIM
LBG.L	London AIM
MANO.L	London AIM
MIDW.L	London AIM
MPE.L	London AIM
NICL.L	London AIM
NWF.L	London AIM
PGH.L	London AIM
POLR.L	London AIM
PRO.L	London AIM
RKH.L	London AIM
SAA.L	London AIM
SDI.L	London AIM
SRC.L	London AIM
TAM.L	London AIM
THS.L	London AIM
THX.L	London AIM
TIG.L	London AIM
TRCS.L	London AIM
ULTP.L	London AIM
VIC.L	London AIM
CBOE	Chicago
