ABTC	American Bitcoin Corp	analyst_targets_A.txt
ACLX.CVR	ACLX Merger CVR	analyst_targets_A.txt
ADVM CVR	ADVM CVR	analyst_targets_A.txt
AIHS	Senmiao Technology Ltd	analyst_targets_A.txt
AIXC	AIxCrypto Holdings Inc	analyst_targets_A.txt
AKRO.CVR	AKRO.CVR	analyst_targets_A.txt
AONC	American Oncology Network Inc	analyst_targets_A.txt
APLS.CVR	APLS Merger CVR	analyst_targets_A.txt
APLT.CVR	APLT Merger CVR	analyst_targets_A.txt
PRESIGHT.DH	Presight AI Holding PLC	analyst_targets_ABUDHABI.txt
BSGR.NV	B&S Group SA	analyst_targets_AMSTERDAM.txt
EARTH.NV	Green Earth Group NV	analyst_targets_AMSTERDAM.txt
HAVAS.NV	Havas Bv	analyst_targets_AMSTERDAM.txt
TKWY.NV	Just Eat Takeaway.com NV	analyst_targets_AMSTERDAM.txt
BBBYW	Neighborhood Intelligence Incorporation Warrant	analyst_targets_B.txt
BOXL	Boxlight Corp	analyst_targets_B.txt
BTTC	Black Titan Corp	analyst_targets_B.txt
WHATS.BR	Whats Cooking Group NV	analyst_targets_BRUSSELS.txt
CDT	CDT Equity Inc	analyst_targets_C.txt
CKPT CVR	CKPT CVR	analyst_targets_C.txt
CLRS	Clear Street Group Inc	analyst_targets_C.txt
CNTA.CVR	CNTA CVR	analyst_targets_C.txt
CVR GBIO	Generation Bio Co CVR	analyst_targets_C.txt
CVR.AVDL	Avadel Pharmaceuticals CVR	analyst_targets_C.txt
BAVA.CO	Bavarian Nordic A/S	analyst_targets_COPENHAGEN.txt
EHLD	Euro-Holdings Ltd	analyst_targets_E.txt
EJH	E-Home Household Service	analyst_targets_E.txt
EPIX CVR	EPIX CVR Merger	analyst_targets_E.txt
ESPR CVR	ESPERION THERAPEUTICS-CVR	analyst_targets_E.txt
ETNB CVR	ETNB CVR Merger	analyst_targets_E.txt
FFAI	Faraday Future Intelligent Electric Inc	analyst_targets_F.txt
FRMM	Forum Markets Inc	analyst_targets_F.txt
FUSN.CVR	Fusion Pharmaceuticals Inc CVR Payment (Acquired)	analyst_targets_F.txt
A4Y0.DE	Accentro Real Estate AG	analyst_targets_FRANKFURT_A.txt
AMM.DE	Grounds Real Estate Development AG	analyst_targets_FRANKFURT_A.txt
AUS.DE	AT & S Austria Technologie & Systemtechnik AG	analyst_targets_FRANKFURT_A.txt
C3R.DE	Cherry SE	analyst_targets_FRANKFURT_C.txt
DFV.DE	DFV Deutsche Familienversicherung AG	analyst_targets_FRANKFURT_D.txt
MDG1.DE	Medigene AG	analyst_targets_FRANKFURT_M.txt
VROS.DE	Verianos Se	analyst_targets_FRANKFURT_V.txt
WDI.DE	Wirecard	analyst_targets_FRANKFURT_W.txt
GDHG	Golden Heaven Group Holdings	analyst_targets_G.txt
HLVX US CVR	HLVX US merger CVR	analyst_targets_H.txt
HOLX.CVR	HOLX Merger CVR	analyst_targets_H.txt
HOLO	Microcloud Hologram	analyst_targets_H.txt
HYZN	Hyzon Motors Inc.	analyst_targets_H.txt
EASOR.HE	Easor Oyj	analyst_targets_HELSINKI.txt
LASTIK.HE	Luotea Oyj	analyst_targets_HELSINKI.txt
00981.HK	Semiconductor Manufacturing International Corporation	analyst_targets_HONGKONG_HK1.txt
03333.HK	China Evergrande Group	analyst_targets_HONGKONG_HK2.txt
0728.HK	China Telecom	analyst_targets_HONGKONG_HK2.txt
0762.HK	China Unicom HK	analyst_targets_HONGKONG_HK2.txt
0883.HK	Cnooc	analyst_targets_HONGKONG_HK2.txt
0941.HK	China Mobile	analyst_targets_HONGKONG_HK2.txt
1186.HK	China Railway Construction	analyst_targets_HONGKONG_HK3.txt
1800.HK	China Communications Construction	analyst_targets_HONGKONG_HK3.txt
7489.HK	VOYAH Automobile Technology Co Ltd	analyst_targets_HONGKONG_HK6.txt
9658.HK	Super Hi International Holding Ltd	analyst_targets_HONGKONG_HK6.txt
INBX	Inhibrx Biosciences Inc	analyst_targets_I.txt
INBX.CVR	Inhibrx Biosciences Inc CVR	analyst_targets_I.txt
INHD	Inno Holdings Inc	analyst_targets_I.txt
JAGX	Jaguar Health Inc	analyst_targets_J.txt
JAGX.PFD	Jaguar Health/PFD Contra Stock	analyst_targets_J.txt
KUST	Kustom Entertainment Inc	analyst_targets_K.txt
LILAP	Liberty Latin American preferred stock	analyst_targets_L.txt
ATADL.L	Tatneft OAO-ADR	analyst_targets_LONDON.txt
CAN.L	Canal+ France	analyst_targets_LONDON.txt
EVR.L	Evraz PLC	analyst_targets_LONDON.txt
HEIQ.L	Heiq Plc	analyst_targets_LONDON.txt
IPF.L	International Personal Finance Plc	analyst_targets_LONDON.txt
LKOD.L	Lukoil OAO-ADR	analyst_targets_LONDON.txt
MNODL.L	MMC Norilsk Nickel OJSC-ADR	analyst_targets_LONDON.txt
NVTKL.L	NOVATEK OAO	analyst_targets_LONDON.txt
OGZDL.L	Gazprom OAO-ADR	analyst_targets_LONDON.txt
PFC.L	Petrofac	analyst_targets_LONDON.txt
ROSNL.L	Rosneft OAO	analyst_targets_LONDON.txt
SBER.MOEX	Sberbank Moscow	analyst_targets_LONDON.txt
SGGD.L	Surgutneftegas OAO-ADR	analyst_targets_LONDON.txt
SVSTL.L	Severstal PAO	analyst_targets_LONDON.txt
TET.L	Treatt Plc	analyst_targets_LONDON.txt
AGFX.L	Argentex Group Plc	analyst_targets_LONDONAIM.txt
ANIC.L	Agronomics Limited	analyst_targets_LONDONAIM.txt
APTA.L	Aptamer Group Plc	analyst_targets_LONDONAIM.txt
ARB.L	Argo Blockchain Plc	analyst_targets_LONDONAIM.txt
EXR.L	Engage Xr Holdings Plc	analyst_targets_LONDONAIM.txt
FOG.L	Falcon Oil & Gas Ltd.	analyst_targets_LONDONAIM.txt
GFIN.L	Gfinity Plc	analyst_targets_LONDONAIM.txt
INDI.L	Indus Gas Ld	analyst_targets_LONDONAIM.txt
NOG.L	Nostrum Oil & Gas PLC	analyst_targets_LONDONAIM.txt
OPG.L	Opg Power Ventures Plc	analyst_targets_LONDONAIM.txt
TRU.L	Trufin Plc	analyst_targets_LONDONAIM.txt
TRX.L	Tissue Regenix Group Plc	analyst_targets_LONDONAIM.txt
MBGL	Mobility Global Inc -W	analyst_targets_M1.txt
MENS	Jyong Biotech Ltd	analyst_targets_M1.txt
MFP	Midera Food Processing Inc	analyst_targets_M1.txt
MLGO	Microalgo Inc	analyst_targets_M2.txt
MRSN CVR	MRSN Merger CVR	analyst_targets_M2.txt
APPS.MC	Applus Services SA	analyst_targets_MADRID.txt
IMC.MC	Inmocemento	analyst_targets_MADRID.txt
NAAS	NaaS Technology Inc	analyst_targets_N.txt
NBEVQ	New Age Inc	analyst_targets_N.txt
NSTGQ CVR-Escrow	NSTGQ CVR-Escrow	analyst_targets_N.txt
NUWE	Nuwellis Inc	analyst_targets_N.txt
AAPL.24-7	Apple 24/7	analyst_targets_NYSE_A.txt
ADIG	ADI Global Distribution Inc	analyst_targets_NYSE_A.txt
AMZN.24-7	Amazon 24/7	analyst_targets_NYSE_A.txt
AZUL	Azul SA-SPDN ADR	analyst_targets_NYSE_A.txt
BPMC CVR	Sanofi and BPMC Acquisition CVR	analyst_targets_NYSE_B.txt
CVR.THS	TreeHouse Foods CVR	analyst_targets_NYSE_C2.txt
EVVAQ	Enviva Inc	analyst_targets_NYSE_E.txt
FDXF	FEDEX FREIGHT HOLDING CO	analyst_targets_NYSE_F.txt
FSRNQ	Fisker Inc	analyst_targets_NYSE_F.txt
GME.WS	GameStop Corp. warrant	analyst_targets_NYSE_G.txt
GOOG.24-7	Google 24/7	analyst_targets_NYSE_G.txt
GRCL.CVR	Gracell Biotechnologies Inc. CVR	analyst_targets_NYSE_G.txt
IGMS CVR	IGMS CVR delisting	analyst_targets_NYSE_I.txt
LLFLQ	Ll Flooring Holdings Inc	analyst_targets_NYSE_L.txt
META.24-7	Meta 24/7	analyst_targets_NYSE_M1.txt
MRTX.CVR	Mirati Therapeutics Inc Merger CVR	analyst_targets_NYSE_M2.txt
MSFT.24-7	Microsoft 24/7	analyst_targets_NYSE_M2.txt
NSTB	Northern Star Investment Corp. II	analyst_targets_NYSE_N.txt
NVDA.24-7	Nvidia 24/7	analyst_targets_NYSE_N.txt
OZ	Belpointe Prep Llc	analyst_targets_NYSE_O.txt
SBDS	Solo Brands Inc	analyst_targets_NYSE_S1.txt
SONN CVR	SONN CVR Megrer	analyst_targets_NYSE_S2.txt
SURF.CVR	SURF Merger with CHRS CVR	analyst_targets_NYSE_S2.txt
TWO	Two Harbors Investment Corp	analyst_targets_NYSE_T2.txt
UAVS	AgEagle Aerial Systems Inc	analyst_targets_NYSE_U.txt
VGNT	Versigent Ltd	analyst_targets_NYSE_V.txt
VLGDF	Valor Gold Corp	analyst_targets_NYSE_V.txt
ZIMMER-CVR	FNA US merger/Zimmer holdings CVR	analyst_targets_NYSE_Z.txt
ZYNE.CVR	Zynerba Pharmaceuticals, Inc. CVR	analyst_targets_NYSE_Z.txt
OPENL	Warrant of Opendoor Technologies Inc	analyst_targets_O.txt
OPENW	Warrant of Opendoor Technologies Inc	analyst_targets_O.txt
OPENZ	Warrant of Opendoor Technologies Inc	analyst_targets_O.txt
OZON	Ozon Holdings PLC	analyst_targets_O.txt
CAVEN.OL	Cavendish Hydrogen ASA	analyst_targets_OSLO_C.txt
KMAR.OL	Kongsberg Maritime AS	analyst_targets_OSLO_K.txt
PCIB.OL	PCI Biotech Holding ASA	analyst_targets_OSLO_P.txt
PRYME.OL	Pryme NV	analyst_targets_OSLO_P.txt
PUBLI.OL	PPI Public Property Invest AB	analyst_targets_OSLO_P.txt
TIETO.OL	Tietoevry Oyj	analyst_targets_OSLO_T.txt
ABBNY	ABB Ltd - ADR	analyst_targets_OTC.txt
AMLIF	American Lithium Corp	analyst_targets_OTC.txt
ARVLF	Arrival	analyst_targets_OTC.txt
ASAIY	Sendas Distribuidora SA	analyst_targets_OTC.txt
ATHXQ	Athersys Inc	analyst_targets_OTC.txt
ATROB	Astronics Corp	analyst_targets_OTC.txt
AXICY	Axia Energia-ADR	analyst_targets_OTC.txt
BIGGQ	Big Lots Inc	analyst_targets_OTC.txt
CAJPY	Canon Inc - ADR	analyst_targets_OTC.txt
CNDA	Concord Acquisition Corp II	analyst_targets_OTC.txt
CNTM	ConnectM Technology Solutions Inc	analyst_targets_OTC.txt
DIDIY	DIDI Global Inc.	analyst_targets_OTC.txt
DMKPQ	DMK Pharmaceuticals Corp	analyst_targets_OTC.txt
DMNIF	Damon Inc	analyst_targets_OTC.txt
EGRX	Eagle Pharmaceuticals Inc	analyst_targets_OTC.txt
EVCO	Everest Consolidator Acquisition Corporation	analyst_targets_OTC.txt
EVFM	Evofem Biosciences Inc	analyst_targets_OTC.txt
FRCB	First Republic Bank/CA	analyst_targets_OTC.txt
FTCHQ	Farfetch	analyst_targets_OTC.txt
GDST	Goldenstone Acquisition Ltd	analyst_targets_OTC.txt
GLFE	Golf Entertainment Group Inc	analyst_targets_OTC.txt
GOEVQ	Canoo Inc.	analyst_targets_OTC.txt
HTGMQ	HTG Molecular Diagnostics Inc	analyst_targets_OTC.txt
HTZWW	Hertz Global Holdings Inc. Wt	analyst_targets_OTC.txt
IDEXQ	Ideanomics Inc	analyst_targets_OTC.txt
IVCBF	Investcorp Europe Acquisi-A	analyst_targets_OTC.txt
JTKWY	Just Eat Takeaway.com NV-ADR	analyst_targets_OTC.txt
LEVGQ	Lion Electric Co/The	analyst_targets_OTC.txt
LILMF	Lilium Nv	analyst_targets_OTC.txt
LOGC	Contextlogic Holdings Inc	analyst_targets_OTC.txt
LUNA.US	Luna Innovations Inc	analyst_targets_OTC.txt
LUXHQ	Luxurban Hotels Inc	analyst_targets_OTC.txt
MARK	Remark Holdings Inc	analyst_targets_OTC.txt
MBRFY	MARFRIG GLOBAL FOOD-SPON ADR	analyst_targets_OTC.txt
MDRX	Veradigm Inc	analyst_targets_OTC.txt
MFLTY	MissFresh Ltd. ADR	analyst_targets_OTC.txt
MOND	Mondee Holdings Inc	analyst_targets_OTC.txt
MTBLY	Moatable Inc-ADR	analyst_targets_OTC.txt
MTPLF	Metaplanet Inc	analyst_targets_OTC.txt
NKGN	Nkgen Biotech Inc	analyst_targets_OTC.txt
ORANY	Orange S.A.-ADR	analyst_targets_OTC.txt
PITEF	Heramba Electric Plc	analyst_targets_OTC.txt
QTTOY	Qutoutiao Inc.-ADR	analyst_targets_OTC.txt
SBNY	Signature Bank	analyst_targets_OTC.txt
SCPX	Scorpius Holdings Inc	analyst_targets_OTC.txt
SDCCQ	SmileDirectClub Inc	analyst_targets_OTC.txt
SDZNY	Sandoz Group AG-ADR	analyst_targets_OTC.txt
SFGYY	Sony Financial Group Inc	analyst_targets_OTC.txt
SICP	SilverGate Capital	analyst_targets_OTC.txt
SLAMF	Slam Corp	analyst_targets_OTC.txt
SLNAF	Selina Hospitality PLC	analyst_targets_OTC.txt
SMNR	Semnur Pharmaceuticals Inc	analyst_targets_OTC.txt
SNFI	Stark Novus Financial Inc	analyst_targets_OTC.txt
SRNE	Sorrento Therapeutics Inc	analyst_targets_OTC.txt
SUNWQ	Sunworks Inc	analyst_targets_OTC.txt
SYRS	Syros Pharmaceuticals Inc	analyst_targets_OTC.txt
TBLT	Toughbuilt Industries Inc	analyst_targets_OTC.txt
TRVN	Trevena Inc	analyst_targets_OTC.txt
TSPH	TuSimple Holdings Inc	analyst_targets_OTC.txt
VISL	Vislink Technologies Inc	analyst_targets_OTC.txt
WCPRF	Whitecap Resources Inc	analyst_targets_OTC.txt
XELA	Exela Technologies Inc	analyst_targets_OTC.txt
ZOMDF	Zomedica Corp	analyst_targets_OTC.txt
ZPTA	Zapata Quantum Inc	analyst_targets_OTC.txt
PSTX.CVR	Poseida Therapeutics Inc Merger CVR	analyst_targets_P2.txt
ALAGR.PA	Agrogeneration SA	analyst_targets_PARIS_A1.txt
ALHG.PA	Louis Hachette Group	analyst_targets_PARIS_A2.txt
ALMCP.PA	Mcphy Energy SA	analyst_targets_PARIS_A2.txt
ALNEV.PA	Neovacs SA	analyst_targets_PARIS_A2.txt
ALTD.PA	Tonner Drones SA	analyst_targets_PARIS_A3.txt
LTA.PA	Altamir SCA	analyst_targets_PARIS_L.txt
NOKIA.PA	Nokia Oyj	analyst_targets_PARIS_N.txt
QIWI	Qiwi Plc-ADR	analyst_targets_Q.txt
RBNE	Robin Energy Ltd	analyst_targets_R.txt
RENEF	Cartesian Growth Corp Ii- A	analyst_targets_R.txt
RHLD	Resolute Holdings Management Inc	analyst_targets_R.txt
RNA	Atrium Therapeutics Inc	analyst_targets_R.txt
RPTX.CVR	RPTX Merger CVR	analyst_targets_R.txt
SAGE CVR	Sage CVR delisting	analyst_targets_S1.txt
SCLX	Scilex Holding Company	analyst_targets_S1.txt
SCPH CVR	SCPH CVR Merger	analyst_targets_S1.txt
SFTGQ	Shift Technologies Inc Class A	analyst_targets_S1.txt
SOLS	Solstice Advanced Materi	analyst_targets_S2.txt
COFFEEB.ST	Coffee Stain Group AB	analyst_targets_STOCKHOLM_C.txt
OCTVSD-B.ST	Octave Intelligence Plc	analyst_targets_STOCKHOLM_O.txt
ALU.ASX	Alurion Resources Ltd	analyst_targets_SYDNEY_A.txt
BVR.ASX	Bellavista Resources Ltd	analyst_targets_SYDNEY_B.txt
LKE.ASX	Lake Resources NL	analyst_targets_SYDNEY_L.txt
NSR.ASX	National Storage REIT	analyst_targets_SYDNEY_N.txt
WJL.ASX	Webjet Group Limited	analyst_targets_SYDNEY_W.txt
TECX.CVR	Tectonic Therapeutic Inc Merger CVR	analyst_targets_T.txt
THRD	Third Harmonic Bio Inc	analyst_targets_T.txt
TKVA	Salspera Inc	analyst_targets_T.txt
TRAX	First Tracks Biotherapeutics Inc	analyst_targets_T.txt
TSLA.24-7	Tesla 24/7	analyst_targets_T.txt
USEA	United Maritime Corp	analyst_targets_U.txt
VERV US CVR	VERV US merger CVR	analyst_targets_V.txt
VSNT	VERSANT MEDIA GROUP INC	analyst_targets_V.txt
WBA US CVR	WBA US merger CVR	analyst_targets_W.txt
WIMI	WIMI Hologram Cloud In	analyst_targets_W.txt
WKHS	Workhorse Group Inc	analyst_targets_W.txt
XELAP	Exela Technologies Pref	analyst_targets_X.txt
XOMA.CVR	XOMA Merger CVR	analyst_targets_X.txt
XRXDW	Xerox Holdings Corp Warrant	analyst_targets_X.txt
XTIA	XTI Aerospace Inc	analyst_targets_X.txt
XXII	22nd Century Group Inc.	analyst_targets_X.txt
