1800.HK	1.2	up	2026-09-29	2026-09-30
4BB.L	1.3	up	2026-09-29	2026-09-30
8035.T	-1.2	down	2026-09-29	2026-09-30
ALATI.PA	1.1	up	2026-09-29	2026-09-30
ALDEL.PA	1.1	up	2026-09-29	2026-09-30
CCI	-1.1	down	2026-09-29	2026-09-30
CNA	-2.1	down	2026-09-29	2026-09-30
CNX	-1.3	down	2026-09-29	2026-09-30
CON.US	1.8	up	2026-09-29	2026-09-30
CRC	-1.7	down	2026-09-29	2026-09-30
DCO	1.1	up	2026-09-29	2026-09-30
DKUPL.PA	-1.6	down	2026-09-29	2026-09-30
DNN	2.0	up	2026-09-29	2026-09-30
ECG	1.5	up	2026-09-29	2026-09-30
TWO	1.4	up	2026-09-29	2026-09-30
