A2M.ASX	The a2 Milk Company Limited	7.03			2.65%
ABB.ASX	Aussie Broadband Ltd	4.70			1.04%
AD8.ASX	Audinate Group Ltd	2.66			0%
AGL.ASX	AGL Energy Limited	8.54			8.67%
AIA.ASX	Auckland International Airport Limited	7.19			1.90%
ALD.ASX	Ampol Limited	41.77			2.33%
ALL.ASX	Aristocrat Leisure Limited	61.70			1.62%
ALQ.ASX	ALS Limited	22.41			1.88%
ALU.ASX	Alurion Resources Ltd	0.68			0%
ALX.ASX	Atlas Arteria Limited	4.81			0%
AMC.ASX	Amcor plc	67.18			5.84%
AMP.ASX	AMP Limited	2.41			2.13%
ANN.ASX	Ansell Limited	41.16			2.03%
ANZ.ASX	ANZ Group Holdings Limited	37.11			4.49%
AOV.ASX	Amotiv Ltd	6.48			10.22%
APA.ASX	APA Group	10.68			0%
APE.ASX	Eagers Automotive Limited	22.47			3.16%
ARB.ASX	ARB Corporation Limited	21.25			3.36%
ARF.ASX	Arena REIT	2.46			8.09%
ASX.ASX	ASX Limited	56.82			3.72%
AUB.ASX	AUB Group Limited	30.12			3.12%
AX1.ASX	Accent Group Ltd	0.73			8.28%
AZJ.ASX	Aurizon Holdings Limited	3.74			5.08%
BAP.ASX	Bapcor Limited	0.47			12.09%
BEN.ASX	Bendigo and Adelaide Bank Limited	10.90			5.97%
BGA.ASX	Bega Cheese Limited	6.29			3.31%
BGL.ASX	Bellevue Gold Limited	1.71			0%
BHP.ASX	BHP Group Limited	67.45			2.90%
BMN.ASX	Bannerman Energy Ltd	4.31			0%
BOE.ASX	Boss Energy Ltd	1.76			0%
BOQ.ASX	Bank of Queensland Limited	6.43			6.12%
BPT.ASX	Beach Energy Limited	0.89			8.05%
BRG.ASX	Breville Group Limited	32.88			1.13%
BRN.ASX	BrainChip Holdings Ltd	0.14			0%
BSL.ASX	BlueScope Steel Limited	30.96			3.06%
BVR.ASX	Bellavista Resources Ltd	0.39			0%
BWP.ASX	BWP Property Group	3.72			0%
BXB.ASX	Brambles Limited	19.40			3.30%
CAR.ASX	carsales.com Ltd	29.04			2.87%
CBA.ASX	Commonwealth Bank of Australia	156.89			3.25%
CCP.ASX	Credit Corp Group Limited	14.12			4.76%
CDA.ASX	Codan Ltd	49.82			0.72%
CGF.ASX	Challenger Limited	9.63			4.82%
CHC.ASX	Charter Hall Group	20.61			2.46%
CHN.ASX	Chalice Mining Limited	1.44			0%
CIA.ASX	Champion Iron Limited	3.57			3.64%
CIP.ASX	Centuria Industrial REIT	2.95			5.73%
CKF.ASX	Collins Foods Limited	8.24			3.38%
CLW.ASX	Charter Hall Long WALE REIT	3.56			7.22%
CMM.ASX	Capricorn Metals Ltd	17.79			0.28%
CMW.ASX	Cromwell Property Group	0.41			7.32%
CNU.ASX	Chorus Limited	7.40			6.85%
COH.ASX	Cochlear Limited	137.48			3.12%
COL.ASX	Coles Group Limited	23.66			3.04%
CPU.ASX	Computershare Limited	39.29			3.06%
CQE.ASX	Charter Hall Social Infrastructure REIT	2.43			7.05%
CQR.ASX	Charter Hall Retail REIT	3.97			6.42%
CRN.ASX	Coronado Global Resources Inc	0.18			0%
CSL.ASX	CSL Limited	174.33			2.47%
CTD.ASX	Corporate Travel Management Limited	16.06			0%
CTT.ASX	Cettire Ltd	0.23			0%
CWY.ASX	Cleanaway Waste Management Limited	2.58			2.57%
CXO.ASX	Core Lithium Ltd	0.38			0%
DDR.ASX	Dicker Data Ltd	12.85			3.53%
DMP.ASX	Dominos Pizza Enterprises Limited	20.02			2.47%
DNL.ASX	Dyno Nobel Ltd	3.80			3.73%
DOW.ASX	Downer EDI Limited	6.73			4.02%
DRO.ASX	DroneShield Ltd	1.95			0%
DRR.ASX	Deterra Royalties Limited	4.27			8.58%
DTL.ASX	Data3 Limited	11.73			2.57%
DVP.ASX	Develop Global Ltd	5.27			0%
DXS.ASX	Dexus	5.90			6.36%
EDV.ASX	Endeavour Group Limited	3.10			5.59%
ELD.ASX	Elders Limited	5.94			6.14%
ELV.ASX	Elevra Lithium Ltd	9.08			0%
EMR.ASX	Emerald Resources Nl	7.24			0%
EVN.ASX	Evolution Mining Limited	15.88			2.08%
EVT.ASX	EVT Limited	15.41			2.60%
FBU.ASX	Fletcher Building Limited	3.26			0%
FLT.ASX	Flight Centre Travel Group Limited	12.95			3.42%
FMG.ASX	Fortescue Metals Group Limited	17.75			6.95%
FPH.ASX	Fisher & Paykel Healthcare Corporation Limited	37.36			1.38%
GMD.ASX	Genesis Minerals Ltd	8.61			0%
GMG.ASX	Goodman Group	27.86			1.06%
GNC.ASX	GrainCorp Limited	5.91			4.83%
GOZ.ASX	Growthpoint Properties Australia	2.10			8.80%
GPT.ASX	GPT Group	4.69			5.16%
HDN.ASX	HomeCo Daily Needs REIT	1.14			7.68%
HLI.ASX	Helia Group Ltd	5.19			8.68%
HLS.ASX	Healius Limited	0.42			0%
HMC.ASX	HMC Capital Limited	2.93			3.68%
HUB.ASX	HUB24 Limited	78.39			0.87%
HVN.ASX	Harvey Norman Holdings Limited	4.63			6.30%
IAG.ASX	Insurance Australia Group Limited	7.89			4.12%
IDX.ASX	Integral Diagnostics Ltd	2.39			3.13%
IEL.ASX	IDP Education Limited	1.79			4.47%
IGO.ASX	IGO Limited	8.34			0%
ILU.ASX	Iluka Resources Limited	7.20			0.70%
IMD.ASX	Imdex Ltd	3.60			0.75%
IMU.ASX	Imugene Ltd	0.07			0%
INA.ASX	Ingenia Communities Group	4.28			2.31%
ING.ASX	Inghams Group Limited	2.03			6.00%
IPH.ASX	IPH Limited	3.69			10.64%
IRE.ASX	Iress Limited	6.23			2.12%
JBH.ASX	JB Hi-Fi Limited	69.87			3.04%
JHX.ASX	James Hardie Industries plc	42.43			0%
JIN.ASX	Jumbo Interactive Ltd	7.65			5.51%
KAR.ASX	Karoon Energy Ltd	1.77			3.18%
KGN.ASX	Kogan.Com Ltd	3.82			4.04%
KLS.ASX	Kelsian Group Limited	4.78			3.85%
LIC.ASX	Lifestyle Communities Limited	5.72			0%
LKE.ASX	Lake Resources NL	0.05			0%
LLC.ASX	Lendlease Group	2.92			0%
LOV.ASX	Lovisa Holdings Limited	24.58			2.90%
LTR.ASX	Liontown Ltd	1.21			0%
LYC.ASX	Lynas Rare Earths Limited	16.47			0%
MAQ.ASX	Macquarie Technology Group L	59.34			0%
MFG.ASX	Magellan Financial Group Limited	10.83			3.57%
MGR.ASX	Mirvac Group	1.87			5.14%
MIN.ASX	Mineral Resources Limited	66.85			0%
MMS.ASX	Mcmillan Shakespeare Ltd	20.34			6.62%
MND.ASX	Monadelphous Group Limited	28.60			3.05%
MP1.ASX	Megaport Limited	17.47			0%
MPL.ASX	Medibank Private Limited	4.82			3.86%
MQG.ASX	Macquarie Group Limited	252.78			2.77%
MTS.ASX	Metcash Limited	2.98			5.96%
MYR.ASX	Myer Holdings Limited	0.21			7.14%
NAB.ASX	National Australia Bank Limited	38.34			4.44%
NAN.ASX	Nanosonics Limited	3.03			0%
NCK.ASX	Nick Scali Ltd	15.28			4.74%
NEC.ASX	Nine Entertainment Co. Holdings Limited	0.96			8.13%
NEU.ASX	Neuren Pharmaceuticals Ltd	22.56			0%
NHC.ASX	New Hope Corporation Limited	5.86			4.27%
NHF.ASX	nib holdings limited	6.81			4.23%
NIC.ASX	Nickel Industries Limited	0.88			0%
NSR.ASX	National Storage REIT	2.79			4.16%
NST.ASX	Northern Star Resources Limited	24.47			2.28%
NUF.ASX	Nufarm Limited	3.06			0%
NVX.ASX	Novonix Limited	0.14			0%
NWH.ASX	NRW Holdings Limited	7.83			2.31%
NWL.ASX	Netwealth Group Limited	22.29			1.89%
NWS.ASX	News Corporation	48.99			0.61%
NXT.ASX	NEXTDC Limited	13.60			0%
ORA.ASX	Orora Limited	1.50			6.76%
ORG.ASX	Origin Energy Limited	11.85			5.04%
ORI.ASX	Orica Limited	22.32			2.71%
PDN.ASX	Paladin Energy Ltd	11.98			0%
PLS.ASX	PLS Group Ltd	5.12			0%
PME.ASX	Pro Medicus Limited	191.29			0.34%
PMV.ASX	Premier Investments Limited	11.81			8.06%
PNI.ASX	Pinnacle Investment Management Group Limited	18.10			3.13%
PNV.ASX	PolyNovo Limited	1.06			0%
PPT.ASX	Perpetual Limited	19.62			5.77%
PRU.ASX	Perseus Mining Limited	6.21			1.49%
PWH.ASX	Pwr Holdings Ltd	11.85			0.42%
PXA.ASX	PEXA Group Limited	8.04			0%
QAN.ASX	Qantas Airways Limited	9.28			3.94%
QBE.ASX	QBE Insurance Group Limited	22.22			5.09%
RDX.ASX	Redox Ltd/Australia	3.46			5.62%
REA.ASX	REA Group Limited	178.17			1.48%
REH.ASX	Reece Limited	16.47			1.03%
RGN.ASX	Region Group	2.25			6.27%
RHC.ASX	Ramsay Health Care Limited	44.31			1.87%
RIC.ASX	Ridley Corp Ltd	2.66			3.90%
RIO.ASX	Rio Tinto Group	179.01			3.73%
RMD.ASX	ResMed Inc	32.53			1.09%
RMS.ASX	Ramelius Resources Ltd	3.98			1.98%
RRL.ASX	Regis Resources Limited	8.54			2.32%
RWC.ASX	Reliance Worldwide Corporation Limited	4.17			1.60%
S32.ASX	South32 Limited	5.11			1.84%
SCG.ASX	Scentre Group	3.59			5.01%
SDF.ASX	Steadfast Group Limited	5.82			3.41%
SDR.ASX	Siteminder Ltd	3.38			0%
SEK.ASX	SEEK Limited	14.47			3.31%
SFR.ASX	Sandfire Resources Limited	22.86			0%
SGH.ASX	SGH Ltd	40.39			1.60%
SGM.ASX	Sims Limited	24.37			1.11%
SGP.ASX	Stockland	4.65			5.49%
SGR.ASX	The Star Entertainment Group Limited	0.13			0%
SHL.ASX	Sonic Healthcare Limited	20.69			5.38%
SIG.ASX	Sigma Healthcare Ltd	2.85			0%
SIQ.ASX	Smartgroup Corp Ltd	12.66			3.14%
SLX.ASX	Silex Systems Ltd	5.65			0%
SMR.ASX	Stanmore Resources Ltd	2.58			4.94%
SOL.ASX	Washington H. Soul Pattinson and Company Limited	45.03			1.08%
SPK.ASX	Spark New Zealand Limited	1.81			10.92%
STO.ASX	Santos Limited	8.17			6.35%
SUL.ASX	Super Retail Group Limited	13.25			5.07%
SUN.ASX	Suncorp Group Limited	19.17			3.58%
SYR.ASX	Syrah Resources Limited	0.10			0%
TAH.ASX	Tabcorp Holdings Limited	0.90			2.75%
TCL.ASX	Transurban Group	13.99			0%
TLC.ASX	The Lottery Corporation Limited	5.16			4.87%
TLS.ASX	Telstra Group Ltd	4.70			6.66%
TLX.ASX	Telix Pharmaceuticals Limited	16.17			0%
TNE.ASX	Technology One Limited	33.11			0.86%
TPG.ASX	TPG Telecom Limited	3.84			4.65%
TPW.ASX	Temple & Webster Group Ltd	4.94			0%
TWE.ASX	Treasury Wine Estates Limited	5.68			3.52%
VAU.ASX	Vault Minerals Ltd	6.97			0%
VCX.ASX	Vicinity Centres	2.52			4.92%
VEA.ASX	Viva Energy Group Limited	2.77			2.36%
VNT.ASX	Ventia Services Group Pty Lt	5.92			4.11%
VUL.ASX	Vulcan Energy Resources Ltd	2.75			0%
WA1.ASX	Wa1 Resources Ltd	12.11			0%
WAF.ASX	West African Resources Limited	3.83			0%
WBC.ASX	Westpac Banking Corporation	33.97			4.55%
WBT.ASX	Weebit Nano Ltd	4.05			0%
WDS.ASX	Woodside Energy Group Ltd	33.14			5.18%
WEB.ASX	Webjet Limited	3.71			0%
WES.ASX	Wesfarmers Limited	82.66			2.55%
WGX.ASX	Westgold Resources Ltd	6.53			0.44%
WHC.ASX	Whitehaven Coal Limited	8.18			1.24%
WJL.ASX	Webjet Group Limited	0.40			10.13%
WOR.ASX	Worley Limited	11.14			5.05%
WOW.ASX	Woolworths Group Limited	38.70			2.24%
WPR.ASX	Waypoint REIT	2.42			7.01%
WTC.ASX	WiseTech Global Limited	45.47			0.52%
XRO.ASX	Xero Limited	88.90			0%
XYZ.ASX	Block Inc	114.49			0%
YAL.ASX	Yancoal Australia Ltd	5.91			3.11%
